{
"type": "FeatureCollection",
"name": "police_beats_web",
"crs": { "type": "name", "properties": { "name": "urn:ogc:def:crs:OGC:1.3:CRS84" } },
"features": [
{ "type": "Feature", "properties": { "police_beat": 1 }, "geometry": { "type": "MultiPolygon", "coordinates": [ [ [ [ -117.18687, 32.71113 ], [ -117.18943, 32.70623 ], [ -117.18075, 32.7036 ], [ -117.18081, 32.70297 ], [ -117.18007, 32.70244 ], [ -117.1726, 32.7004 ], [ -117.1666, 32.69801 ], [ -117.1638, 32.69359 ], [ -117.16379, 32.69222 ], [ -117.1624, 32.69255 ], [ -117.15571, 32.68742 ], [ -117.15832, 32.68657 ], [ -117.16115, 32.68683 ], [ -117.16422, 32.68861 ], [ -117.16672, 32.69102 ], [ -117.16719, 32.69128 ], [ -117.16787, 32.69058 ], [ -117.16872, 32.69152 ], [ -117.16904, 32.69142 ], [ -117.16952, 32.69044 ], [ -117.1695, 32.68866 ], [ -117.1892, 32.69693 ], [ -117.19174, 32.69283 ], [ -117.19262, 32.68885 ], [ -117.19364, 32.68666 ], [ -117.20001, 32.68769 ], [ -117.20013, 32.68683 ], [ -117.20312, 32.6871 ], [ -117.20586, 32.68876 ], [ -117.20832, 32.68888 ], [ -117.20873, 32.68949 ], [ -117.21185, 32.69042 ], [ -117.21356, 32.6895 ], [ -117.21968, 32.68781 ], [ -117.2213, 32.68689 ], [ -117.22502, 32.68689 ], [ -117.22559, 32.68716 ], [ -117.22569, 32.68791 ], [ -117.22669, 32.68903 ], [ -117.22723, 32.69334 ], [ -117.22704, 32.69494 ], [ -117.22278, 32.69698 ], [ -117.22144, 32.69795 ], [ -117.22047, 32.69917 ], [ -117.21979, 32.70101 ], [ -117.21863, 32.70286 ], [ -117.21745, 32.70411 ], [ -117.20602, 32.71033 ], [ -117.20376, 32.71195 ], [ -117.19915, 32.71409 ], [ -117.19673, 32.71456 ], [ -117.1944, 32.71451 ], [ -117.19001, 32.71272 ], [ -117.18969, 32.71285 ], [ -117.19009, 32.71315 ], [ -117.18995, 32.71331 ], [ -117.18687, 32.71113 ] ] ], [ [ [ -117.01667, 32.75869 ], [ -117.01618, 32.75662 ], [ -117.01216, 32.75381 ], [ -117.01221, 32.75317 ], [ -117.01835, 32.7482 ], [ -117.02192, 32.74704 ], [ -117.02307, 32.74738 ], [ -117.027, 32.74732 ], [ -117.02851, 32.74767 ], [ -117.03175, 32.74654 ], [ -117.0334, 32.74615 ], [ -117.03405, 32.74629 ], [ -117.03445, 32.74577 ], [ -117.03586, 32.74578 ], [ -117.03817, 32.74513 ], [ -117.04178, 32.74516 ], [ -117.04259, 32.74556 ], [ -117.04268, 32.74617 ], [ -117.04299, 32.74617 ], [ -117.0434, 32.74537 ], [ -117.04682, 32.74499 ], [ -117.04928, 32.74358 ], [ -117.04913, 32.75566 ], [ -117.05348, 32.75577 ], [ -117.05335, 32.76327 ], [ -117.05116, 32.76325 ], [ -117.05113, 32.76601 ], [ -117.04558, 32.76601 ], [ -117.0456, 32.76756 ], [ -117.0403, 32.76766 ], [ -117.04032, 32.76883 ], [ -117.03828, 32.7688 ], [ -117.03534, 32.76804 ], [ -117.03268, 32.76849 ], [ -117.03028, 32.76837 ], [ -117.02331, 32.77017 ], [ -117.01667, 32.75869 ] ] ], [ [ [ -116.9819, 32.83023 ], [ -116.98038, 32.83033 ], [ -116.97724, 32.82962 ], [ -116.96403, 32.82961 ], [ -116.96423, 32.82736 ], [ -116.96407, 32.82767 ], [ -116.96219, 32.8275 ], [ -116.96222, 32.8244 ], [ -116.96491, 32.82433 ], [ -116.96489, 32.81873 ], [ -116.96402, 32.81897 ], [ -116.9637, 32.81677 ], [ -116.96411, 32.81677 ], [ -116.96441, 32.81491 ], [ -116.96526, 32.8149 ], [ -116.96526, 32.81376 ], [ -116.96448, 32.81304 ], [ -116.96599, 32.81259 ], [ -116.96599, 32.81232 ], [ -116.96599, 32.81107 ], [ -116.9642, 32.81107 ], [ -116.96355, 32.8111 ], [ -116.96355, 32.81201 ], [ -116.9642, 32.812 ], [ -116.96421, 32.81239 ], [ -116.96172, 32.81233 ], [ -116.96206, 32.80559 ], [ -116.96285, 32.80407 ], [ -116.96414, 32.80311 ], [ -116.9624, 32.80311 ], [ -116.96235, 32.80088 ], [ -116.97104, 32.80038 ], [ -116.97102, 32.79495 ], [ -116.96234, 32.79493 ], [ -116.9623, 32.78405 ], [ -116.96875, 32.78402 ], [ -116.96877, 32.77591 ], [ -116.96772, 32.77565 ], [ -116.96771, 32.77418 ], [ -116.96876, 32.77452 ], [ -116.96876, 32.7732 ], [ -116.97337, 32.77323 ], [ -116.97337, 32.7737 ], [ -116.97418, 32.7737 ], [ -116.97431, 32.77323 ], [ -116.97566, 32.77325 ], [ -116.97543, 32.77399 ], [ -116.97407, 32.77544 ], [ -116.97483, 32.77608 ], [ -116.97659, 32.77676 ], [ -116.97704, 32.77754 ], [ -116.9776, 32.77782 ], [ -116.97696, 32.77981 ], [ -116.97746, 32.77981 ], [ -116.9775, 32.77925 ], [ -116.97844, 32.77915 ], [ -116.9791, 32.77966 ], [ -116.98039, 32.77943 ], [ -116.98111, 32.77786 ], [ -116.98152, 32.7781 ], [ -116.98112, 32.77908 ], [ -116.98166, 32.77907 ], [ -116.98167, 32.77948 ], [ -116.98174, 32.77896 ], [ -116.98276, 32.77904 ], [ -116.98268, 32.77855 ], [ -116.98364, 32.77906 ], [ -116.9848, 32.77891 ], [ -116.98485, 32.77839 ], [ -116.98819, 32.77844 ], [ -116.98811, 32.77961 ], [ -116.99044, 32.78082 ], [ -116.98929, 32.78211 ], [ -116.98721, 32.78301 ], [ -116.98765, 32.78428 ], [ -116.98442, 32.78522 ], [ -116.98482, 32.78557 ], [ -116.9863, 32.78563 ], [ -116.98633, 32.78621 ], [ -116.98558, 32.78624 ], [ -116.98457, 32.78745 ], [ -116.98485, 32.78843 ], [ -116.98732, 32.78767 ], [ -116.98805, 32.78929 ], [ -116.9855, 32.78995 ], [ -116.98576, 32.79062 ], [ -116.98603, 32.7905 ], [ -116.98616, 32.79082 ], [ -116.98819, 32.79066 ], [ -116.98833, 32.79223 ], [ -116.98679, 32.79416 ], [ -116.98769, 32.79475 ], [ -116.9876, 32.79499 ], [ -116.98821, 32.79502 ], [ -116.98827, 32.79569 ], [ -116.9901, 32.79507 ], [ -116.99702, 32.795 ], [ -116.99703, 32.79525 ], [ -116.9987, 32.79499 ], [ -116.99921, 32.79502 ], [ -116.99928, 32.79608 ], [ -117.00101, 32.79502 ], [ -117.00245, 32.79504 ], [ -117.00244, 32.79467 ], [ -117.00346, 32.79433 ], [ -117.00416, 32.79435 ], [ -117.00445, 32.79494 ], [ -117.00602, 32.79473 ], [ -117.00595, 32.81298 ], [ -117.00677, 32.81352 ], [ -117.00648, 32.81372 ], [ -117.0049, 32.81274 ], [ -117.00258, 32.81572 ], [ -117.00245, 32.81694 ], [ -117.00187, 32.81761 ], [ -117.00189, 32.81875 ], [ -117.00255, 32.81925 ], [ -116.99967, 32.82168 ], [ -117.00082, 32.82413 ], [ -117.00083, 32.82436 ], [ -117.00021, 32.82436 ], [ -117.00019, 32.82546 ], [ -116.99961, 32.82513 ], [ -116.99646, 32.82522 ], [ -116.99597, 32.82605 ], [ -116.9966, 32.8269 ], [ -116.99866, 32.82681 ], [ -116.99866, 32.82779 ], [ -117.00057, 32.82779 ], [ -117.00057, 32.82839 ], [ -116.99929, 32.8284 ], [ -116.9993, 32.829 ], [ -116.99413, 32.829 ], [ -116.99412, 32.82734 ], [ -116.99379, 32.82728 ], [ -116.99351, 32.82627 ], [ -116.99006, 32.82628 ], [ -116.99023, 32.82838 ], [ -116.98824, 32.8284 ], [ -116.9882, 32.83077 ], [ -116.98714, 32.83097 ], [ -116.98367, 32.83069 ], [ -116.98372, 32.83032 ], [ -116.98326, 32.83025 ], [ -116.98326, 32.83055 ], [ -116.9819, 32.83023 ] ] ], [ [ [ -117.335, 33.17005 ], [ -117.3333, 33.1687 ], [ -117.33364, 33.16819 ], [ -117.33701, 33.1666 ], [ -117.3494, 33.15916 ], [ -117.34582, 33.15483 ], [ -117.34994, 33.15242 ], [ -117.35326, 33.15699 ], [ -117.35642, 33.16068 ], [ -117.3589, 33.16445 ], [ -117.35778, 33.16528 ], [ -117.35734, 33.16658 ], [ -117.35972, 33.16884 ], [ -117.35278, 33.16885 ], [ -117.35282, 33.17479 ], [ -117.35029, 33.17479 ], [ -117.34989, 33.17425 ], [ -117.34887, 33.17484 ], [ -117.34937, 33.17619 ], [ -117.34436, 33.17612 ], [ -117.3441, 33.17982 ], [ -117.34025, 33.1798 ], [ -117.3406, 33.17878 ], [ -117.34039, 33.17786 ], [ -117.33955, 33.17694 ], [ -117.33854, 33.17646 ], [ -117.33881, 33.17524 ], [ -117.3375, 33.17392 ], [ -117.33726, 33.17317 ], [ -117.335, 33.17005 ] ] ], [ [ [ -117.38935, 33.20793 ], [ -117.38859, 33.20502 ], [ -117.39159, 33.20321 ], [ -117.3933, 33.20487 ], [ -117.39444, 33.2047 ], [ -117.39588, 33.20606 ], [ -117.39777, 33.20723 ], [ -117.3993, 33.2068 ], [ -117.39954, 33.20591 ], [ -117.4024, 33.20555 ], [ -117.3976, 33.20977 ], [ -117.39839, 33.2107 ], [ -117.39556, 33.214 ], [ -117.39375, 33.21273 ], [ -117.3944, 33.21081 ], [ -117.39371, 33.21063 ], [ -117.39361, 33.20988 ], [ -117.39424, 33.20954 ], [ -117.39407, 33.20846 ], [ -117.39252, 33.20701 ], [ -117.39042, 33.20712 ], [ -117.39005, 33.20789 ], [ -117.38935, 33.20793 ] ] ] ] } },
{ "type": "Feature", "properties": { "police_beat": 2 }, "geometry": { "type": "MultiPolygon", "coordinates": [ [ [ [ -117.17989, 32.68516 ], [ -117.17894, 32.6841 ], [ -117.17875, 32.68305 ], [ -117.1797, 32.6824 ], [ -117.1805, 32.68226 ], [ -117.18186, 32.68044 ], [ -117.18776, 32.68366 ], [ -117.18982, 32.68441 ], [ -117.19535, 32.68612 ], [ -117.20013, 32.68683 ], [ -117.20001, 32.68769 ], [ -117.19364, 32.68666 ], [ -117.19262, 32.68885 ], [ -117.19174, 32.69283 ], [ -117.1892, 32.69693 ], [ -117.1765, 32.69161 ], [ -117.1799, 32.68582 ], [ -117.17989, 32.68516 ] ] ], [ [ [ -116.98747, 32.76865 ], [ -116.98793, 32.76871 ], [ -116.98775, 32.76884 ], [ -116.98806, 32.76924 ], [ -116.98844, 32.76916 ], [ -116.98854, 32.76948 ], [ -116.98953, 32.76955 ], [ -116.98955, 32.76982 ], [ -116.99062, 32.76975 ], [ -116.99068, 32.76884 ], [ -116.98994, 32.76919 ], [ -116.98911, 32.76897 ], [ -116.98961, 32.76839 ], [ -116.99009, 32.76851 ], [ -116.99027, 32.76796 ], [ -116.98921, 32.76797 ], [ -116.98943, 32.76733 ], [ -116.98876, 32.76712 ], [ -116.99007, 32.76643 ], [ -116.99039, 32.76673 ], [ -116.99129, 32.76606 ], [ -116.99105, 32.76605 ], [ -116.99104, 32.76466 ], [ -116.99147, 32.76466 ], [ -116.99147, 32.76607 ], [ -116.99261, 32.76608 ], [ -116.99243, 32.76504 ], [ -116.99203, 32.76509 ], [ -116.99203, 32.76467 ], [ -116.99261, 32.76467 ], [ -116.99261, 32.76445 ], [ -116.99477, 32.76443 ], [ -116.99563, 32.76479 ], [ -116.99564, 32.7653 ], [ -116.99601, 32.76552 ], [ -116.99573, 32.76595 ], [ -116.99743, 32.76583 ], [ -116.99742, 32.76533 ], [ -116.99872, 32.76535 ], [ -116.99872, 32.76478 ], [ -116.99919, 32.76478 ], [ -116.99918, 32.76445 ], [ -116.99839, 32.76445 ], [ -116.99838, 32.76483 ], [ -116.9979, 32.76502 ], [ -116.99775, 32.76469 ], [ -116.99735, 32.76502 ], [ -116.99698, 32.76469 ], [ -116.99743, 32.76443 ], [ -116.99681, 32.76454 ], [ -116.99599, 32.76373 ], [ -116.99634, 32.76342 ], [ -116.99575, 32.76332 ], [ -116.99568, 32.76294 ], [ -116.99527, 32.76313 ], [ -116.99483, 32.76283 ], [ -116.99455, 32.76241 ], [ -116.99499, 32.7622 ], [ -116.99591, 32.7619 ], [ -116.99698, 32.76223 ], [ -116.99695, 32.76172 ], [ -116.99834, 32.76228 ], [ -116.99837, 32.76354 ], [ -117.00014, 32.76353 ], [ -117.0007, 32.76337 ], [ -117.0007, 32.76295 ], [ -117.00135, 32.76294 ], [ -117.00239, 32.76046 ], [ -117.00065, 32.75566 ], [ -117.00134, 32.75451 ], [ -117.00142, 32.7524 ], [ -117.00344, 32.7526 ], [ -117.00364, 32.75196 ], [ -117.0061, 32.75265 ], [ -117.01017, 32.75277 ], [ -117.01019, 32.75507 ], [ -117.01108, 32.75458 ], [ -117.01221, 32.75473 ], [ -117.01216, 32.75381 ], [ -117.01594, 32.75635 ], [ -117.01642, 32.7571 ], [ -117.01668, 32.75873 ], [ -117.02315, 32.76993 ], [ -117.02401, 32.7711 ], [ -117.02693, 32.77219 ], [ -117.02734, 32.77396 ], [ -117.02027, 32.7762 ], [ -117.01814, 32.77758 ], [ -117.01721, 32.77666 ], [ -117.01224, 32.77583 ], [ -117.01118, 32.77521 ], [ -117.00432, 32.77744 ], [ -117.00143, 32.77884 ], [ -116.99983, 32.77926 ], [ -116.98814, 32.77912 ], [ -116.98819, 32.77844 ], [ -116.98973, 32.7786 ], [ -116.98951, 32.77805 ], [ -116.99028, 32.77849 ], [ -116.99009, 32.77775 ], [ -116.99095, 32.77766 ], [ -116.99111, 32.77708 ], [ -116.99239, 32.77731 ], [ -116.99254, 32.77808 ], [ -116.9934, 32.77833 ], [ -116.99549, 32.77779 ], [ -116.9971, 32.77853 ], [ -116.99794, 32.77812 ], [ -116.99894, 32.77822 ], [ -116.99905, 32.77854 ], [ -117.00037, 32.77817 ], [ -117.00108, 32.77709 ], [ -117.00096, 32.77678 ], [ -117.0015, 32.77677 ], [ -117.00148, 32.77579 ], [ -117.00118, 32.77585 ], [ -117.00116, 32.77536 ], [ -117.00039, 32.77568 ], [ -117.00059, 32.77599 ], [ -117.00007, 32.77643 ], [ -117.00009, 32.77732 ], [ -116.99966, 32.77728 ], [ -116.99962, 32.77689 ], [ -116.99876, 32.77677 ], [ -116.99911, 32.77594 ], [ -116.99886, 32.77593 ], [ -116.99853, 32.77486 ], [ -116.99942, 32.77506 ], [ -116.99963, 32.7747 ], [ -117.00015, 32.7747 ], [ -117.00049, 32.77278 ], [ -117.00013, 32.77277 ], [ -117.00012, 32.77216 ], [ -116.99929, 32.77219 ], [ -116.99895, 32.7725 ], [ -116.99896, 32.77311 ], [ -116.99947, 32.77336 ], [ -116.99818, 32.77481 ], [ -116.99715, 32.77441 ], [ -116.99748, 32.77363 ], [ -116.99714, 32.77352 ], [ -116.99716, 32.77295 ], [ -116.99762, 32.77186 ], [ -116.99748, 32.77149 ], [ -116.99707, 32.7715 ], [ -116.99706, 32.7703 ], [ -116.99605, 32.77091 ], [ -116.99604, 32.77034 ], [ -116.99642, 32.77022 ], [ -116.99656, 32.76952 ], [ -116.99746, 32.76968 ], [ -116.99744, 32.76895 ], [ -117.00131, 32.76898 ], [ -117.00127, 32.76823 ], [ -116.99862, 32.76823 ], [ -116.9986, 32.76786 ], [ -116.99793, 32.76786 ], [ -116.99703, 32.76786 ], [ -116.99703, 32.76822 ], [ -116.99495, 32.76821 ], [ -116.99465, 32.76767 ], [ -116.99399, 32.768 ], [ -116.99427, 32.76856 ], [ -116.99382, 32.76904 ], [ -116.99334, 32.7686 ], [ -116.99215, 32.769 ], [ -116.99254, 32.76969 ], [ -116.98872, 32.77101 ], [ -116.98606, 32.77111 ], [ -116.98607, 32.77185 ], [ -116.9864, 32.77176 ], [ -116.98676, 32.77262 ], [ -116.98611, 32.77286 ], [ -116.98573, 32.77364 ], [ -116.98358, 32.77401 ], [ -116.98347, 32.77286 ], [ -116.98286, 32.7731 ], [ -116.98193, 32.77293 ], [ -116.98215, 32.77232 ], [ -116.98184, 32.77228 ], [ -116.98423, 32.77102 ], [ -116.98535, 32.77102 ], [ -116.98541, 32.77041 ], [ -116.98518, 32.77035 ], [ -116.98555, 32.76903 ], [ -116.98636, 32.7693 ], [ -116.98747, 32.76865 ] ], [ [ -116.99143, 32.7781 ], [ -116.99155, 32.77868 ], [ -116.99215, 32.77875 ], [ -116.99224, 32.77807 ], [ -116.99143, 32.7781 ] ] ], [ [ [ -116.98545, 32.76913 ], [ -116.98542, 32.76911 ], [ -116.98551, 32.76904 ], [ -116.98545, 32.76913 ] ] ], [ [ [ -116.94732, 32.82123 ], [ -116.94657, 32.82123 ], [ -116.94658, 32.82195 ], [ -116.94611, 32.82171 ], [ -116.94612, 32.82011 ], [ -116.94675, 32.82011 ], [ -116.94675, 32.81921 ], [ -116.9475, 32.81921 ], [ -116.9475, 32.81686 ], [ -116.94518, 32.81687 ], [ -116.94473, 32.81665 ], [ -116.94473, 32.8159 ], [ -116.94521, 32.8159 ], [ -116.94521, 32.81556 ], [ -116.9469, 32.8154 ], [ -116.94797, 32.8154 ], [ -116.94798, 32.81583 ], [ -116.94854, 32.81583 ], [ -116.94854, 32.81513 ], [ -116.94925, 32.81512 ], [ -116.94926, 32.80852 ], [ -116.94501, 32.80834 ], [ -116.94501, 32.80889 ], [ -116.94472, 32.80889 ], [ -116.9445, 32.80837 ], [ -116.94406, 32.80837 ], [ -116.94406, 32.80874 ], [ -116.94066, 32.80874 ], [ -116.94066, 32.80904 ], [ -116.938, 32.80874 ], [ -116.938, 32.80921 ], [ -116.93649, 32.80921 ], [ -116.93649, 32.81053 ], [ -116.93683, 32.81053 ], [ -116.93683, 32.81087 ], [ -116.93634, 32.81087 ], [ -116.93646, 32.81347 ], [ -116.93573, 32.81349 ], [ -116.93574, 32.80018 ], [ -116.93051, 32.80016 ], [ -116.935, 32.79595 ], [ -116.93744, 32.79497 ], [ -116.97102, 32.79495 ], [ -116.97104, 32.80038 ], [ -116.96235, 32.80088 ], [ -116.9624, 32.80311 ], [ -116.96414, 32.80311 ], [ -116.96285, 32.80407 ], [ -116.96206, 32.80559 ], [ -116.96172, 32.81233 ], [ -116.96162, 32.81143 ], [ -116.95938, 32.81144 ], [ -116.95938, 32.81034 ], [ -116.95907, 32.81034 ], [ -116.95908, 32.81144 ], [ -116.95867, 32.81144 ], [ -116.95867, 32.81051 ], [ -116.95821, 32.81051 ], [ -116.9582, 32.81144 ], [ -116.95771, 32.81144 ], [ -116.95772, 32.81051 ], [ -116.95419, 32.81051 ], [ -116.9542, 32.81178 ], [ -116.95345, 32.81178 ], [ -116.95344, 32.81052 ], [ -116.95269, 32.81051 ], [ -116.9527, 32.81185 ], [ -116.95189, 32.81186 ], [ -116.95177, 32.81323 ], [ -116.95601, 32.81322 ], [ -116.95599, 32.8152 ], [ -116.9538, 32.8152 ], [ -116.95378, 32.81687 ], [ -116.95004, 32.81686 ], [ -116.95004, 32.81908 ], [ -116.95179, 32.81907 ], [ -116.95179, 32.82136 ], [ -116.94933, 32.82137 ], [ -116.94936, 32.82294 ], [ -116.94749, 32.82205 ], [ -116.94733, 32.82234 ], [ -116.94732, 32.82123 ] ] ], [ [ [ -117.33277, 33.14151 ], [ -117.32931, 33.13461 ], [ -117.32606, 33.1356 ], [ -117.32009, 33.1347 ], [ -117.32121, 33.13372 ], [ -117.31539, 33.12345 ], [ -117.31337, 33.12394 ], [ -117.31354, 33.12197 ], [ -117.32448, 33.12223 ], [ -117.32717, 33.12316 ], [ -117.32885, 33.12249 ], [ -117.32993, 33.12418 ], [ -117.33549, 33.12963 ], [ -117.3369, 33.13153 ], [ -117.3394, 33.13788 ], [ -117.33967, 33.13821 ], [ -117.34033, 33.13803 ], [ -117.33961, 33.13837 ], [ -117.34032, 33.13837 ], [ -117.34, 33.13854 ], [ -117.34006, 33.13937 ], [ -117.34165, 33.14235 ], [ -117.34386, 33.14499 ], [ -117.34459, 33.14462 ], [ -117.34399, 33.1451 ], [ -117.34441, 33.14551 ], [ -117.34506, 33.14519 ], [ -117.34481, 33.14544 ], [ -117.34514, 33.14634 ], [ -117.34639, 33.1476 ], [ -117.34994, 33.15242 ], [ -117.34582, 33.15483 ], [ -117.3494, 33.15916 ], [ -117.34221, 33.16334 ], [ -117.33387, 33.14796 ], [ -117.33333, 33.14335 ], [ -117.33277, 33.14151 ] ] ], [ [ [ -117.3864, 33.19694 ], [ -117.38721, 33.19648 ], [ -117.39231, 33.20255 ], [ -117.39397, 33.20166 ], [ -117.3927, 33.20253 ], [ -117.39444, 33.2047 ], [ -117.3933, 33.20487 ], [ -117.3864, 33.19694 ] ] ] ] } },
{ "type": "Feature", "properties": { "police_beat": 3 }, "geometry": { "type": "MultiPolygon", "coordinates": [ [ [ [ -117.16952, 32.69044 ], [ -117.16904, 32.69142 ], [ -117.1687, 32.69151 ], [ -117.16787, 32.69058 ], [ -117.16719, 32.69128 ], [ -117.16672, 32.69102 ], [ -117.16422, 32.68861 ], [ -117.16115, 32.68683 ], [ -117.15832, 32.68657 ], [ -117.15571, 32.68742 ], [ -117.14352, 32.67806 ], [ -117.13513, 32.67318 ], [ -117.12961, 32.66622 ], [ -117.1196, 32.6057 ], [ -117.11671, 32.60605 ], [ -117.11488, 32.5942 ], [ -117.11499, 32.5938 ], [ -117.12175, 32.58899 ], [ -117.13179, 32.58559 ], [ -117.13273, 32.58567 ], [ -117.13276, 32.58758 ], [ -117.13384, 32.58763 ], [ -117.13275, 32.58763 ], [ -117.13268, 32.59175 ], [ -117.13301, 32.59781 ], [ -117.13407, 32.60517 ], [ -117.13749, 32.62035 ], [ -117.14089, 32.62958 ], [ -117.1412, 32.6297 ], [ -117.14355, 32.63449 ], [ -117.1503, 32.64562 ], [ -117.16263, 32.66355 ], [ -117.16794, 32.66978 ], [ -117.17214, 32.67398 ], [ -117.17867, 32.67866 ], [ -117.17982, 32.67865 ], [ -117.18011, 32.67933 ], [ -117.18186, 32.68044 ], [ -117.1805, 32.68226 ], [ -117.1797, 32.6824 ], [ -117.17875, 32.68305 ], [ -117.17891, 32.68404 ], [ -117.17981, 32.685 ], [ -117.17995, 32.68569 ], [ -117.1765, 32.69161 ], [ -117.1695, 32.68866 ], [ -117.16952, 32.69044 ] ] ], [ [ [ -117.01787, 32.79132 ], [ -117.01801, 32.78895 ], [ -117.01995, 32.78493 ], [ -117.01814, 32.77758 ], [ -117.02027, 32.7762 ], [ -117.02734, 32.77396 ], [ -117.02693, 32.77219 ], [ -117.02401, 32.7711 ], [ -117.02345, 32.77013 ], [ -117.0303, 32.76837 ], [ -117.03268, 32.76849 ], [ -117.03534, 32.76804 ], [ -117.03828, 32.7688 ], [ -117.04032, 32.76883 ], [ -117.03905, 32.76899 ], [ -117.03909, 32.77037 ], [ -117.03965, 32.77036 ], [ -117.03992, 32.77191 ], [ -117.04037, 32.77196 ], [ -117.04038, 32.77101 ], [ -117.0411, 32.77089 ], [ -117.04701, 32.7709 ], [ -117.04648, 32.77349 ], [ -117.04878, 32.7744 ], [ -117.04875, 32.77733 ], [ -117.04951, 32.7772 ], [ -117.05141, 32.77796 ], [ -117.04866, 32.77954 ], [ -117.04865, 32.78024 ], [ -117.04825, 32.78042 ], [ -117.04717, 32.78026 ], [ -117.047, 32.77975 ], [ -117.04531, 32.78001 ], [ -117.04523, 32.77963 ], [ -117.04434, 32.78011 ], [ -117.04372, 32.77946 ], [ -117.04369, 32.77745 ], [ -117.04216, 32.7791 ], [ -117.03986, 32.77959 ], [ -117.03991, 32.78137 ], [ -117.03893, 32.78137 ], [ -117.03893, 32.78174 ], [ -117.03995, 32.78197 ], [ -117.03894, 32.78212 ], [ -117.03755, 32.78312 ], [ -117.0373, 32.78415 ], [ -117.03626, 32.78591 ], [ -117.0352, 32.78635 ], [ -117.03356, 32.78804 ], [ -117.03197, 32.78877 ], [ -117.03097, 32.79054 ], [ -117.03144, 32.79053 ], [ -117.03145, 32.79084 ], [ -117.03247, 32.79008 ], [ -117.0358, 32.78875 ], [ -117.03751, 32.78883 ], [ -117.03805, 32.78954 ], [ -117.03804, 32.79043 ], [ -117.03735, 32.79096 ], [ -117.0374, 32.79143 ], [ -117.01787, 32.79132 ] ] ], [ [ [ -116.90924, 32.82055 ], [ -116.9113, 32.81748 ], [ -116.91308, 32.81596 ], [ -116.9123, 32.81616 ], [ -116.91238, 32.8158 ], [ -116.91179, 32.81552 ], [ -116.91235, 32.81468 ], [ -116.91185, 32.81416 ], [ -116.90964, 32.81398 ], [ -116.90949, 32.81223 ], [ -116.91206, 32.81264 ], [ -116.91353, 32.81131 ], [ -116.91279, 32.8107 ], [ -116.91317, 32.81045 ], [ -116.91367, 32.81099 ], [ -116.91368, 32.81054 ], [ -116.91411, 32.81025 ], [ -116.91395, 32.81007 ], [ -116.9145, 32.8096 ], [ -116.91467, 32.80978 ], [ -116.91427, 32.81015 ], [ -116.91465, 32.81054 ], [ -116.91541, 32.80975 ], [ -116.91441, 32.80889 ], [ -116.91492, 32.80889 ], [ -116.91462, 32.80807 ], [ -116.91288, 32.80806 ], [ -116.91299, 32.80784 ], [ -116.91562, 32.80784 ], [ -116.91562, 32.80736 ], [ -116.91695, 32.80736 ], [ -116.91695, 32.80893 ], [ -116.91827, 32.80926 ], [ -116.91925, 32.80759 ], [ -116.91886, 32.80759 ], [ -116.91889, 32.80559 ], [ -116.92036, 32.8056 ], [ -116.92039, 32.80396 ], [ -116.92146, 32.80395 ], [ -116.92144, 32.80178 ], [ -116.92037, 32.80178 ], [ -116.92037, 32.80251 ], [ -116.91928, 32.80237 ], [ -116.91952, 32.80029 ], [ -116.91223, 32.80031 ], [ -116.9122, 32.801 ], [ -116.911, 32.80099 ], [ -116.91106, 32.80031 ], [ -116.91035, 32.8003 ], [ -116.9102, 32.80202 ], [ -116.90984, 32.80221 ], [ -116.90813, 32.80222 ], [ -116.90812, 32.80106 ], [ -116.90736, 32.80163 ], [ -116.90646, 32.80059 ], [ -116.90595, 32.8008 ], [ -116.90644, 32.80138 ], [ -116.90528, 32.80208 ], [ -116.90466, 32.80112 ], [ -116.9025, 32.80291 ], [ -116.90385, 32.80377 ], [ -116.90306, 32.80475 ], [ -116.90224, 32.80453 ], [ -116.90215, 32.80314 ], [ -116.90131, 32.80335 ], [ -116.90164, 32.80495 ], [ -116.90094, 32.80586 ], [ -116.90201, 32.80819 ], [ -116.89645, 32.80637 ], [ -116.90016, 32.80372 ], [ -116.9003, 32.80332 ], [ -116.89846, 32.80289 ], [ -116.8988, 32.80197 ], [ -116.89767, 32.80163 ], [ -116.89653, 32.80193 ], [ -116.89592, 32.80167 ], [ -116.89573, 32.79966 ], [ -116.89692, 32.79942 ], [ -116.89712, 32.79879 ], [ -116.89759, 32.79863 ], [ -116.89742, 32.7978 ], [ -116.90042, 32.79664 ], [ -116.89979, 32.79608 ], [ -116.89971, 32.79529 ], [ -116.90114, 32.79391 ], [ -116.90134, 32.79429 ], [ -116.90319, 32.79389 ], [ -116.9054, 32.79489 ], [ -116.90495, 32.79552 ], [ -116.90426, 32.7954 ], [ -116.90393, 32.79565 ], [ -116.90606, 32.79738 ], [ -116.90779, 32.7955 ], [ -116.90818, 32.79634 ], [ -116.90777, 32.79681 ], [ -116.90822, 32.79713 ], [ -116.90916, 32.79607 ], [ -116.91164, 32.79755 ], [ -116.91378, 32.79638 ], [ -116.91581, 32.79631 ], [ -116.91581, 32.7949 ], [ -116.91667, 32.79489 ], [ -116.91667, 32.79449 ], [ -116.91796, 32.79449 ], [ -116.91796, 32.79631 ], [ -116.92467, 32.79647 ], [ -116.9247, 32.79282 ], [ -116.92403, 32.79282 ], [ -116.92402, 32.7935 ], [ -116.92333, 32.7935 ], [ -116.92275, 32.7935 ], [ -116.92275, 32.79283 ], [ -116.92143, 32.79283 ], [ -116.92145, 32.78939 ], [ -116.92041, 32.78939 ], [ -116.92042, 32.789 ], [ -116.91794, 32.78901 ], [ -116.91783, 32.7886 ], [ -116.91634, 32.78862 ], [ -116.91634, 32.78742 ], [ -116.91766, 32.78746 ], [ -116.91785, 32.78638 ], [ -116.9186, 32.78547 ], [ -116.91781, 32.78479 ], [ -116.91835, 32.78423 ], [ -116.91812, 32.78405 ], [ -116.9181, 32.78205 ], [ -116.91666, 32.78204 ], [ -116.91667, 32.78179 ], [ -116.92053, 32.77877 ], [ -116.92081, 32.77879 ], [ -116.9208, 32.7793 ], [ -116.92168, 32.77931 ], [ -116.92167, 32.77981 ], [ -116.92411, 32.77982 ], [ -116.92411, 32.77905 ], [ -116.92515, 32.77916 ], [ -116.92514, 32.78135 ], [ -116.92537, 32.78135 ], [ -116.92601, 32.78022 ], [ -116.92707, 32.78008 ], [ -116.92749, 32.77943 ], [ -116.92721, 32.77927 ], [ -116.92721, 32.77652 ], [ -116.92737, 32.77605 ], [ -116.92795, 32.77605 ], [ -116.92805, 32.77788 ], [ -116.9287, 32.77788 ], [ -116.9287, 32.77822 ], [ -116.92804, 32.77826 ], [ -116.93214, 32.77821 ], [ -116.93214, 32.78108 ], [ -116.93456, 32.78109 ], [ -116.93636, 32.78164 ], [ -116.93649, 32.78333 ], [ -116.93456, 32.78332 ], [ -116.93455, 32.78367 ], [ -116.93482, 32.78368 ], [ -116.93455, 32.78471 ], [ -116.93597, 32.78471 ], [ -116.93597, 32.78519 ], [ -116.93648, 32.78519 ], [ -116.93649, 32.78471 ], [ -116.93735, 32.78471 ], [ -116.9373, 32.79499 ], [ -116.935, 32.79595 ], [ -116.93051, 32.80016 ], [ -116.93574, 32.80018 ], [ -116.93573, 32.81349 ], [ -116.93615, 32.81348 ], [ -116.93615, 32.81394 ], [ -116.94056, 32.81392 ], [ -116.94045, 32.81589 ], [ -116.93988, 32.81591 ], [ -116.94001, 32.81685 ], [ -116.93615, 32.81707 ], [ -116.93556, 32.81663 ], [ -116.93351, 32.81663 ], [ -116.93349, 32.81706 ], [ -116.93134, 32.81564 ], [ -116.93005, 32.81545 ], [ -116.93004, 32.81482 ], [ -116.93079, 32.8136 ], [ -116.92976, 32.81313 ], [ -116.92889, 32.81454 ], [ -116.92892, 32.8156 ], [ -116.92924, 32.81559 ], [ -116.92923, 32.81585 ], [ -116.92816, 32.81627 ], [ -116.92815, 32.81696 ], [ -116.92703, 32.81695 ], [ -116.92703, 32.81673 ], [ -116.92237, 32.81864 ], [ -116.92237, 32.81803 ], [ -116.91866, 32.81801 ], [ -116.91911, 32.81924 ], [ -116.91988, 32.81985 ], [ -116.91827, 32.8218 ], [ -116.91819, 32.82255 ], [ -116.91468, 32.82143 ], [ -116.9137, 32.82292 ], [ -116.91414, 32.82139 ], [ -116.90924, 32.82055 ] ] ], [ [ [ -117.32541, 33.17508 ], [ -117.32257, 33.17163 ], [ -117.31878, 33.16041 ], [ -117.31619, 33.15622 ], [ -117.31482, 33.15515 ], [ -117.30887, 33.15181 ], [ -117.30721, 33.15148 ], [ -117.30228, 33.15142 ], [ -117.29752, 33.1495 ], [ -117.29854, 33.14809 ], [ -117.29985, 33.14722 ], [ -117.30359, 33.14584 ], [ -117.30971, 33.14109 ], [ -117.31185, 33.14006 ], [ -117.31657, 33.13882 ], [ -117.31743, 33.13898 ], [ -117.32023, 33.13773 ], [ -117.32223, 33.13811 ], [ -117.32245, 33.13868 ], [ -117.32576, 33.13916 ], [ -117.32705, 33.14008 ], [ -117.33159, 33.14164 ], [ -117.33339, 33.14422 ], [ -117.33395, 33.14813 ], [ -117.34221, 33.16334 ], [ -117.33699, 33.16662 ], [ -117.33364, 33.16819 ], [ -117.3333, 33.1687 ], [ -117.335, 33.17005 ], [ -117.3368, 33.17238 ], [ -117.3375, 33.17392 ], [ -117.33881, 33.17524 ], [ -117.33854, 33.17646 ], [ -117.33723, 33.17643 ], [ -117.33442, 33.17725 ], [ -117.3297, 33.17676 ], [ -117.32657, 33.17764 ], [ -117.32541, 33.17508 ] ] ], [ [ [ -117.38488, 33.1939 ], [ -117.38888, 33.19146 ], [ -117.38906, 33.19167 ], [ -117.38498, 33.19401 ], [ -117.38721, 33.19648 ], [ -117.38552, 33.19747 ], [ -117.38489, 33.19615 ], [ -117.38228, 33.19299 ], [ -117.38281, 33.19267 ], [ -117.37719, 33.18601 ], [ -117.37762, 33.18576 ], [ -117.38488, 33.1939 ] ] ] ] } },
{ "type": "Feature", "properties": { "police_beat": 4 }, "geometry": { "type": "MultiPolygon", "coordinates": [ [ [ [ -116.9373, 32.79499 ], [ -116.93735, 32.78479 ], [ -116.93841, 32.7851 ], [ -116.93841, 32.78657 ], [ -116.9395, 32.78658 ], [ -116.9395, 32.78694 ], [ -116.94057, 32.78694 ], [ -116.94057, 32.78547 ], [ -116.94142, 32.78546 ], [ -116.94142, 32.78671 ], [ -116.9432, 32.78661 ], [ -116.9432, 32.78692 ], [ -116.94412, 32.78692 ], [ -116.94412, 32.78624 ], [ -116.94443, 32.78624 ], [ -116.94443, 32.78692 ], [ -116.94505, 32.78692 ], [ -116.94505, 32.78629 ], [ -116.9469, 32.78662 ], [ -116.94719, 32.78511 ], [ -116.94614, 32.78512 ], [ -116.94588, 32.78447 ], [ -116.94501, 32.78403 ], [ -116.94501, 32.78314 ], [ -116.94524, 32.78305 ], [ -116.94264, 32.78055 ], [ -116.94455, 32.77864 ], [ -116.94526, 32.77929 ], [ -116.94624, 32.77828 ], [ -116.94687, 32.77861 ], [ -116.94657, 32.77967 ], [ -116.94818, 32.78009 ], [ -116.94819, 32.77934 ], [ -116.94943, 32.77917 ], [ -116.94943, 32.7786 ], [ -116.9499, 32.7786 ], [ -116.9499, 32.78026 ], [ -116.95072, 32.78027 ], [ -116.95087, 32.77875 ], [ -116.95255, 32.77873 ], [ -116.95252, 32.77791 ], [ -116.95582, 32.77792 ], [ -116.95583, 32.77317 ], [ -116.95628, 32.77313 ], [ -116.95628, 32.77199 ], [ -116.95591, 32.772 ], [ -116.9559, 32.77125 ], [ -116.95648, 32.77124 ], [ -116.95647, 32.77015 ], [ -116.95734, 32.77015 ], [ -116.95734, 32.76955 ], [ -116.95663, 32.76955 ], [ -116.95687, 32.76909 ], [ -116.95655, 32.76854 ], [ -116.95696, 32.76816 ], [ -116.95752, 32.76834 ], [ -116.95747, 32.76788 ], [ -116.9571, 32.76773 ], [ -116.95834, 32.76793 ], [ -116.9586, 32.76738 ], [ -116.96037, 32.76808 ], [ -116.96222, 32.76804 ], [ -116.96225, 32.7698 ], [ -116.96177, 32.76995 ], [ -116.96172, 32.77119 ], [ -116.95836, 32.7712 ], [ -116.95843, 32.77222 ], [ -116.95969, 32.77222 ], [ -116.95968, 32.77258 ], [ -116.95847, 32.77253 ], [ -116.95866, 32.7731 ], [ -116.96025, 32.77313 ], [ -116.95934, 32.77339 ], [ -116.95906, 32.7756 ], [ -116.95977, 32.77573 ], [ -116.96095, 32.77459 ], [ -116.96195, 32.77473 ], [ -116.96336, 32.77336 ], [ -116.96398, 32.77341 ], [ -116.96398, 32.77316 ], [ -116.96774, 32.77319 ], [ -116.96659, 32.77388 ], [ -116.96658, 32.77471 ], [ -116.96755, 32.77557 ], [ -116.96877, 32.77591 ], [ -116.96875, 32.78402 ], [ -116.9623, 32.78405 ], [ -116.96234, 32.79493 ], [ -116.9373, 32.79499 ] ] ], [ [ [ -116.99703, 32.79525 ], [ -116.99702, 32.795 ], [ -116.9901, 32.79507 ], [ -116.98827, 32.79569 ], [ -116.98821, 32.79502 ], [ -116.9876, 32.79499 ], [ -116.98769, 32.79475 ], [ -116.98679, 32.79416 ], [ -116.98833, 32.79223 ], [ -116.98819, 32.79066 ], [ -116.98616, 32.79082 ], [ -116.98603, 32.7905 ], [ -116.98576, 32.79062 ], [ -116.9855, 32.78995 ], [ -116.98805, 32.78929 ], [ -116.98732, 32.78767 ], [ -116.98485, 32.78843 ], [ -116.98457, 32.78745 ], [ -116.98558, 32.78624 ], [ -116.98633, 32.78621 ], [ -116.9863, 32.78563 ], [ -116.98482, 32.78557 ], [ -116.98442, 32.78522 ], [ -116.98765, 32.78428 ], [ -116.98721, 32.78301 ], [ -116.98929, 32.78211 ], [ -116.99044, 32.78082 ], [ -116.98811, 32.77961 ], [ -116.98814, 32.77912 ], [ -116.99983, 32.77926 ], [ -117.00143, 32.77884 ], [ -117.00432, 32.77744 ], [ -117.01118, 32.77521 ], [ -117.01216, 32.77581 ], [ -117.01706, 32.77661 ], [ -117.01779, 32.77701 ], [ -117.01842, 32.77838 ], [ -117.01995, 32.78489 ], [ -117.018, 32.78897 ], [ -117.01787, 32.79132 ], [ -117.00606, 32.79132 ], [ -117.00602, 32.79473 ], [ -117.00445, 32.79494 ], [ -117.00416, 32.79435 ], [ -117.00346, 32.79433 ], [ -117.00244, 32.79467 ], [ -117.00245, 32.79504 ], [ -117.00101, 32.79502 ], [ -116.99928, 32.79608 ], [ -116.99921, 32.79502 ], [ -116.99703, 32.79525 ] ] ], [ [ [ -117.3102, 33.17928 ], [ -117.30919, 33.17977 ], [ -117.30725, 33.1796 ], [ -117.3038, 33.18096 ], [ -117.29935, 33.18218 ], [ -117.29915, 33.17651 ], [ -117.29888, 33.17557 ], [ -117.2839, 33.17582 ], [ -117.28389, 33.17324 ], [ -117.28302, 33.17298 ], [ -117.2815, 33.17354 ], [ -117.28089, 33.17412 ], [ -117.27956, 33.17406 ], [ -117.27956, 33.17577 ], [ -117.27526, 33.17577 ], [ -117.27526, 33.17718 ], [ -117.27095, 33.17715 ], [ -117.27076, 33.16229 ], [ -117.27209, 33.16069 ], [ -117.27325, 33.16008 ], [ -117.27393, 33.16085 ], [ -117.27499, 33.16054 ], [ -117.28206, 33.15769 ], [ -117.28674, 33.1547 ], [ -117.28701, 33.15496 ], [ -117.29027, 33.15294 ], [ -117.2953, 33.15182 ], [ -117.29664, 33.15086 ], [ -117.29752, 33.1495 ], [ -117.30232, 33.15143 ], [ -117.30822, 33.15162 ], [ -117.31491, 33.15521 ], [ -117.31688, 33.15704 ], [ -117.31882, 33.16052 ], [ -117.32249, 33.17145 ], [ -117.32558, 33.17532 ], [ -117.32657, 33.17764 ], [ -117.32968, 33.17677 ], [ -117.33447, 33.17725 ], [ -117.33806, 33.17638 ], [ -117.3399, 33.17722 ], [ -117.3406, 33.17866 ], [ -117.34025, 33.1798 ], [ -117.33136, 33.17973 ], [ -117.3294, 33.18054 ], [ -117.3236, 33.18202 ], [ -117.3102, 33.17928 ] ] ], [ [ [ -117.3644, 33.17129 ], [ -117.3752, 33.18342 ], [ -117.37762, 33.18576 ], [ -117.37671, 33.18629 ], [ -117.36887, 33.17699 ], [ -117.36077, 33.16848 ], [ -117.36108, 33.16806 ], [ -117.35835, 33.16482 ], [ -117.35911, 33.16459 ], [ -117.3644, 33.17129 ] ] ] ] } },
{ "type": "Feature", "properties": { "police_beat": 5 }, "geometry": { "type": "MultiPolygon", "coordinates": [ [ [ [ -117.27064, 33.15309 ], [ -117.26185, 33.1531 ], [ -117.26186, 33.15491 ], [ -117.25919, 33.15837 ], [ -117.25688, 33.15705 ], [ -117.25613, 33.15519 ], [ -117.25562, 33.15211 ], [ -117.2532, 33.15237 ], [ -117.25323, 33.1458 ], [ -117.24672, 33.1458 ], [ -117.246, 33.13496 ], [ -117.2299, 33.13503 ], [ -117.22986, 33.13121 ], [ -117.23685, 33.12908 ], [ -117.23882, 33.12878 ], [ -117.24081, 33.12895 ], [ -117.24588, 33.13021 ], [ -117.25153, 33.1297 ], [ -117.25799, 33.13068 ], [ -117.26422, 33.1301 ], [ -117.26838, 33.12915 ], [ -117.27147, 33.1279 ], [ -117.27648, 33.12472 ], [ -117.28083, 33.12065 ], [ -117.28326, 33.11972 ], [ -117.28931, 33.11997 ], [ -117.29087, 33.12056 ], [ -117.29466, 33.1229 ], [ -117.30209, 33.12413 ], [ -117.30457, 33.12394 ], [ -117.31073, 33.12206 ], [ -117.31354, 33.12197 ], [ -117.31337, 33.12394 ], [ -117.31539, 33.12345 ], [ -117.32121, 33.13372 ], [ -117.32009, 33.1347 ], [ -117.32606, 33.1356 ], [ -117.32931, 33.13461 ], [ -117.33323, 33.14286 ], [ -117.33339, 33.14422 ], [ -117.33242, 33.14259 ], [ -117.33083, 33.14123 ], [ -117.32705, 33.14008 ], [ -117.32576, 33.13916 ], [ -117.32245, 33.13868 ], [ -117.32223, 33.13811 ], [ -117.32023, 33.13773 ], [ -117.31743, 33.13898 ], [ -117.31657, 33.13882 ], [ -117.31274, 33.13971 ], [ -117.30971, 33.14109 ], [ -117.30377, 33.14574 ], [ -117.29894, 33.14775 ], [ -117.29676, 33.15073 ], [ -117.29563, 33.15165 ], [ -117.29027, 33.15294 ], [ -117.28701, 33.15496 ], [ -117.28674, 33.1547 ], [ -117.28206, 33.15769 ], [ -117.27499, 33.16054 ], [ -117.27393, 33.16085 ], [ -117.27325, 33.16008 ], [ -117.27209, 33.16069 ], [ -117.27076, 33.16229 ], [ -117.27064, 33.15309 ] ] ], [ [ [ -117.37233, 33.21446 ], [ -117.37457, 33.2146 ], [ -117.37748, 33.21245 ], [ -117.37926, 33.21166 ], [ -117.38062, 33.21001 ], [ -117.38285, 33.20853 ], [ -117.38307, 33.2079 ], [ -117.38582, 33.20617 ], [ -117.38859, 33.20502 ], [ -117.38935, 33.20793 ], [ -117.37314, 33.22043 ], [ -117.37252, 33.2199 ], [ -117.37082, 33.21603 ], [ -117.37006, 33.21497 ], [ -117.37233, 33.21446 ] ] ] ] } },
{ "type": "Feature", "properties": { "police_beat": 6 }, "geometry": { "type": "MultiPolygon", "coordinates": [ [ [ [ -117.23413, 33.12511 ], [ -117.23412, 33.12298 ], [ -117.23509, 33.12291 ], [ -117.23631, 33.12194 ], [ -117.23643, 33.12134 ], [ -117.24455, 33.11877 ], [ -117.24932, 33.11822 ], [ -117.25789, 33.11524 ], [ -117.26048, 33.11468 ], [ -117.26377, 33.11315 ], [ -117.26653, 33.11227 ], [ -117.26905, 33.10998 ], [ -117.27195, 33.10858 ], [ -117.27391, 33.1084 ], [ -117.27588, 33.10895 ], [ -117.27685, 33.10955 ], [ -117.27892, 33.11197 ], [ -117.28094, 33.11302 ], [ -117.28921, 33.11347 ], [ -117.29106, 33.11284 ], [ -117.2941, 33.11038 ], [ -117.2988, 33.10881 ], [ -117.30443, 33.10472 ], [ -117.31819, 33.10181 ], [ -117.32259, 33.1117 ], [ -117.32308, 33.11222 ], [ -117.32398, 33.11217 ], [ -117.32555, 33.11632 ], [ -117.32885, 33.12249 ], [ -117.32717, 33.12316 ], [ -117.32438, 33.12222 ], [ -117.31164, 33.12195 ], [ -117.30457, 33.12394 ], [ -117.30209, 33.12413 ], [ -117.29466, 33.1229 ], [ -117.29087, 33.12056 ], [ -117.28931, 33.11997 ], [ -117.28324, 33.11972 ], [ -117.28085, 33.12063 ], [ -117.27644, 33.12474 ], [ -117.2708, 33.12823 ], [ -117.2682, 33.1292 ], [ -117.26406, 33.13013 ], [ -117.25799, 33.13068 ], [ -117.25155, 33.1297 ], [ -117.24525, 33.13015 ], [ -117.24093, 33.12897 ], [ -117.23894, 33.12878 ], [ -117.23697, 33.12905 ], [ -117.22986, 33.13121 ], [ -117.22988, 33.12751 ], [ -117.23413, 33.12511 ] ] ], [ [ [ -117.383, 33.19384 ], [ -117.38493, 33.1962 ], [ -117.38552, 33.19747 ], [ -117.3864, 33.19694 ], [ -117.3917, 33.20314 ], [ -117.38859, 33.20502 ], [ -117.38484, 33.20676 ], [ -117.38306, 33.20469 ], [ -117.38112, 33.20353 ], [ -117.37182, 33.20028 ], [ -117.383, 33.19384 ] ] ] ] } },
{ "type": "Feature", "properties": { "police_beat": 7 }, "geometry": { "type": "MultiPolygon", "coordinates": [ [ [ [ -117.22793, 33.11118 ], [ -117.22788, 33.11091 ], [ -117.22743, 33.1109 ], [ -117.22722, 33.10984 ], [ -117.22654, 33.10984 ], [ -117.22635, 33.10861 ], [ -117.22536, 33.10859 ], [ -117.22522, 33.10399 ], [ -117.22653, 33.10315 ], [ -117.22677, 33.10332 ], [ -117.22824, 33.10276 ], [ -117.22859, 33.10348 ], [ -117.22941, 33.10255 ], [ -117.22935, 33.10225 ], [ -117.22976, 33.10211 ], [ -117.23188, 33.10259 ], [ -117.23398, 33.1044 ], [ -117.23485, 33.10358 ], [ -117.23475, 33.10172 ], [ -117.23555, 33.10138 ], [ -117.23721, 33.10167 ], [ -117.23805, 33.10132 ], [ -117.23722, 33.09944 ], [ -117.23796, 33.09855 ], [ -117.24016, 33.09893 ], [ -117.24039, 33.10004 ], [ -117.24115, 33.10025 ], [ -117.24197, 33.09953 ], [ -117.24294, 33.09762 ], [ -117.24259, 33.09748 ], [ -117.24304, 33.09667 ], [ -117.24471, 33.09472 ], [ -117.24501, 33.09203 ], [ -117.2443, 33.0919 ], [ -117.24427, 33.09084 ], [ -117.24495, 33.08933 ], [ -117.24625, 33.08809 ], [ -117.24673, 33.08801 ], [ -117.249, 33.08974 ], [ -117.25486, 33.09057 ], [ -117.25945, 33.08858 ], [ -117.26141, 33.08857 ], [ -117.26139, 33.09249 ], [ -117.2623, 33.09431 ], [ -117.26228, 33.09545 ], [ -117.26027, 33.09864 ], [ -117.25961, 33.10044 ], [ -117.26281, 33.10226 ], [ -117.26649, 33.10226 ], [ -117.26611, 33.09988 ], [ -117.26625, 33.09839 ], [ -117.26939, 33.09035 ], [ -117.26851, 33.08539 ], [ -117.27254, 33.08528 ], [ -117.27773, 33.08761 ], [ -117.28019, 33.08797 ], [ -117.28463, 33.08726 ], [ -117.29071, 33.08717 ], [ -117.2929, 33.08656 ], [ -117.297, 33.08452 ], [ -117.29903, 33.08408 ], [ -117.29944, 33.08417 ], [ -117.29959, 33.08491 ], [ -117.30047, 33.08559 ], [ -117.30049, 33.0865 ], [ -117.3011, 33.08723 ], [ -117.30366, 33.08631 ], [ -117.30552, 33.08414 ], [ -117.30815, 33.08412 ], [ -117.30808, 33.0839 ], [ -117.30941, 33.08357 ], [ -117.30911, 33.08312 ], [ -117.31048, 33.08228 ], [ -117.31122, 33.08255 ], [ -117.31203, 33.08235 ], [ -117.31325, 33.08678 ], [ -117.31359, 33.08681 ], [ -117.31304, 33.08705 ], [ -117.31314, 33.08743 ], [ -117.31379, 33.08733 ], [ -117.31356, 33.08758 ], [ -117.31601, 33.09388 ], [ -117.31896, 33.10004 ], [ -117.32398, 33.11217 ], [ -117.32308, 33.11222 ], [ -117.32259, 33.1117 ], [ -117.31819, 33.10181 ], [ -117.30443, 33.10472 ], [ -117.2988, 33.10881 ], [ -117.2941, 33.11038 ], [ -117.29106, 33.11284 ], [ -117.28921, 33.11347 ], [ -117.28094, 33.11302 ], [ -117.27892, 33.11197 ], [ -117.27685, 33.10955 ], [ -117.27588, 33.10895 ], [ -117.27423, 33.10844 ], [ -117.27256, 33.10844 ], [ -117.26918, 33.1099 ], [ -117.26646, 33.11231 ], [ -117.26377, 33.11315 ], [ -117.26041, 33.11471 ], [ -117.25789, 33.11524 ], [ -117.24932, 33.11822 ], [ -117.24455, 33.11877 ], [ -117.23643, 33.12134 ], [ -117.23631, 33.12194 ], [ -117.23509, 33.12291 ], [ -117.23412, 33.12298 ], [ -117.23413, 33.12511 ], [ -117.22988, 33.12751 ], [ -117.22976, 33.11358 ], [ -117.2283, 33.1136 ], [ -117.22807, 33.11303 ], [ -117.22835, 33.11279 ], [ -117.22759, 33.1121 ], [ -117.22748, 33.11118 ], [ -117.22793, 33.11118 ] ] ], [ [ [ -117.37005, 33.19253 ], [ -117.37021, 33.19041 ], [ -117.37719, 33.18601 ], [ -117.38281, 33.19267 ], [ -117.38228, 33.19299 ], [ -117.383, 33.19384 ], [ -117.37182, 33.20028 ], [ -117.3689, 33.19836 ], [ -117.36466, 33.19327 ], [ -117.36577, 33.19251 ], [ -117.37005, 33.19253 ] ] ] ] } },
{ "type": "Feature", "properties": { "police_beat": 8 }, "geometry": { "type": "MultiPolygon", "coordinates": [ [ [ [ -117.22272, 33.10247 ], [ -117.22108, 33.10259 ], [ -117.22102, 33.09511 ], [ -117.21669, 33.09518 ], [ -117.21671, 33.08392 ], [ -117.21614, 33.08404 ], [ -117.2159, 33.07605 ], [ -117.22424, 33.0757 ], [ -117.22335, 33.06125 ], [ -117.22898, 33.06101 ], [ -117.22942, 33.06266 ], [ -117.232, 33.06277 ], [ -117.2319, 33.06088 ], [ -117.2394, 33.06052 ], [ -117.24151, 33.06182 ], [ -117.24349, 33.06398 ], [ -117.24933, 33.06371 ], [ -117.24955, 33.06736 ], [ -117.25814, 33.06698 ], [ -117.26222, 33.06759 ], [ -117.26233, 33.07024 ], [ -117.26833, 33.06995 ], [ -117.26824, 33.06896 ], [ -117.27237, 33.0692 ], [ -117.27314, 33.08045 ], [ -117.27002, 33.08045 ], [ -117.27004, 33.08525 ], [ -117.26851, 33.08539 ], [ -117.26939, 33.09035 ], [ -117.26625, 33.09839 ], [ -117.26611, 33.09988 ], [ -117.26649, 33.10226 ], [ -117.26281, 33.10226 ], [ -117.25961, 33.10044 ], [ -117.26027, 33.09864 ], [ -117.26228, 33.09545 ], [ -117.2623, 33.09431 ], [ -117.26139, 33.09249 ], [ -117.26141, 33.08857 ], [ -117.25945, 33.08858 ], [ -117.25486, 33.09057 ], [ -117.249, 33.08974 ], [ -117.24673, 33.08801 ], [ -117.24625, 33.08809 ], [ -117.24495, 33.08933 ], [ -117.24427, 33.09084 ], [ -117.2443, 33.0919 ], [ -117.24501, 33.09203 ], [ -117.24471, 33.09472 ], [ -117.24304, 33.09667 ], [ -117.24259, 33.09748 ], [ -117.24294, 33.09762 ], [ -117.24197, 33.09953 ], [ -117.24115, 33.10025 ], [ -117.24039, 33.10004 ], [ -117.24016, 33.09893 ], [ -117.23796, 33.09855 ], [ -117.23722, 33.09944 ], [ -117.23805, 33.10132 ], [ -117.23721, 33.10167 ], [ -117.23555, 33.10138 ], [ -117.23475, 33.10172 ], [ -117.23485, 33.10358 ], [ -117.23398, 33.1044 ], [ -117.23188, 33.10259 ], [ -117.22976, 33.10211 ], [ -117.22935, 33.10225 ], [ -117.22941, 33.10255 ], [ -117.22859, 33.10348 ], [ -117.22824, 33.10276 ], [ -117.22677, 33.10332 ], [ -117.22653, 33.10315 ], [ -117.22522, 33.10399 ], [ -117.22527, 33.1053 ], [ -117.22484, 33.10455 ], [ -117.22462, 33.10467 ], [ -117.22272, 33.10247 ] ] ], [ [ [ -117.36418, 33.18888 ], [ -117.36618, 33.18547 ], [ -117.3727, 33.18155 ], [ -117.37671, 33.18629 ], [ -117.37021, 33.19041 ], [ -117.37005, 33.19253 ], [ -117.36577, 33.1925 ], [ -117.36466, 33.19327 ], [ -117.36223, 33.19036 ], [ -117.36418, 33.18888 ] ] ] ] } },
{ "type": "Feature", "properties": { "police_beat": 9 }, "geometry": { "type": "MultiPolygon", "coordinates": [ [ [ [ -116.92567, 32.60821 ], [ -116.93082, 32.60819 ], [ -116.93083, 32.60477 ], [ -116.93148, 32.60476 ], [ -116.93164, 32.60515 ], [ -116.93323, 32.60468 ], [ -116.93401, 32.60658 ], [ -116.9324, 32.60699 ], [ -116.93291, 32.60818 ], [ -116.93219, 32.60819 ], [ -116.93213, 32.6101 ], [ -116.92915, 32.61009 ], [ -116.92914, 32.61108 ], [ -116.92779, 32.61107 ], [ -116.92778, 32.61195 ], [ -116.92563, 32.61195 ], [ -116.92567, 32.60821 ] ] ], [ [ [ -116.93263, 32.64913 ], [ -116.93144, 32.64993 ], [ -116.93104, 32.64947 ], [ -116.93234, 32.6488 ], [ -116.93263, 32.64913 ] ] ], [ [ [ -116.54737, 32.68717 ], [ -116.54561, 32.68519 ], [ -116.54745, 32.68405 ], [ -116.54921, 32.68603 ], [ -116.54737, 32.68717 ] ] ], [ [ [ -117.34989, 33.17425 ], [ -117.35029, 33.17479 ], [ -117.35282, 33.17479 ], [ -117.35278, 33.16885 ], [ -117.35972, 33.16884 ], [ -117.35734, 33.16658 ], [ -117.35774, 33.16535 ], [ -117.35835, 33.16482 ], [ -117.36108, 33.16806 ], [ -117.36077, 33.16848 ], [ -117.36423, 33.17189 ], [ -117.3727, 33.18155 ], [ -117.36618, 33.18547 ], [ -117.36418, 33.18888 ], [ -117.36223, 33.19036 ], [ -117.35118, 33.17706 ], [ -117.34928, 33.1746 ], [ -117.34989, 33.17425 ] ] ] ] } },
{ "type": "Feature", "properties": { "police_beat": 10 }, "geometry": { "type": "Polygon", "coordinates": [ [ [ -117.35951, 33.21381 ], [ -117.35733, 33.2125 ], [ -117.3573, 33.21171 ], [ -117.3564, 33.21081 ], [ -117.35433, 33.21049 ], [ -117.35414, 33.20846 ], [ -117.3574, 33.20902 ], [ -117.3601, 33.20822 ], [ -117.36116, 33.20754 ], [ -117.36428, 33.20422 ], [ -117.37182, 33.20028 ], [ -117.38112, 33.20353 ], [ -117.38306, 33.20469 ], [ -117.38484, 33.20676 ], [ -117.38062, 33.21001 ], [ -117.37924, 33.21168 ], [ -117.37748, 33.21245 ], [ -117.37449, 33.21463 ], [ -117.37233, 33.21446 ], [ -117.36802, 33.21526 ], [ -117.366, 33.2153 ], [ -117.36218, 33.21475 ], [ -117.35951, 33.21381 ] ] ] } },
{ "type": "Feature", "properties": { "police_beat": 11 }, "geometry": { "type": "MultiPolygon", "coordinates": [ [ [ [ -117.09269, 32.65314 ], [ -117.09313, 32.65248 ], [ -117.09277, 32.65155 ], [ -117.08882, 32.65268 ], [ -117.08398, 32.64014 ], [ -117.1067, 32.63377 ], [ -117.12168, 32.63017 ], [ -117.12418, 32.64528 ], [ -117.10543, 32.65044 ], [ -117.10417, 32.65011 ], [ -117.10277, 32.64639 ], [ -117.09619, 32.64825 ], [ -117.09851, 32.65424 ], [ -117.09647, 32.65482 ], [ -117.09669, 32.65568 ], [ -117.09472, 32.65623 ], [ -117.09344, 32.65293 ], [ -117.09269, 32.65314 ] ] ], [ [ [ -117.34218, 33.20449 ], [ -117.34102, 33.20308 ], [ -117.34099, 33.20174 ], [ -117.3427, 33.20152 ], [ -117.34972, 33.19822 ], [ -117.35458, 33.1944 ], [ -117.36223, 33.19036 ], [ -117.36874, 33.1982 ], [ -117.37182, 33.20028 ], [ -117.36428, 33.20422 ], [ -117.36115, 33.20755 ], [ -117.36003, 33.20826 ], [ -117.35753, 33.20901 ], [ -117.35396, 33.20844 ], [ -117.35245, 33.20881 ], [ -117.35167, 33.20951 ], [ -117.35028, 33.21194 ], [ -117.34327, 33.21683 ], [ -117.34227, 33.21546 ], [ -117.34254, 33.21453 ], [ -117.34252, 33.21167 ], [ -117.34349, 33.21004 ], [ -117.34363, 33.20909 ], [ -117.34254, 33.20669 ], [ -117.34218, 33.20449 ] ] ] ] } },
{ "type": "Feature", "properties": { "police_beat": 12 }, "geometry": { "type": "MultiPolygon", "coordinates": [ [ [ [ -117.12168, 32.63017 ], [ -117.1067, 32.63377 ], [ -117.08398, 32.64014 ], [ -117.07994, 32.62979 ], [ -117.11977, 32.61864 ], [ -117.12168, 32.63017 ] ] ], [ [ [ -117.33227, 33.20179 ], [ -117.33042, 33.19915 ], [ -117.32819, 33.1947 ], [ -117.32806, 33.19263 ], [ -117.33291, 33.19304 ], [ -117.3337, 33.19266 ], [ -117.33459, 33.19162 ], [ -117.33578, 33.19124 ], [ -117.33732, 33.19174 ], [ -117.33979, 33.19174 ], [ -117.34446, 33.18892 ], [ -117.34474, 33.18965 ], [ -117.34474, 33.19158 ], [ -117.34605, 33.19147 ], [ -117.35759, 33.18474 ], [ -117.36223, 33.19036 ], [ -117.35458, 33.1944 ], [ -117.34978, 33.19819 ], [ -117.34268, 33.20153 ], [ -117.33227, 33.20179 ] ] ] ] } },
{ "type": "Feature", "properties": { "police_beat": 13 }, "geometry": { "type": "MultiPolygon", "coordinates": [ [ [ [ -117.11977, 32.61864 ], [ -117.07994, 32.62979 ], [ -117.08398, 32.64014 ], [ -117.07582, 32.64244 ], [ -117.0679, 32.62216 ], [ -117.07023, 32.62151 ], [ -117.07153, 32.62066 ], [ -117.11793, 32.60752 ], [ -117.11977, 32.61864 ] ] ], [ [ [ -117.32829, 33.1865 ], [ -117.32712, 33.18344 ], [ -117.3269, 33.18109 ], [ -117.3294, 33.18054 ], [ -117.33136, 33.17973 ], [ -117.3441, 33.17982 ], [ -117.34436, 33.17612 ], [ -117.34937, 33.17619 ], [ -117.34887, 33.17484 ], [ -117.34928, 33.1746 ], [ -117.35759, 33.18474 ], [ -117.34587, 33.19152 ], [ -117.34474, 33.19158 ], [ -117.34474, 33.18965 ], [ -117.34446, 33.18892 ], [ -117.34, 33.19168 ], [ -117.33732, 33.19174 ], [ -117.33548, 33.19128 ], [ -117.33453, 33.19167 ], [ -117.33369, 33.19267 ], [ -117.33283, 33.19305 ], [ -117.32806, 33.19263 ], [ -117.32829, 33.1865 ] ] ] ] } },
{ "type": "Feature", "properties": { "police_beat": 14 }, "geometry": { "type": "MultiPolygon", "coordinates": [ [ [ [ -117.07788, 32.6565 ], [ -117.07638, 32.65617 ], [ -117.07101, 32.65681 ], [ -117.07154, 32.65622 ], [ -117.07049, 32.6548 ], [ -117.06943, 32.65349 ], [ -117.06831, 32.65382 ], [ -117.06796, 32.65226 ], [ -117.06692, 32.65139 ], [ -117.06479, 32.65031 ], [ -117.06386, 32.65038 ], [ -117.06346, 32.64994 ], [ -117.0636, 32.6503 ], [ -117.05812, 32.64857 ], [ -117.05767, 32.64765 ], [ -117.05861, 32.64732 ], [ -117.05894, 32.64778 ], [ -117.05978, 32.648 ], [ -117.06304, 32.648 ], [ -117.06134, 32.64736 ], [ -117.06126, 32.64706 ], [ -117.06163, 32.64572 ], [ -117.06281, 32.64587 ], [ -117.0624, 32.64484 ], [ -117.06304, 32.64467 ], [ -117.06283, 32.64414 ], [ -117.06369, 32.64337 ], [ -117.06402, 32.64223 ], [ -117.06303, 32.64207 ], [ -117.0625, 32.64037 ], [ -117.06351, 32.6401 ], [ -117.06366, 32.64048 ], [ -117.06518, 32.64035 ], [ -117.06505, 32.64002 ], [ -117.06575, 32.63983 ], [ -117.06565, 32.63957 ], [ -117.06503, 32.63972 ], [ -117.06485, 32.63925 ], [ -117.06546, 32.63908 ], [ -117.06511, 32.63816 ], [ -117.06333, 32.63879 ], [ -117.06345, 32.63926 ], [ -117.06157, 32.63975 ], [ -117.06168, 32.64012 ], [ -117.06135, 32.64021 ], [ -117.06123, 32.6399 ], [ -117.06092, 32.63999 ], [ -117.06082, 32.63899 ], [ -117.05868, 32.6396 ], [ -117.05795, 32.64065 ], [ -117.05845, 32.64191 ], [ -117.0586, 32.64177 ], [ -117.05858, 32.64344 ], [ -117.05827, 32.64361 ], [ -117.05671, 32.64015 ], [ -117.05515, 32.64059 ], [ -117.04724, 32.63507 ], [ -117.04499, 32.63191 ], [ -117.0436, 32.62897 ], [ -117.0454, 32.62882 ], [ -117.04853, 32.62719 ], [ -117.06154, 32.62345 ], [ -117.06484, 32.62302 ], [ -117.0679, 32.62216 ], [ -117.07582, 32.64244 ], [ -117.08398, 32.64014 ], [ -117.09065, 32.65741 ], [ -117.08726, 32.65837 ], [ -117.08687, 32.65933 ], [ -117.08725, 32.66028 ], [ -117.08449, 32.66102 ], [ -117.08287, 32.65851 ], [ -117.0813, 32.65825 ], [ -117.07788, 32.6565 ] ] ], [ [ [ -117.35039, 33.21184 ], [ -117.3521, 33.20905 ], [ -117.35306, 33.20855 ], [ -117.35414, 33.20846 ], [ -117.35433, 33.21049 ], [ -117.3564, 33.21081 ], [ -117.3573, 33.21171 ], [ -117.35733, 33.2125 ], [ -117.36006, 33.21405 ], [ -117.36498, 33.21524 ], [ -117.37006, 33.21497 ], [ -117.37082, 33.21603 ], [ -117.37252, 33.2199 ], [ -117.37314, 33.22043 ], [ -117.34611, 33.24127 ], [ -117.34364, 33.23716 ], [ -117.34181, 33.23267 ], [ -117.34217, 33.23109 ], [ -117.34318, 33.22919 ], [ -117.34453, 33.22434 ], [ -117.34517, 33.22352 ], [ -117.34577, 33.22175 ], [ -117.3444, 33.21832 ], [ -117.34327, 33.21683 ], [ -117.35039, 33.21184 ] ] ] ] } },
{ "type": "Feature", "properties": { "police_beat": 15 }, "geometry": { "type": "Polygon", "coordinates": [ [ [ -117.33349, 33.20431 ], [ -117.33227, 33.20179 ], [ -117.34099, 33.20174 ], [ -117.34103, 33.20312 ], [ -117.34218, 33.20447 ], [ -117.34238, 33.20632 ], [ -117.34363, 33.20907 ], [ -117.34349, 33.21004 ], [ -117.34252, 33.21169 ], [ -117.34228, 33.21561 ], [ -117.3444, 33.21832 ], [ -117.3386, 33.22011 ], [ -117.33115, 33.22391 ], [ -117.33245, 33.21504 ], [ -117.33327, 33.21231 ], [ -117.33349, 33.20431 ] ] ] } },
{ "type": "Feature", "properties": { "police_beat": 16 }, "geometry": { "type": "Polygon", "coordinates": [ [ [ -117.33378, 33.24484 ], [ -117.32547, 33.24488 ], [ -117.32263, 33.24536 ], [ -117.3227, 33.23715 ], [ -117.32598, 33.23045 ], [ -117.32591, 33.22577 ], [ -117.32998, 33.22446 ], [ -117.3386, 33.22011 ], [ -117.3444, 33.21832 ], [ -117.34567, 33.22098 ], [ -117.34575, 33.22195 ], [ -117.34453, 33.22434 ], [ -117.34318, 33.22919 ], [ -117.34217, 33.23109 ], [ -117.34181, 33.23267 ], [ -117.34364, 33.23716 ], [ -117.34611, 33.24127 ], [ -117.33672, 33.2485 ], [ -117.33378, 33.24484 ] ] ] } },
{ "type": "Feature", "properties": { "police_beat": 17 }, "geometry": { "type": "Polygon", "coordinates": [ [ [ -117.30063, 33.27242 ], [ -117.30548, 33.2687 ], [ -117.30641, 33.26745 ], [ -117.30732, 33.26408 ], [ -117.31107, 33.25848 ], [ -117.31828, 33.25278 ], [ -117.32091, 33.25247 ], [ -117.32215, 33.25174 ], [ -117.32271, 33.25053 ], [ -117.32263, 33.24536 ], [ -117.32547, 33.24488 ], [ -117.33378, 33.24484 ], [ -117.33672, 33.2485 ], [ -117.29796, 33.27835 ], [ -117.29645, 33.27546 ], [ -117.29603, 33.27351 ], [ -117.30063, 33.27242 ] ] ] } },
{ "type": "Feature", "properties": { "police_beat": 18 }, "geometry": { "type": "Polygon", "coordinates": [ [ [ -117.30015, 33.25101 ], [ -117.3012, 33.24917 ], [ -117.30287, 33.24784 ], [ -117.30724, 33.24583 ], [ -117.30991, 33.24527 ], [ -117.32263, 33.24536 ], [ -117.32271, 33.25053 ], [ -117.32215, 33.25174 ], [ -117.32091, 33.25247 ], [ -117.31828, 33.25278 ], [ -117.31107, 33.25848 ], [ -117.30732, 33.26408 ], [ -117.30641, 33.26745 ], [ -117.30548, 33.2687 ], [ -117.30063, 33.27242 ], [ -117.29603, 33.27351 ], [ -117.30015, 33.25101 ] ] ] } },
{ "type": "Feature", "properties": { "police_beat": 19 }, "geometry": { "type": "Polygon", "coordinates": [ [ [ -117.26806, 33.25925 ], [ -117.27207, 33.25932 ], [ -117.27718, 33.25835 ], [ -117.28654, 33.25521 ], [ -117.29152, 33.25612 ], [ -117.29359, 33.25579 ], [ -117.29651, 33.25465 ], [ -117.2994, 33.25483 ], [ -117.29604, 33.27298 ], [ -117.29636, 33.27523 ], [ -117.29796, 33.27835 ], [ -117.26982, 33.29999 ], [ -117.26815, 33.29999 ], [ -117.26669, 33.29708 ], [ -117.26542, 33.29605 ], [ -117.2659, 33.29452 ], [ -117.26516, 33.2931 ], [ -117.26867, 33.28912 ], [ -117.26978, 33.28848 ], [ -117.27068, 33.28676 ], [ -117.27072, 33.27795 ], [ -117.26804, 33.27556 ], [ -117.26655, 33.275 ], [ -117.26614, 33.27359 ], [ -117.26478, 33.27248 ], [ -117.2644, 33.27123 ], [ -117.2629, 33.26883 ], [ -117.26219, 33.26555 ], [ -117.2635, 33.26256 ], [ -117.26411, 33.2601 ], [ -117.26806, 33.25925 ] ] ] } },
{ "type": "Feature", "properties": { "police_beat": 20 }, "geometry": { "type": "MultiPolygon", "coordinates": [ [ [ [ -117.09535, 32.6695 ], [ -117.11001, 32.66541 ], [ -117.11098, 32.66778 ], [ -117.11114, 32.66986 ], [ -117.11829, 32.66803 ], [ -117.11802, 32.65731 ], [ -117.1225, 32.65685 ], [ -117.12184, 32.65413 ], [ -117.12105, 32.65383 ], [ -117.11938, 32.64662 ], [ -117.12418, 32.64528 ], [ -117.11793, 32.60752 ], [ -117.09825, 32.61304 ], [ -117.0988, 32.61037 ], [ -117.09875, 32.60902 ], [ -117.09805, 32.60689 ], [ -117.09818, 32.60518 ], [ -117.10065, 32.60418 ], [ -117.10235, 32.60392 ], [ -117.10412, 32.60232 ], [ -117.11642, 32.60691 ], [ -117.11877, 32.60663 ], [ -117.12868, 32.66653 ], [ -117.13443, 32.67377 ], [ -117.14197, 32.67816 ], [ -117.12147, 32.6795 ], [ -117.10141, 32.68502 ], [ -117.09535, 32.6695 ] ] ], [ [ [ -117.26119, 33.29549 ], [ -117.26131, 33.29633 ], [ -117.25796, 33.29633 ], [ -117.25794, 33.2927 ], [ -117.26225, 33.29274 ], [ -117.26225, 33.28552 ], [ -117.2493, 33.28537 ], [ -117.24935, 33.28172 ], [ -117.25153, 33.28176 ], [ -117.25152, 33.28222 ], [ -117.25251, 33.28223 ], [ -117.25286, 33.28123 ], [ -117.25361, 33.28151 ], [ -117.2536, 33.27815 ], [ -117.24499, 33.27801 ], [ -117.24496, 33.26708 ], [ -117.23938, 33.26713 ], [ -117.2392, 33.26793 ], [ -117.2369, 33.26703 ], [ -117.23694, 33.26619 ], [ -117.23736, 33.26552 ], [ -117.24503, 33.26575 ], [ -117.24528, 33.26347 ], [ -117.25181, 33.26346 ], [ -117.25599, 33.26112 ], [ -117.26003, 33.25968 ], [ -117.26151, 33.25959 ], [ -117.26412, 33.26008 ], [ -117.2635, 33.26256 ], [ -117.2622, 33.26549 ], [ -117.26237, 33.26691 ], [ -117.26291, 33.26886 ], [ -117.2644, 33.27123 ], [ -117.26472, 33.2724 ], [ -117.26612, 33.27355 ], [ -117.26653, 33.27497 ], [ -117.26804, 33.27556 ], [ -117.27069, 33.27783 ], [ -117.27073, 33.28654 ], [ -117.26978, 33.28848 ], [ -117.26867, 33.28912 ], [ -117.26517, 33.29302 ], [ -117.2659, 33.29452 ], [ -117.26539, 33.296 ], [ -117.26669, 33.29708 ], [ -117.26815, 33.29999 ], [ -117.26232, 33.29997 ], [ -117.2623, 33.29793 ], [ -117.26409, 33.29721 ], [ -117.26419, 33.29497 ], [ -117.26346, 33.29464 ], [ -117.26119, 33.29549 ] ] ] ] } },
{ "type": "Feature", "properties": { "police_beat": 21 }, "geometry": { "type": "MultiPolygon", "coordinates": [ [ [ [ -117.07387, 32.60275 ], [ -117.07705, 32.60311 ], [ -117.07771, 32.60362 ], [ -117.07865, 32.60337 ], [ -117.0757, 32.59584 ], [ -117.07321, 32.59112 ], [ -117.08408, 32.59119 ], [ -117.08409, 32.59481 ], [ -117.09013, 32.59497 ], [ -117.09049, 32.5976 ], [ -117.09119, 32.59866 ], [ -117.0912, 32.60156 ], [ -117.09247, 32.60156 ], [ -117.0923, 32.60458 ], [ -117.09818, 32.60518 ], [ -117.09805, 32.60689 ], [ -117.09875, 32.60902 ], [ -117.0988, 32.61037 ], [ -117.09825, 32.61304 ], [ -117.07996, 32.6183 ], [ -117.07387, 32.60275 ] ] ], [ [ [ -117.07847, 32.69319 ], [ -117.07783, 32.69159 ], [ -117.07681, 32.69187 ], [ -117.07552, 32.68846 ], [ -117.06536, 32.69135 ], [ -117.06397, 32.68792 ], [ -117.06602, 32.68734 ], [ -117.06465, 32.68384 ], [ -117.07287, 32.68157 ], [ -117.07149, 32.67813 ], [ -117.09602, 32.67123 ], [ -117.10141, 32.68502 ], [ -117.10235, 32.6878 ], [ -117.10244, 32.68896 ], [ -117.09811, 32.68894 ], [ -117.09812, 32.6884 ], [ -117.09659, 32.68839 ], [ -117.09602, 32.68839 ], [ -117.09603, 32.68895 ], [ -117.09374, 32.68897 ], [ -117.09364, 32.69217 ], [ -117.09113, 32.69211 ], [ -117.09046, 32.69133 ], [ -117.08727, 32.69131 ], [ -117.08727, 32.6919 ], [ -117.08513, 32.69189 ], [ -117.08513, 32.69237 ], [ -117.08149, 32.69328 ], [ -117.07957, 32.69273 ], [ -117.07847, 32.69319 ] ] ], [ [ [ -117.28979, 33.24376 ], [ -117.2919, 33.24345 ], [ -117.29362, 33.24272 ], [ -117.30231, 33.23642 ], [ -117.30808, 33.23292 ], [ -117.31657, 33.22858 ], [ -117.32591, 33.22577 ], [ -117.32598, 33.23045 ], [ -117.32262, 33.23752 ], [ -117.32263, 33.24536 ], [ -117.31009, 33.24526 ], [ -117.30831, 33.24548 ], [ -117.30244, 33.2481 ], [ -117.30109, 33.2493 ], [ -117.30022, 33.25081 ], [ -117.29285, 33.24831 ], [ -117.2912, 33.24698 ], [ -117.29019, 33.24538 ], [ -117.28979, 33.24376 ] ] ] ] } },
{ "type": "Feature", "properties": { "police_beat": 22 }, "geometry": { "type": "MultiPolygon", "coordinates": [ [ [ [ -117.05164, 32.60374 ], [ -117.0515, 32.6001 ], [ -117.05773, 32.60136 ], [ -117.07387, 32.60275 ], [ -117.07996, 32.6183 ], [ -117.07151, 32.62067 ], [ -117.07014, 32.62154 ], [ -117.06485, 32.62302 ], [ -117.06213, 32.6233 ], [ -117.05958, 32.62401 ], [ -117.05164, 32.60374 ] ] ], [ [ [ -117.24926, 33.25888 ], [ -117.245, 33.25894 ], [ -117.245, 33.25978 ], [ -117.24285, 33.25979 ], [ -117.24287, 33.25531 ], [ -117.24497, 33.25478 ], [ -117.24497, 33.25313 ], [ -117.24646, 33.25321 ], [ -117.24989, 33.25437 ], [ -117.25374, 33.25487 ], [ -117.25877, 33.25412 ], [ -117.27099, 33.24946 ], [ -117.27869, 33.24755 ], [ -117.28538, 33.24433 ], [ -117.28979, 33.24376 ], [ -117.29052, 33.24606 ], [ -117.2923, 33.24797 ], [ -117.29399, 33.2488 ], [ -117.30022, 33.25081 ], [ -117.2994, 33.25483 ], [ -117.29651, 33.25465 ], [ -117.29359, 33.25579 ], [ -117.2915, 33.25612 ], [ -117.28659, 33.2552 ], [ -117.27718, 33.25835 ], [ -117.27305, 33.25919 ], [ -117.26818, 33.25923 ], [ -117.26462, 33.26008 ], [ -117.26018, 33.25965 ], [ -117.25599, 33.26112 ], [ -117.25232, 33.26332 ], [ -117.24929, 33.26349 ], [ -117.24926, 33.25888 ] ] ] ] } },
{ "type": "Feature", "properties": { "police_beat": 23 }, "geometry": { "type": "MultiPolygon", "coordinates": [ [ [ [ -117.03518, 32.62773 ], [ -117.03214, 32.62642 ], [ -117.02768, 32.6256 ], [ -117.02555, 32.62478 ], [ -117.02723, 32.62281 ], [ -117.02756, 32.62195 ], [ -117.027, 32.61943 ], [ -117.02722, 32.61742 ], [ -117.02695, 32.61542 ], [ -117.0276, 32.61252 ], [ -117.0285, 32.61051 ], [ -117.02796, 32.6082 ], [ -117.03194, 32.60674 ], [ -117.03716, 32.60549 ], [ -117.03991, 32.60413 ], [ -117.04276, 32.60341 ], [ -117.04375, 32.60277 ], [ -117.045, 32.60108 ], [ -117.04604, 32.60049 ], [ -117.0515, 32.6001 ], [ -117.05164, 32.60374 ], [ -117.05958, 32.62401 ], [ -117.04853, 32.62719 ], [ -117.04534, 32.62884 ], [ -117.04289, 32.6289 ], [ -117.03518, 32.62773 ] ] ], [ [ [ -117.06537, 32.66226 ], [ -117.06073, 32.66363 ], [ -117.05707, 32.6643 ], [ -117.05719, 32.66464 ], [ -117.05315, 32.66564 ], [ -117.05317, 32.66593 ], [ -117.05287, 32.66576 ], [ -117.05019, 32.66703 ], [ -117.04989, 32.66595 ], [ -117.051, 32.66538 ], [ -117.05136, 32.66464 ], [ -117.05084, 32.66372 ], [ -117.0491, 32.66299 ], [ -117.05067, 32.66314 ], [ -117.05151, 32.66224 ], [ -117.05193, 32.66211 ], [ -117.05227, 32.66237 ], [ -117.05404, 32.6619 ], [ -117.05474, 32.66367 ], [ -117.05661, 32.66319 ], [ -117.05527, 32.6595 ], [ -117.05632, 32.65938 ], [ -117.05575, 32.6581 ], [ -117.05676, 32.65782 ], [ -117.05648, 32.65703 ], [ -117.05686, 32.65693 ], [ -117.05699, 32.65722 ], [ -117.05968, 32.65652 ], [ -117.0599, 32.65709 ], [ -117.06046, 32.65694 ], [ -117.06116, 32.65758 ], [ -117.06157, 32.65747 ], [ -117.06175, 32.65789 ], [ -117.06205, 32.65781 ], [ -117.06195, 32.65756 ], [ -117.06373, 32.65701 ], [ -117.06402, 32.65337 ], [ -117.06371, 32.65316 ], [ -117.06445, 32.65191 ], [ -117.06346, 32.64994 ], [ -117.06386, 32.65038 ], [ -117.06479, 32.65031 ], [ -117.06561, 32.65064 ], [ -117.06744, 32.65178 ], [ -117.06796, 32.65226 ], [ -117.06831, 32.65382 ], [ -117.06943, 32.65349 ], [ -117.07154, 32.65622 ], [ -117.07101, 32.65681 ], [ -117.07576, 32.65617 ], [ -117.07755, 32.65638 ], [ -117.07966, 32.65746 ], [ -117.08014, 32.65741 ], [ -117.08058, 32.65801 ], [ -117.08287, 32.65851 ], [ -117.08449, 32.66102 ], [ -117.08725, 32.66028 ], [ -117.08687, 32.65933 ], [ -117.08726, 32.65837 ], [ -117.09065, 32.65741 ], [ -117.09602, 32.67123 ], [ -117.07149, 32.67813 ], [ -117.06537, 32.66226 ] ], [ [ -117.07264, 32.66915 ], [ -117.07368, 32.66948 ], [ -117.07354, 32.66911 ], [ -117.07409, 32.66908 ], [ -117.07428, 32.6696 ], [ -117.07502, 32.66939 ], [ -117.07496, 32.66869 ], [ -117.07528, 32.66901 ], [ -117.07537, 32.66869 ], [ -117.07577, 32.66869 ], [ -117.07594, 32.66913 ], [ -117.07644, 32.66899 ], [ -117.07632, 32.66868 ], [ -117.07694, 32.66885 ], [ -117.07643, 32.66754 ], [ -117.07796, 32.66665 ], [ -117.07644, 32.6657 ], [ -117.07726, 32.66508 ], [ -117.07813, 32.66378 ], [ -117.079, 32.66419 ], [ -117.07867, 32.66474 ], [ -117.07937, 32.66637 ], [ -117.07849, 32.66621 ], [ -117.07822, 32.66644 ], [ -117.07921, 32.66671 ], [ -117.07907, 32.66793 ], [ -117.07856, 32.66787 ], [ -117.07852, 32.6681 ], [ -117.07897, 32.66805 ], [ -117.07901, 32.66834 ], [ -117.08125, 32.66771 ], [ -117.08094, 32.66649 ], [ -117.08295, 32.66617 ], [ -117.08268, 32.66448 ], [ -117.08309, 32.66408 ], [ -117.08286, 32.6637 ], [ -117.08385, 32.66316 ], [ -117.08346, 32.66214 ], [ -117.0802, 32.66317 ], [ -117.08002, 32.66249 ], [ -117.08064, 32.66228 ], [ -117.08042, 32.66182 ], [ -117.08068, 32.66172 ], [ -117.07872, 32.66125 ], [ -117.07846, 32.6615 ], [ -117.07869, 32.66309 ], [ -117.07793, 32.66261 ], [ -117.0777, 32.66196 ], [ -117.07701, 32.66211 ], [ -117.07686, 32.66166 ], [ -117.0764, 32.66177 ], [ -117.07656, 32.66219 ], [ -117.07561, 32.66208 ], [ -117.07549, 32.66175 ], [ -117.07587, 32.66149 ], [ -117.07477, 32.66058 ], [ -117.07267, 32.66092 ], [ -117.07321, 32.66231 ], [ -117.07101, 32.66291 ], [ -117.07063, 32.66198 ], [ -117.06938, 32.66134 ], [ -117.06811, 32.66159 ], [ -117.06817, 32.66263 ], [ -117.06875, 32.66206 ], [ -117.07011, 32.66303 ], [ -117.0701, 32.66335 ], [ -117.06931, 32.66334 ], [ -117.06891, 32.66383 ], [ -117.06783, 32.66381 ], [ -117.06777, 32.66404 ], [ -117.06807, 32.66468 ], [ -117.06761, 32.66547 ], [ -117.06795, 32.66557 ], [ -117.0678, 32.66654 ], [ -117.06863, 32.66698 ], [ -117.06835, 32.66759 ], [ -117.06944, 32.66839 ], [ -117.06904, 32.66907 ], [ -117.06957, 32.66969 ], [ -117.07037, 32.66945 ], [ -117.07063, 32.67007 ], [ -117.07274, 32.66939 ], [ -117.07264, 32.66915 ] ], [ [ -117.05889, 32.66056 ], [ -117.05698, 32.66109 ], [ -117.05731, 32.66201 ], [ -117.05862, 32.66125 ], [ -117.05921, 32.66142 ], [ -117.05889, 32.66056 ] ] ], [ [ [ -117.24494, 33.24062 ], [ -117.25573, 33.24656 ], [ -117.25806, 33.24352 ], [ -117.25992, 33.24452 ], [ -117.26222, 33.24148 ], [ -117.26046, 33.24049 ], [ -117.26281, 33.23748 ], [ -117.261, 33.23648 ], [ -117.26149, 33.23584 ], [ -117.26384, 33.23669 ], [ -117.26559, 33.23832 ], [ -117.26692, 33.23911 ], [ -117.27195, 33.24 ], [ -117.27787, 33.24255 ], [ -117.28165, 33.24612 ], [ -117.27869, 33.24755 ], [ -117.27099, 33.24946 ], [ -117.25873, 33.25413 ], [ -117.25367, 33.25487 ], [ -117.24974, 33.25434 ], [ -117.24497, 33.25292 ], [ -117.24494, 33.24062 ] ] ] ] } },
{ "type": "Feature", "properties": { "police_beat": 24 }, "geometry": { "type": "MultiPolygon", "coordinates": [ [ [ [ -117.00774, 32.59832 ], [ -117.00294, 32.58661 ], [ -117.00122, 32.58411 ], [ -117.00101, 32.5818 ], [ -117.00152, 32.58305 ], [ -117.01447, 32.58373 ], [ -117.01448, 32.59108 ], [ -117.03231, 32.59122 ], [ -117.03231, 32.58754 ], [ -117.03578, 32.5875 ], [ -117.03561, 32.59118 ], [ -117.04487, 32.59121 ], [ -117.04501, 32.58741 ], [ -117.04926, 32.58737 ], [ -117.0493, 32.59103 ], [ -117.05371, 32.59104 ], [ -117.05371, 32.58741 ], [ -117.05813, 32.58744 ], [ -117.05812, 32.59106 ], [ -117.07321, 32.59112 ], [ -117.0757, 32.59584 ], [ -117.07865, 32.60337 ], [ -117.07771, 32.60362 ], [ -117.07705, 32.60311 ], [ -117.07548, 32.6029 ], [ -117.05773, 32.60136 ], [ -117.05252, 32.60012 ], [ -117.04701, 32.60028 ], [ -117.04516, 32.60096 ], [ -117.04375, 32.60277 ], [ -117.04276, 32.60341 ], [ -117.03991, 32.60413 ], [ -117.03716, 32.60549 ], [ -117.03194, 32.60674 ], [ -117.02796, 32.6082 ], [ -117.02834, 32.60605 ], [ -117.02306, 32.60598 ], [ -117.02306, 32.5985 ], [ -117.00774, 32.59832 ] ] ], [ [ [ -117.09536, 32.6695 ], [ -117.08882, 32.65268 ], [ -117.09277, 32.65154 ], [ -117.09313, 32.65247 ], [ -117.0927, 32.65314 ], [ -117.09344, 32.65293 ], [ -117.09472, 32.65623 ], [ -117.09669, 32.65568 ], [ -117.09647, 32.65482 ], [ -117.09852, 32.65424 ], [ -117.09619, 32.64825 ], [ -117.10278, 32.64639 ], [ -117.10417, 32.65011 ], [ -117.10544, 32.65044 ], [ -117.11938, 32.64661 ], [ -117.12106, 32.65383 ], [ -117.12184, 32.65413 ], [ -117.12251, 32.65685 ], [ -117.11802, 32.65731 ], [ -117.11829, 32.66803 ], [ -117.11114, 32.66986 ], [ -117.11098, 32.66778 ], [ -117.11001, 32.66541 ], [ -117.09536, 32.6695 ] ] ], [ [ [ -117.33245, 33.21505 ], [ -117.33115, 33.22391 ], [ -117.32876, 33.2249 ], [ -117.31826, 33.22797 ], [ -117.31837, 33.22604 ], [ -117.32013, 33.22404 ], [ -117.32046, 33.22295 ], [ -117.31924, 33.21998 ], [ -117.31898, 33.21696 ], [ -117.31783, 33.21465 ], [ -117.31953, 33.21399 ], [ -117.32198, 33.21224 ], [ -117.32491, 33.21166 ], [ -117.32814, 33.20956 ], [ -117.33216, 33.20868 ], [ -117.33342, 33.20862 ], [ -117.33332, 33.21182 ], [ -117.33245, 33.21505 ] ] ] ] } },
{ "type": "Feature", "properties": { "police_beat": 25 }, "geometry": { "type": "Polygon", "coordinates": [ [ [ -117.29504, 33.21136 ], [ -117.29478, 33.20979 ], [ -117.29328, 33.20814 ], [ -117.29041, 33.20759 ], [ -117.28942, 33.20588 ], [ -117.29551, 33.20428 ], [ -117.30008, 33.20376 ], [ -117.30803, 33.20367 ], [ -117.31895, 33.20163 ], [ -117.33227, 33.20179 ], [ -117.33341, 33.20397 ], [ -117.33342, 33.20862 ], [ -117.32823, 33.20952 ], [ -117.32488, 33.21167 ], [ -117.32199, 33.21224 ], [ -117.31945, 33.21403 ], [ -117.31715, 33.21487 ], [ -117.31493, 33.21488 ], [ -117.31165, 33.21364 ], [ -117.30759, 33.21464 ], [ -117.30597, 33.21556 ], [ -117.30312, 33.21643 ], [ -117.29864, 33.22 ], [ -117.29557, 33.2181 ], [ -117.29377, 33.21654 ], [ -117.2942, 33.21574 ], [ -117.29397, 33.2138 ], [ -117.29504, 33.21136 ] ] ] } },
{ "type": "Feature", "properties": { "police_beat": 26 }, "geometry": { "type": "Polygon", "coordinates": [ [ [ -117.3087, 33.19904 ], [ -117.30876, 33.19788 ], [ -117.30971, 33.19582 ], [ -117.30979, 33.19448 ], [ -117.30945, 33.19313 ], [ -117.30828, 33.191 ], [ -117.30818, 33.19012 ], [ -117.30875, 33.18698 ], [ -117.31132, 33.18292 ], [ -117.31136, 33.17969 ], [ -117.31513, 33.18006 ], [ -117.32299, 33.18201 ], [ -117.3244, 33.1819 ], [ -117.3269, 33.18109 ], [ -117.32711, 33.18338 ], [ -117.32802, 33.18539 ], [ -117.32834, 33.18694 ], [ -117.3281, 33.19443 ], [ -117.33042, 33.19915 ], [ -117.33227, 33.20179 ], [ -117.31868, 33.20164 ], [ -117.31094, 33.20317 ], [ -117.31048, 33.2017 ], [ -117.3087, 33.19904 ] ] ] } },
{ "type": "Feature", "properties": { "police_beat": 27 }, "geometry": { "type": "Polygon", "coordinates": [ [ [ -117.28541, 33.2023 ], [ -117.28638, 33.20087 ], [ -117.29085, 33.19748 ], [ -117.2934, 33.19505 ], [ -117.29395, 33.19325 ], [ -117.29483, 33.19178 ], [ -117.29653, 33.18579 ], [ -117.29647, 33.1837 ], [ -117.30012, 33.18274 ], [ -117.30153, 33.18216 ], [ -117.30065, 33.18227 ], [ -117.31002, 33.1793 ], [ -117.31146, 33.1798 ], [ -117.31132, 33.18292 ], [ -117.30875, 33.18698 ], [ -117.30818, 33.19018 ], [ -117.30979, 33.19448 ], [ -117.30971, 33.19581 ], [ -117.30876, 33.19789 ], [ -117.3087, 33.19907 ], [ -117.31039, 33.20151 ], [ -117.31094, 33.20317 ], [ -117.30734, 33.20374 ], [ -117.30008, 33.20376 ], [ -117.29472, 33.2044 ], [ -117.28497, 33.20724 ], [ -117.28496, 33.20387 ], [ -117.28541, 33.2023 ] ] ] } },
{ "type": "Feature", "properties": { "police_beat": 28 }, "geometry": { "type": "Polygon", "coordinates": [ [ [ -117.27884, 33.20991 ], [ -117.28354, 33.2076 ], [ -117.28497, 33.20724 ], [ -117.28502, 33.21046 ], [ -117.28683, 33.21319 ], [ -117.28706, 33.21649 ], [ -117.29246, 33.22518 ], [ -117.28488, 33.22796 ], [ -117.28147, 33.2311 ], [ -117.27848, 33.22896 ], [ -117.27672, 33.22852 ], [ -117.27396, 33.22699 ], [ -117.27442, 33.22574 ], [ -117.27406, 33.22463 ], [ -117.27442, 33.22417 ], [ -117.27379, 33.2238 ], [ -117.27215, 33.22362 ], [ -117.27089, 33.22217 ], [ -117.27089, 33.21713 ], [ -117.27054, 33.21666 ], [ -117.27884, 33.20991 ] ] ] } },
{ "type": "Feature", "properties": { "police_beat": 29 }, "geometry": { "type": "Polygon", "coordinates": [ [ [ -117.25591, 33.21954 ], [ -117.2582, 33.21998 ], [ -117.26222, 33.21915 ], [ -117.2623, 33.21035 ], [ -117.26653, 33.20834 ], [ -117.2709, 33.20836 ], [ -117.2709, 33.20658 ], [ -117.27232, 33.20661 ], [ -117.27232, 33.2057 ], [ -117.27363, 33.20571 ], [ -117.2737, 33.20475 ], [ -117.27987, 33.20478 ], [ -117.2817, 33.20408 ], [ -117.28494, 33.20409 ], [ -117.28497, 33.20724 ], [ -117.28354, 33.2076 ], [ -117.27871, 33.20999 ], [ -117.26774, 33.21886 ], [ -117.26644, 33.21925 ], [ -117.26235, 33.21932 ], [ -117.25787, 33.22118 ], [ -117.25589, 33.22118 ], [ -117.25591, 33.21954 ] ] ] } },
{ "type": "Feature", "properties": { "police_beat": 30 }, "geometry": { "type": "Polygon", "coordinates": [ [ [ -117.27951, 33.19386 ], [ -117.28775, 33.19393 ], [ -117.28772, 33.1903 ], [ -117.28668, 33.19029 ], [ -117.2855, 33.18787 ], [ -117.28565, 33.18667 ], [ -117.28825, 33.18669 ], [ -117.28825, 33.18402 ], [ -117.29165, 33.18351 ], [ -117.29647, 33.1837 ], [ -117.29653, 33.1858 ], [ -117.29482, 33.19179 ], [ -117.2932, 33.19534 ], [ -117.28636, 33.20089 ], [ -117.28536, 33.20241 ], [ -117.28494, 33.20409 ], [ -117.28172, 33.20408 ], [ -117.27949, 33.20479 ], [ -117.27951, 33.19386 ] ] ] } },
{ "type": "Feature", "properties": { "police_beat": 31 }, "geometry": { "type": "MultiPolygon", "coordinates": [ [ [ [ -117.02504, 32.65475 ], [ -117.01939, 32.65449 ], [ -117.01488, 32.65207 ], [ -117.00717, 32.65095 ], [ -117.00615, 32.65017 ], [ -117.00536, 32.64854 ], [ -117.00468, 32.64783 ], [ -116.99287, 32.6413 ], [ -116.99038, 32.63875 ], [ -116.99616, 32.63364 ], [ -116.99861, 32.63241 ], [ -117.00688, 32.62599 ], [ -117.01258, 32.62399 ], [ -117.01723, 32.62342 ], [ -117.02061, 32.62337 ], [ -117.02301, 32.62373 ], [ -117.02759, 32.62558 ], [ -117.0321, 32.62641 ], [ -117.03517, 32.62773 ], [ -117.0436, 32.62897 ], [ -117.04499, 32.63191 ], [ -117.04724, 32.63507 ], [ -117.05515, 32.64059 ], [ -117.05271, 32.64129 ], [ -117.05285, 32.64162 ], [ -117.05443, 32.64172 ], [ -117.05439, 32.64239 ], [ -117.05516, 32.64277 ], [ -117.05577, 32.6442 ], [ -117.052, 32.6453 ], [ -117.05134, 32.64358 ], [ -117.04931, 32.64415 ], [ -117.04997, 32.64585 ], [ -117.03746, 32.64935 ], [ -117.03942, 32.65374 ], [ -117.03715, 32.65348 ], [ -117.03676, 32.65369 ], [ -117.03586, 32.65565 ], [ -117.03497, 32.65603 ], [ -117.03503, 32.65649 ], [ -117.03012, 32.65777 ], [ -117.03012, 32.65857 ], [ -117.02939, 32.65735 ], [ -117.02504, 32.65475 ] ] ], [ [ [ -117.0309, 32.65837 ], [ -117.03114, 32.65988 ], [ -117.03334, 32.65954 ], [ -117.03495, 32.66041 ], [ -117.03538, 32.65991 ], [ -117.03633, 32.65973 ], [ -117.03616, 32.65951 ], [ -117.03706, 32.65898 ], [ -117.03689, 32.65859 ], [ -117.0393, 32.65777 ], [ -117.04094, 32.65795 ], [ -117.03635, 32.66057 ], [ -117.03339, 32.66061 ], [ -117.03129, 32.66134 ], [ -117.03012, 32.65857 ], [ -117.0309, 32.65837 ] ] ], [ [ [ -117.24886, 33.17178 ], [ -117.26186, 33.15491 ], [ -117.26185, 33.1531 ], [ -117.27064, 33.15309 ], [ -117.27095, 33.17715 ], [ -117.27309, 33.17717 ], [ -117.27359, 33.18055 ], [ -117.27294, 33.18298 ], [ -117.24886, 33.17178 ] ] ] ] } },
{ "type": "Feature", "properties": { "police_beat": 32 }, "geometry": { "type": "MultiPolygon", "coordinates": [ [ [ [ -116.94081, 32.67803 ], [ -116.94075, 32.6816 ], [ -116.94505, 32.68166 ], [ -116.94496, 32.68515 ], [ -116.92785, 32.68428 ], [ -116.92782, 32.66688 ], [ -116.93436, 32.66698 ], [ -116.93437, 32.66514 ], [ -116.93656, 32.66517 ], [ -116.93659, 32.65805 ], [ -116.93728, 32.65869 ], [ -116.93796, 32.6586 ], [ -116.93754, 32.65766 ], [ -116.9379, 32.65742 ], [ -116.93834, 32.65765 ], [ -116.93677, 32.65632 ], [ -116.93681, 32.65603 ], [ -116.93777, 32.65604 ], [ -116.93784, 32.65555 ], [ -116.94073, 32.6554 ], [ -116.93906, 32.65482 ], [ -116.9393, 32.65419 ], [ -116.93855, 32.65439 ], [ -116.93684, 32.65404 ], [ -116.93725, 32.65337 ], [ -116.93945, 32.65198 ], [ -116.9374, 32.6519 ], [ -116.93725, 32.65163 ], [ -116.93773, 32.65091 ], [ -116.93851, 32.65043 ], [ -116.93889, 32.65053 ], [ -116.93929, 32.65 ], [ -116.94051, 32.65025 ], [ -116.94055, 32.64938 ], [ -116.94225, 32.64831 ], [ -116.94198, 32.64793 ], [ -116.94011, 32.64821 ], [ -116.93923, 32.6478 ], [ -116.93844, 32.64854 ], [ -116.93787, 32.64846 ], [ -116.93753, 32.64776 ], [ -116.93639, 32.64855 ], [ -116.93408, 32.64789 ], [ -116.93243, 32.6489 ], [ -116.9324, 32.64768 ], [ -116.93098, 32.64718 ], [ -116.93199, 32.64634 ], [ -116.93374, 32.64633 ], [ -116.93258, 32.64536 ], [ -116.93353, 32.64378 ], [ -116.93417, 32.6433 ], [ -116.93579, 32.64327 ], [ -116.94768, 32.64547 ], [ -116.94934, 32.64623 ], [ -116.9538, 32.64953 ], [ -116.9556, 32.6501 ], [ -116.95747, 32.6502 ], [ -116.96344, 32.64896 ], [ -116.9711, 32.646 ], [ -116.97844, 32.64229 ], [ -116.98471, 32.64122 ], [ -116.99038, 32.63875 ], [ -116.99287, 32.6413 ], [ -117.00468, 32.64783 ], [ -117.00536, 32.64854 ], [ -117.00615, 32.65017 ], [ -117.00718, 32.65095 ], [ -117.01501, 32.6521 ], [ -117.01968, 32.65457 ], [ -117.02467, 32.6547 ], [ -117.02571, 32.65499 ], [ -117.02948, 32.65744 ], [ -117.03129, 32.66134 ], [ -117.03339, 32.66061 ], [ -117.03642, 32.66054 ], [ -117.04139, 32.65785 ], [ -117.04313, 32.65655 ], [ -117.04392, 32.65848 ], [ -117.04216, 32.65876 ], [ -117.04344, 32.65959 ], [ -117.04233, 32.66252 ], [ -117.04016, 32.6649 ], [ -117.03758, 32.66551 ], [ -117.03588, 32.66532 ], [ -117.0342, 32.66557 ], [ -117.03026, 32.66659 ], [ -117.03034, 32.6668 ], [ -117.02869, 32.6673 ], [ -117.02302, 32.66863 ], [ -117.02324, 32.66682 ], [ -117.02378, 32.66581 ], [ -117.0281, 32.66277 ], [ -117.02722, 32.66059 ], [ -117.02661, 32.66004 ], [ -117.02619, 32.66016 ], [ -117.02647, 32.66087 ], [ -117.02601, 32.66101 ], [ -117.02576, 32.66041 ], [ -117.02461, 32.66074 ], [ -117.02491, 32.66149 ], [ -117.02255, 32.66193 ], [ -117.02099, 32.65965 ], [ -117.0219, 32.659 ], [ -117.02137, 32.65865 ], [ -117.02077, 32.65914 ], [ -117.02062, 32.65819 ], [ -117.02105, 32.65762 ], [ -117.0205, 32.65737 ], [ -117.02005, 32.65799 ], [ -117.01957, 32.65777 ], [ -117.01903, 32.65846 ], [ -117.01806, 32.6577 ], [ -117.01756, 32.65831 ], [ -117.01798, 32.65766 ], [ -117.01488, 32.65707 ], [ -117.01471, 32.65751 ], [ -117.01474, 32.65698 ], [ -117.01282, 32.65661 ], [ -117.01266, 32.65704 ], [ -117.01217, 32.65691 ], [ -117.01236, 32.65643 ], [ -117.01117, 32.65595 ], [ -117.00861, 32.65554 ], [ -117.01192, 32.66413 ], [ -117.00371, 32.66643 ], [ -117.00111, 32.65948 ], [ -116.99313, 32.6617 ], [ -116.99253, 32.66025 ], [ -116.98162, 32.66028 ], [ -116.98001, 32.66134 ], [ -116.98005, 32.66727 ], [ -116.98438, 32.66724 ], [ -116.98441, 32.66532 ], [ -116.98518, 32.6649 ], [ -116.98518, 32.66592 ], [ -116.98587, 32.66642 ], [ -116.98816, 32.66413 ], [ -116.98916, 32.6639 ], [ -116.99257, 32.66493 ], [ -116.99411, 32.66594 ], [ -116.99517, 32.66726 ], [ -116.99733, 32.6725 ], [ -116.99725, 32.67424 ], [ -116.98864, 32.67427 ], [ -116.98867, 32.6779 ], [ -116.98338, 32.67428 ], [ -116.9816, 32.67381 ], [ -116.98, 32.67247 ], [ -116.97999, 32.67156 ], [ -116.97782, 32.6716 ], [ -116.97783, 32.67069 ], [ -116.97566, 32.67073 ], [ -116.97565, 32.67255 ], [ -116.96258, 32.67204 ], [ -116.9624, 32.67632 ], [ -116.96061, 32.6763 ], [ -116.96057, 32.67812 ], [ -116.95843, 32.67808 ], [ -116.95815, 32.68545 ], [ -116.9496, 32.68533 ], [ -116.9495, 32.67811 ], [ -116.94081, 32.67803 ] ] ], [ [ [ -117.31149, 33.21364 ], [ -117.31262, 33.21381 ], [ -117.31524, 33.21493 ], [ -117.31783, 33.21465 ], [ -117.31898, 33.21696 ], [ -117.31924, 33.21998 ], [ -117.32046, 33.22289 ], [ -117.32014, 33.22403 ], [ -117.31837, 33.22605 ], [ -117.31826, 33.22797 ], [ -117.31568, 33.22897 ], [ -117.30808, 33.23292 ], [ -117.30739, 33.23197 ], [ -117.30535, 33.22714 ], [ -117.30163, 33.22397 ], [ -117.29983, 33.22105 ], [ -117.29864, 33.22 ], [ -117.30312, 33.21643 ], [ -117.30588, 33.21559 ], [ -117.307, 33.21492 ], [ -117.31149, 33.21364 ] ] ] ] } },
{ "type": "Feature", "properties": { "police_beat": 33 }, "geometry": { "type": "Polygon", "coordinates": [ [ [ -117.29662, 33.22228 ], [ -117.29864, 33.22 ], [ -117.29983, 33.22105 ], [ -117.30163, 33.22397 ], [ -117.30535, 33.22714 ], [ -117.30739, 33.23197 ], [ -117.30808, 33.23292 ], [ -117.30231, 33.23642 ], [ -117.29362, 33.24272 ], [ -117.2919, 33.24345 ], [ -117.28979, 33.24376 ], [ -117.28971, 33.24104 ], [ -117.29028, 33.23996 ], [ -117.29266, 33.2373 ], [ -117.29288, 33.23612 ], [ -117.29261, 33.23341 ], [ -117.29417, 33.22946 ], [ -117.29397, 33.2277 ], [ -117.29246, 33.22518 ], [ -117.29662, 33.22228 ] ] ] } },
{ "type": "Feature", "properties": { "police_beat": 34 }, "geometry": { "type": "Polygon", "coordinates": [ [ [ -117.28942, 33.20588 ], [ -117.29055, 33.20768 ], [ -117.29284, 33.20798 ], [ -117.29367, 33.20841 ], [ -117.29478, 33.20979 ], [ -117.29509, 33.21088 ], [ -117.29397, 33.2138 ], [ -117.2942, 33.21574 ], [ -117.29377, 33.21654 ], [ -117.29557, 33.2181 ], [ -117.29864, 33.22 ], [ -117.29662, 33.22228 ], [ -117.29246, 33.22518 ], [ -117.28713, 33.21663 ], [ -117.28683, 33.21318 ], [ -117.28505, 33.21058 ], [ -117.28497, 33.20724 ], [ -117.28942, 33.20588 ] ] ] } },
{ "type": "Feature", "properties": { "police_beat": 35 }, "geometry": { "type": "Polygon", "coordinates": [ [ [ -117.27677, 33.2397 ], [ -117.27856, 33.23825 ], [ -117.27925, 33.23728 ], [ -117.27951, 33.23621 ], [ -117.27936, 33.23455 ], [ -117.27994, 33.2326 ], [ -117.28337, 33.22909 ], [ -117.28521, 33.2278 ], [ -117.2875, 33.22719 ], [ -117.29246, 33.22518 ], [ -117.29397, 33.2277 ], [ -117.29417, 33.22946 ], [ -117.29261, 33.23341 ], [ -117.29288, 33.23612 ], [ -117.29266, 33.2373 ], [ -117.29028, 33.23996 ], [ -117.28971, 33.24104 ], [ -117.28979, 33.24376 ], [ -117.2858, 33.2442 ], [ -117.28165, 33.24612 ], [ -117.27845, 33.24291 ], [ -117.27567, 33.24159 ], [ -117.27677, 33.2397 ] ] ] } },
{ "type": "Feature", "properties": { "police_beat": 36 }, "geometry": { "type": "Polygon", "coordinates": [ [ [ -117.25779, 33.23525 ], [ -117.25858, 33.22889 ], [ -117.26222, 33.22718 ], [ -117.2574, 33.22457 ], [ -117.25742, 33.22343 ], [ -117.25349, 33.22338 ], [ -117.25349, 33.22315 ], [ -117.2559, 33.22316 ], [ -117.25589, 33.22118 ], [ -117.25869, 33.22102 ], [ -117.26253, 33.21928 ], [ -117.26735, 33.21904 ], [ -117.27054, 33.21666 ], [ -117.27089, 33.21713 ], [ -117.27089, 33.22217 ], [ -117.27215, 33.22362 ], [ -117.27379, 33.2238 ], [ -117.27442, 33.22417 ], [ -117.27406, 33.22463 ], [ -117.27442, 33.22574 ], [ -117.27396, 33.22699 ], [ -117.27672, 33.22852 ], [ -117.27848, 33.22896 ], [ -117.28147, 33.2311 ], [ -117.28025, 33.23218 ], [ -117.27969, 33.23313 ], [ -117.27925, 33.23728 ], [ -117.27856, 33.23825 ], [ -117.27677, 33.2397 ], [ -117.27567, 33.24159 ], [ -117.27183, 33.23996 ], [ -117.26695, 33.23912 ], [ -117.2656, 33.23833 ], [ -117.26384, 33.23669 ], [ -117.26149, 33.23584 ], [ -117.25779, 33.23525 ] ] ] } },
{ "type": "Feature", "properties": { "police_beat": 37 }, "geometry": { "type": "Polygon", "coordinates": [ [ [ -117.28793, 33.18353 ], [ -117.28394, 33.18377 ], [ -117.28395, 33.18159 ], [ -117.2801, 33.18106 ], [ -117.28002, 33.18212 ], [ -117.27825, 33.1837 ], [ -117.27737, 33.18367 ], [ -117.27737, 33.18209 ], [ -117.27886, 33.1821 ], [ -117.27886, 33.18153 ], [ -117.27838, 33.18102 ], [ -117.27638, 33.18191 ], [ -117.27518, 33.18135 ], [ -117.27378, 33.18321 ], [ -117.27294, 33.18298 ], [ -117.27359, 33.18055 ], [ -117.27309, 33.17717 ], [ -117.27526, 33.17718 ], [ -117.27526, 33.17577 ], [ -117.27956, 33.17577 ], [ -117.27956, 33.17406 ], [ -117.28089, 33.17412 ], [ -117.2815, 33.17354 ], [ -117.28302, 33.17298 ], [ -117.28389, 33.17324 ], [ -117.2839, 33.17582 ], [ -117.29888, 33.17557 ], [ -117.29915, 33.17651 ], [ -117.29935, 33.18218 ], [ -117.3038, 33.18096 ], [ -117.30689, 33.17967 ], [ -117.30919, 33.17977 ], [ -117.30695, 33.18021 ], [ -117.30065, 33.18227 ], [ -117.30153, 33.18216 ], [ -117.30012, 33.18274 ], [ -117.29667, 33.18367 ], [ -117.29165, 33.18351 ], [ -117.28825, 33.18387 ], [ -117.28793, 33.18353 ] ] ] } },
{ "type": "Feature", "properties": { "police_beat": 41 }, "geometry": { "type": "MultiPolygon", "coordinates": [ [ [ [ -116.98425, 32.62053 ], [ -116.98412, 32.61757 ], [ -116.98738, 32.61759 ], [ -116.99699, 32.61395 ], [ -116.99749, 32.61334 ], [ -116.99743, 32.61167 ], [ -116.99925, 32.61113 ], [ -116.99961, 32.6106 ], [ -117.01159, 32.60776 ], [ -117.0108, 32.60583 ], [ -117.02834, 32.60605 ], [ -117.02833, 32.60702 ], [ -117.0279, 32.6079 ], [ -117.0285, 32.61051 ], [ -117.0276, 32.61252 ], [ -117.02695, 32.61542 ], [ -117.02722, 32.61742 ], [ -117.027, 32.61943 ], [ -117.02756, 32.62195 ], [ -117.02723, 32.62281 ], [ -117.02555, 32.62478 ], [ -117.02194, 32.62347 ], [ -117.01731, 32.62341 ], [ -117.01225, 32.62406 ], [ -117.00688, 32.62599 ], [ -116.99861, 32.63241 ], [ -116.99616, 32.63364 ], [ -116.99038, 32.63875 ], [ -116.98811, 32.63541 ], [ -116.98786, 32.6339 ], [ -116.98828, 32.63132 ], [ -116.98817, 32.62988 ], [ -116.98683, 32.62621 ], [ -116.98513, 32.6233 ], [ -116.98425, 32.62053 ] ] ], [ [ [ -117.08418, 33.17672 ], [ -117.08445, 33.17669 ], [ -117.08475, 33.17466 ], [ -117.0835, 33.17502 ], [ -117.08106, 33.16908 ], [ -117.07988, 33.16907 ], [ -117.0792, 33.1673 ], [ -117.0772, 33.16722 ], [ -117.07719, 33.16598 ], [ -117.07616, 33.16598 ], [ -117.07613, 33.16411 ], [ -117.07722, 33.16349 ], [ -117.07876, 33.1635 ], [ -117.0776, 33.16065 ], [ -117.07862, 33.16006 ], [ -117.0791, 33.16062 ], [ -117.08018, 33.16018 ], [ -117.0797, 33.15944 ], [ -117.08403, 33.157 ], [ -117.08345, 33.15627 ], [ -117.08419, 33.15585 ], [ -117.0861, 33.15822 ], [ -117.08184, 33.16069 ], [ -117.08252, 33.16154 ], [ -117.08321, 33.16116 ], [ -117.08392, 33.16207 ], [ -117.08654, 33.16039 ], [ -117.08727, 33.16036 ], [ -117.08742, 33.15987 ], [ -117.08676, 33.15906 ], [ -117.08822, 33.15886 ], [ -117.0877, 33.15635 ], [ -117.08671, 33.15673 ], [ -117.08708, 33.15754 ], [ -117.08658, 33.15658 ], [ -117.08624, 33.1567 ], [ -117.08518, 33.15516 ], [ -117.08496, 33.15525 ], [ -117.08533, 33.15598 ], [ -117.08478, 33.15532 ], [ -117.08392, 33.15569 ], [ -117.08357, 33.15527 ], [ -117.08294, 33.15565 ], [ -117.08245, 33.15506 ], [ -117.0833, 33.15467 ], [ -117.08647, 33.15431 ], [ -117.08622, 33.15279 ], [ -117.08721, 33.15268 ], [ -117.0866, 33.14889 ], [ -117.08565, 33.14898 ], [ -117.08553, 33.14819 ], [ -117.08645, 33.14807 ], [ -117.08622, 33.14672 ], [ -117.08744, 33.14659 ], [ -117.08738, 33.14596 ], [ -117.08699, 33.14601 ], [ -117.08695, 33.14573 ], [ -117.08733, 33.14568 ], [ -117.08729, 33.1454 ], [ -117.08667, 33.14545 ], [ -117.08643, 33.14501 ], [ -117.08378, 33.14653 ], [ -117.08403, 33.14729 ], [ -117.08456, 33.14763 ], [ -117.08398, 33.14924 ], [ -117.08477, 33.14962 ], [ -117.08393, 33.15107 ], [ -117.08297, 33.15171 ], [ -117.08179, 33.14899 ], [ -117.07806, 33.14388 ], [ -117.07588, 33.14249 ], [ -117.07294, 33.13905 ], [ -117.07873, 33.13626 ], [ -117.09313, 33.13176 ], [ -117.09336, 33.13346 ], [ -117.09329, 33.14499 ], [ -117.09422, 33.14861 ], [ -117.09556, 33.15072 ], [ -117.10198, 33.15818 ], [ -117.10227, 33.15803 ], [ -117.10299, 33.15911 ], [ -117.10576, 33.16105 ], [ -117.10574, 33.16354 ], [ -117.11025, 33.1635 ], [ -117.11018, 33.16738 ], [ -117.10142, 33.16741 ], [ -117.10147, 33.16357 ], [ -117.0928, 33.16359 ], [ -117.09282, 33.16755 ], [ -117.09708, 33.16732 ], [ -117.09711, 33.1709 ], [ -117.09272, 33.17091 ], [ -117.09272, 33.17455 ], [ -117.09499, 33.17453 ], [ -117.09481, 33.1764 ], [ -117.09273, 33.1764 ], [ -117.09273, 33.17533 ], [ -117.09057, 33.17594 ], [ -117.08977, 33.17454 ], [ -117.08869, 33.17454 ], [ -117.08902, 33.17344 ], [ -117.0881, 33.17371 ], [ -117.08825, 33.17407 ], [ -117.08802, 33.1742 ], [ -117.08785, 33.17378 ], [ -117.08759, 33.17386 ], [ -117.08779, 33.17433 ], [ -117.08756, 33.17445 ], [ -117.08734, 33.17393 ], [ -117.08574, 33.17438 ], [ -117.08587, 33.17476 ], [ -117.08647, 33.17483 ], [ -117.0856, 33.17949 ], [ -117.08529, 33.17943 ], [ -117.08418, 33.17672 ] ], [ [ -117.0963, 33.15654 ], [ -117.09631, 33.15615 ], [ -117.09734, 33.15653 ], [ -117.10034, 33.1565 ], [ -117.09851, 33.15444 ], [ -117.09847, 33.15506 ], [ -117.09738, 33.15507 ], [ -117.09739, 33.15473 ], [ -117.09492, 33.15429 ], [ -117.09423, 33.15655 ], [ -117.0963, 33.15654 ] ] ] ] } },
{ "type": "Feature", "properties": { "police_beat": 42 }, "geometry": { "type": "MultiPolygon", "coordinates": [ [ [ [ -116.93279, 32.63419 ], [ -116.93344, 32.63388 ], [ -116.93239, 32.63349 ], [ -116.93259, 32.63302 ], [ -116.93199, 32.63034 ], [ -116.93482, 32.6293 ], [ -116.936, 32.63036 ], [ -116.93599, 32.6316 ], [ -116.93645, 32.63214 ], [ -116.93848, 32.63198 ], [ -116.93902, 32.62914 ], [ -116.93989, 32.62846 ], [ -116.94118, 32.62824 ], [ -116.94207, 32.6304 ], [ -116.94154, 32.63324 ], [ -116.94328, 32.63348 ], [ -116.94558, 32.63319 ], [ -116.94875, 32.63182 ], [ -116.94685, 32.62929 ], [ -116.94629, 32.62796 ], [ -116.94618, 32.6261 ], [ -116.94679, 32.62431 ], [ -116.94843, 32.62201 ], [ -116.95045, 32.62001 ], [ -116.9592, 32.61333 ], [ -116.96022, 32.6149 ], [ -116.96285, 32.62142 ], [ -116.97083, 32.62074 ], [ -116.9732, 32.61999 ], [ -116.97668, 32.61831 ], [ -116.97878, 32.61775 ], [ -116.98412, 32.61757 ], [ -116.98416, 32.61991 ], [ -116.98464, 32.62211 ], [ -116.98683, 32.62621 ], [ -116.98818, 32.62993 ], [ -116.98828, 32.63132 ], [ -116.98787, 32.6338 ], [ -116.98805, 32.63523 ], [ -116.98872, 32.63665 ], [ -116.99038, 32.63875 ], [ -116.98471, 32.64122 ], [ -116.97844, 32.64229 ], [ -116.9711, 32.646 ], [ -116.96322, 32.64904 ], [ -116.95804, 32.65014 ], [ -116.9563, 32.65019 ], [ -116.95332, 32.64929 ], [ -116.94934, 32.64623 ], [ -116.94768, 32.64547 ], [ -116.9332, 32.64277 ], [ -116.93279, 32.64155 ], [ -116.93287, 32.64058 ], [ -116.9336, 32.63939 ], [ -116.93223, 32.63861 ], [ -116.93122, 32.63493 ], [ -116.9314, 32.63421 ], [ -116.93279, 32.63419 ] ] ], [ [ [ -117.09313, 33.13176 ], [ -117.07873, 33.13626 ], [ -117.07294, 33.13905 ], [ -117.06796, 33.13311 ], [ -117.06704, 33.13047 ], [ -117.0756, 33.12654 ], [ -117.07653, 33.12533 ], [ -117.08728, 33.11999 ], [ -117.09313, 33.13176 ] ] ] ] } },
{ "type": "Feature", "properties": { "police_beat": 43 }, "geometry": { "type": "MultiPolygon", "coordinates": [ [ [ [ -116.96923, 32.6112 ], [ -116.96569, 32.60591 ], [ -116.96433, 32.60226 ], [ -116.96419, 32.59823 ], [ -116.96592, 32.59216 ], [ -116.96618, 32.58949 ], [ -116.966, 32.58772 ], [ -116.99945, 32.57796 ], [ -117.00101, 32.5818 ], [ -117.00122, 32.58411 ], [ -117.00294, 32.58661 ], [ -117.00774, 32.59832 ], [ -116.99916, 32.60258 ], [ -116.99961, 32.6106 ], [ -116.99925, 32.61113 ], [ -116.99743, 32.61167 ], [ -116.99732, 32.61369 ], [ -116.98738, 32.61759 ], [ -116.97878, 32.61775 ], [ -116.97668, 32.61831 ], [ -116.97134, 32.62062 ], [ -116.97097, 32.61528 ], [ -116.96923, 32.6112 ] ] ], [ [ [ -117.11577, 33.17837 ], [ -117.11868, 33.17834 ], [ -117.11891, 33.16157 ], [ -117.11631, 33.1616 ], [ -117.1163, 33.16215 ], [ -117.11303, 33.16248 ], [ -117.11311, 33.16152 ], [ -117.11359, 33.16111 ], [ -117.11351, 33.15987 ], [ -117.11244, 33.15989 ], [ -117.11026, 33.16101 ], [ -117.11027, 33.16052 ], [ -117.10962, 33.16053 ], [ -117.10936, 33.16132 ], [ -117.1084, 33.16114 ], [ -117.10919, 33.16 ], [ -117.1058, 33.16007 ], [ -117.10576, 33.16105 ], [ -117.10299, 33.15911 ], [ -117.10227, 33.15803 ], [ -117.10198, 33.15818 ], [ -117.09568, 33.15087 ], [ -117.09417, 33.14851 ], [ -117.09338, 33.14593 ], [ -117.09335, 33.13322 ], [ -117.09275, 33.13072 ], [ -117.10471, 33.12688 ], [ -117.10381, 33.12841 ], [ -117.10344, 33.12851 ], [ -117.10433, 33.12902 ], [ -117.10399, 33.12957 ], [ -117.10338, 33.12931 ], [ -117.10336, 33.12974 ], [ -117.10469, 33.13089 ], [ -117.10616, 33.13153 ], [ -117.10605, 33.13202 ], [ -117.10408, 33.13348 ], [ -117.10751, 33.13643 ], [ -117.10852, 33.13604 ], [ -117.10911, 33.13659 ], [ -117.1096, 33.13623 ], [ -117.10998, 33.13658 ], [ -117.10944, 33.13698 ], [ -117.10923, 33.13677 ], [ -117.1066, 33.13905 ], [ -117.10787, 33.14024 ], [ -117.10638, 33.14159 ], [ -117.10713, 33.14234 ], [ -117.10747, 33.1442 ], [ -117.10725, 33.14457 ], [ -117.1078, 33.14516 ], [ -117.10822, 33.14482 ], [ -117.10898, 33.14499 ], [ -117.10917, 33.1454 ], [ -117.1088, 33.14574 ], [ -117.10947, 33.14631 ], [ -117.10873, 33.14618 ], [ -117.1092, 33.14678 ], [ -117.10863, 33.14732 ], [ -117.11028, 33.1483 ], [ -117.1103, 33.14903 ], [ -117.10936, 33.14921 ], [ -117.1102, 33.14974 ], [ -117.11041, 33.15271 ], [ -117.11473, 33.15261 ], [ -117.11476, 33.15095 ], [ -117.1139, 33.15044 ], [ -117.11519, 33.14888 ], [ -117.1167, 33.14978 ], [ -117.11799, 33.14824 ], [ -117.1185, 33.14855 ], [ -117.11901, 33.14795 ], [ -117.12207, 33.14975 ], [ -117.12196, 33.15164 ], [ -117.12138, 33.15258 ], [ -117.12895, 33.157 ], [ -117.12849, 33.15791 ], [ -117.12896, 33.15968 ], [ -117.12886, 33.16104 ], [ -117.13026, 33.16118 ], [ -117.13102, 33.16057 ], [ -117.13178, 33.1605 ], [ -117.13287, 33.16097 ], [ -117.13589, 33.16039 ], [ -117.1387, 33.16071 ], [ -117.13977, 33.16123 ], [ -117.14003, 33.16216 ], [ -117.14154, 33.16229 ], [ -117.14181, 33.16274 ], [ -117.14166, 33.16334 ], [ -117.14339, 33.16406 ], [ -117.14426, 33.1639 ], [ -117.14591, 33.16454 ], [ -117.14611, 33.16745 ], [ -117.14577, 33.16839 ], [ -117.13996, 33.16833 ], [ -117.13977, 33.17204 ], [ -117.13619, 33.17192 ], [ -117.13608, 33.17468 ], [ -117.13471, 33.17463 ], [ -117.13451, 33.18018 ], [ -117.13593, 33.18005 ], [ -117.13583, 33.18284 ], [ -117.118, 33.18199 ], [ -117.11577, 33.17837 ] ], [ [ -117.10174, 33.15296 ], [ -117.10207, 33.15295 ], [ -117.10207, 33.15262 ], [ -117.10173, 33.15263 ], [ -117.10174, 33.15296 ] ], [ [ -117.10686, 33.15276 ], [ -117.10682, 33.15099 ], [ -117.10592, 33.15099 ], [ -117.10595, 33.15181 ], [ -117.10477, 33.15183 ], [ -117.10474, 33.15273 ], [ -117.10686, 33.15276 ] ], [ [ -117.10094, 33.15108 ], [ -117.10064, 33.15203 ], [ -117.10171, 33.15202 ], [ -117.10169, 33.15105 ], [ -117.10094, 33.15108 ] ], [ [ -117.10352, 33.1524 ], [ -117.10356, 33.15161 ], [ -117.10281, 33.15162 ], [ -117.1028, 33.1524 ], [ -117.10352, 33.1524 ] ], [ [ -117.09759, 33.14928 ], [ -117.09922, 33.14927 ], [ -117.0992, 33.14852 ], [ -117.0965, 33.14857 ], [ -117.09608, 33.15052 ], [ -117.0974, 33.15024 ], [ -117.09759, 33.14928 ] ], [ [ -117.0998, 33.14975 ], [ -117.10057, 33.14974 ], [ -117.10056, 33.14924 ], [ -117.09934, 33.14926 ], [ -117.09953, 33.15029 ], [ -117.09981, 33.15028 ], [ -117.0998, 33.14975 ] ], [ [ -117.09683, 33.14764 ], [ -117.09673, 33.14841 ], [ -117.09769, 33.1484 ], [ -117.09765, 33.14748 ], [ -117.09683, 33.14764 ] ], [ [ -117.09837, 33.14741 ], [ -117.09917, 33.14747 ], [ -117.09914, 33.1465 ], [ -117.09835, 33.14651 ], [ -117.09837, 33.14741 ] ] ] ] } },
{ "type": "Feature", "properties": { "police_beat": 44 }, "geometry": { "type": "MultiPolygon", "coordinates": [ [ [ [ -116.94207, 32.6304 ], [ -116.94118, 32.62824 ], [ -116.93989, 32.62846 ], [ -116.93902, 32.62914 ], [ -116.93848, 32.63198 ], [ -116.93645, 32.63214 ], [ -116.93599, 32.6316 ], [ -116.936, 32.63036 ], [ -116.93482, 32.6293 ], [ -116.93199, 32.63034 ], [ -116.93252, 32.6334 ], [ -116.93168, 32.63325 ], [ -116.93062, 32.63245 ], [ -116.93086, 32.63162 ], [ -116.93063, 32.62955 ], [ -116.93247, 32.62901 ], [ -116.93046, 32.62814 ], [ -116.93012, 32.62755 ], [ -116.93124, 32.62465 ], [ -116.93194, 32.62433 ], [ -116.93431, 32.62447 ], [ -116.932, 32.6229 ], [ -116.93293, 32.62253 ], [ -116.93241, 32.62175 ], [ -116.93316, 32.62027 ], [ -116.93453, 32.62009 ], [ -116.93345, 32.61825 ], [ -116.93278, 32.61193 ], [ -116.93446, 32.61192 ], [ -116.9324, 32.60699 ], [ -116.93401, 32.60658 ], [ -116.93323, 32.60468 ], [ -116.93164, 32.60515 ], [ -116.92891, 32.59854 ], [ -116.966, 32.58772 ], [ -116.96618, 32.58949 ], [ -116.96592, 32.59216 ], [ -116.96419, 32.59823 ], [ -116.96433, 32.60226 ], [ -116.96569, 32.60591 ], [ -116.96923, 32.6112 ], [ -116.97055, 32.6139 ], [ -116.97129, 32.61748 ], [ -116.97134, 32.62062 ], [ -116.96285, 32.62142 ], [ -116.96022, 32.6149 ], [ -116.9592, 32.61333 ], [ -116.95045, 32.62001 ], [ -116.94843, 32.62201 ], [ -116.94679, 32.62431 ], [ -116.94618, 32.6261 ], [ -116.94629, 32.62796 ], [ -116.94685, 32.62929 ], [ -116.94875, 32.63182 ], [ -116.94613, 32.63306 ], [ -116.94274, 32.63346 ], [ -116.94154, 32.63324 ], [ -116.94207, 32.6304 ] ] ], [ [ [ -117.05566, 33.16331 ], [ -117.05609, 33.16263 ], [ -117.05758, 33.16184 ], [ -117.05813, 33.16121 ], [ -117.05811, 33.15888 ], [ -117.05857, 33.15726 ], [ -117.05847, 33.15634 ], [ -117.05637, 33.15377 ], [ -117.05632, 33.15176 ], [ -117.05939, 33.15198 ], [ -117.06195, 33.15108 ], [ -117.05385, 33.14151 ], [ -117.05182, 33.1375 ], [ -117.06704, 33.13047 ], [ -117.06796, 33.13311 ], [ -117.0758, 33.14241 ], [ -117.07806, 33.14388 ], [ -117.08179, 33.14899 ], [ -117.08297, 33.15171 ], [ -117.08162, 33.15258 ], [ -117.08018, 33.15284 ], [ -117.07973, 33.1535 ], [ -117.07739, 33.15394 ], [ -117.07817, 33.15559 ], [ -117.07777, 33.15582 ], [ -117.0789, 33.15722 ], [ -117.08175, 33.15556 ], [ -117.08325, 33.15744 ], [ -117.0776, 33.16065 ], [ -117.07876, 33.1635 ], [ -117.07722, 33.16349 ], [ -117.07452, 33.16482 ], [ -117.07405, 33.16453 ], [ -117.0738, 33.16347 ], [ -117.05566, 33.16331 ] ] ] ] } },
{ "type": "Feature", "properties": { "police_beat": 45 }, "geometry": { "type": "Polygon", "coordinates": [ [ [ -117.12842, 33.13275 ], [ -117.12452, 33.13117 ], [ -117.12361, 33.13268 ], [ -117.11371, 33.12845 ], [ -117.11268, 33.13016 ], [ -117.10471, 33.12688 ], [ -117.09275, 33.13072 ], [ -117.08728, 33.11999 ], [ -117.09205, 33.11768 ], [ -117.09599, 33.11725 ], [ -117.10153, 33.11375 ], [ -117.10432, 33.10898 ], [ -117.10471, 33.10592 ], [ -117.10574, 33.10197 ], [ -117.10668, 33.10086 ], [ -117.11042, 33.09821 ], [ -117.11229, 33.09497 ], [ -117.11442, 33.09316 ], [ -117.11478, 33.09231 ], [ -117.11477, 33.09111 ], [ -117.12315, 33.09115 ], [ -117.12314, 33.09846 ], [ -117.12097, 33.09847 ], [ -117.121, 33.09665 ], [ -117.11884, 33.09667 ], [ -117.11872, 33.10136 ], [ -117.11762, 33.10135 ], [ -117.11764, 33.10304 ], [ -117.11863, 33.10303 ], [ -117.11779, 33.10446 ], [ -117.11921, 33.10579 ], [ -117.119, 33.10626 ], [ -117.12066, 33.10669 ], [ -117.12145, 33.10749 ], [ -117.12013, 33.10939 ], [ -117.12297, 33.10958 ], [ -117.12348, 33.11205 ], [ -117.12667, 33.11517 ], [ -117.12714, 33.11603 ], [ -117.12512, 33.11604 ], [ -117.12509, 33.11667 ], [ -117.12576, 33.11664 ], [ -117.12578, 33.11789 ], [ -117.12635, 33.11787 ], [ -117.12655, 33.11847 ], [ -117.12742, 33.11846 ], [ -117.12743, 33.11918 ], [ -117.12649, 33.11927 ], [ -117.12661, 33.1203 ], [ -117.12532, 33.1203 ], [ -117.12533, 33.12154 ], [ -117.12321, 33.12154 ], [ -117.12245, 33.12392 ], [ -117.12077, 33.12393 ], [ -117.12079, 33.12556 ], [ -117.12257, 33.12734 ], [ -117.12274, 33.12707 ], [ -117.12324, 33.12714 ], [ -117.12325, 33.12786 ], [ -117.12585, 33.12762 ], [ -117.12676, 33.12731 ], [ -117.12735, 33.12664 ], [ -117.12751, 33.12395 ], [ -117.13416, 33.12386 ], [ -117.13415, 33.12561 ], [ -117.13189, 33.12561 ], [ -117.13187, 33.12741 ], [ -117.12956, 33.12742 ], [ -117.12961, 33.13327 ], [ -117.12873, 33.13436 ], [ -117.12793, 33.13344 ], [ -117.12842, 33.13275 ] ] ] } },
{ "type": "Feature", "properties": { "police_beat": 46 }, "geometry": { "type": "Polygon", "coordinates": [ [ [ -117.06316, 33.20801 ], [ -117.06379, 33.20799 ], [ -117.06376, 33.20737 ], [ -117.05865, 33.20737 ], [ -117.05851, 33.20317 ], [ -117.04949, 33.20339 ], [ -117.04143, 33.19628 ], [ -117.0453, 33.19618 ], [ -117.04501, 33.18191 ], [ -117.0413, 33.18191 ], [ -117.04129, 33.18513 ], [ -117.03373, 33.18523 ], [ -117.03375, 33.18167 ], [ -117.0319, 33.17037 ], [ -117.02591, 33.1704 ], [ -117.02796, 33.16851 ], [ -117.0292, 33.16557 ], [ -117.03002, 33.1617 ], [ -117.0312, 33.15911 ], [ -117.03155, 33.15518 ], [ -117.03318, 33.14923 ], [ -117.03644, 33.14486 ], [ -117.03708, 33.14433 ], [ -117.05182, 33.1375 ], [ -117.05385, 33.14151 ], [ -117.06195, 33.15108 ], [ -117.05939, 33.15198 ], [ -117.05632, 33.15176 ], [ -117.05638, 33.15379 ], [ -117.05854, 33.15651 ], [ -117.05853, 33.15771 ], [ -117.05811, 33.15894 ], [ -117.05824, 33.16093 ], [ -117.05775, 33.16171 ], [ -117.05614, 33.16259 ], [ -117.05566, 33.16331 ], [ -117.05231, 33.16327 ], [ -117.05238, 33.16484 ], [ -117.05294, 33.16633 ], [ -117.05248, 33.16692 ], [ -117.05853, 33.16691 ], [ -117.05841, 33.17062 ], [ -117.06701, 33.17082 ], [ -117.06697, 33.19248 ], [ -117.07137, 33.19257 ], [ -117.07137, 33.19611 ], [ -117.07576, 33.19623 ], [ -117.07638, 33.20345 ], [ -117.08493, 33.20375 ], [ -117.08608, 33.21111 ], [ -117.0633, 33.21141 ], [ -117.06316, 33.20801 ] ] ] } },
{ "type": "Feature", "properties": { "police_beat": 51 }, "geometry": { "type": "MultiPolygon", "coordinates": [ [ [ [ -117.05833, 33.10594 ], [ -117.05889, 33.10534 ], [ -117.06006, 33.10503 ], [ -117.06002, 33.10394 ], [ -117.06035, 33.10396 ], [ -117.06014, 33.10265 ], [ -117.05963, 33.10265 ], [ -117.05994, 33.10319 ], [ -117.05967, 33.10366 ], [ -117.05918, 33.1035 ], [ -117.05944, 33.10302 ], [ -117.05838, 33.10264 ], [ -117.05928, 33.10095 ], [ -117.06041, 33.10025 ], [ -117.05967, 33.09778 ], [ -117.05929, 33.09776 ], [ -117.05868, 33.09887 ], [ -117.05519, 33.10218 ], [ -117.05647, 33.09496 ], [ -117.05449, 33.09459 ], [ -117.05487, 33.09332 ], [ -117.05388, 33.09275 ], [ -117.05464, 33.09147 ], [ -117.05238, 33.09019 ], [ -117.05157, 33.09166 ], [ -117.05077, 33.09231 ], [ -117.05145, 33.09245 ], [ -117.05146, 33.09341 ], [ -117.05095, 33.09425 ], [ -117.05151, 33.09483 ], [ -117.05126, 33.09577 ], [ -117.0517, 33.09651 ], [ -117.05136, 33.09699 ], [ -117.04614, 33.097 ], [ -117.04645, 33.09592 ], [ -117.04298, 33.09528 ], [ -117.04327, 33.09419 ], [ -117.04679, 33.09488 ], [ -117.04781, 33.09178 ], [ -117.04845, 33.09165 ], [ -117.04876, 33.09099 ], [ -117.04808, 33.08941 ], [ -117.05013, 33.08984 ], [ -117.05119, 33.08837 ], [ -117.05179, 33.08845 ], [ -117.05255, 33.08742 ], [ -117.05337, 33.08762 ], [ -117.05453, 33.08562 ], [ -117.05379, 33.08595 ], [ -117.05285, 33.08583 ], [ -117.05068, 33.08491 ], [ -117.04912, 33.0849 ], [ -117.04902, 33.08441 ], [ -117.05132, 33.0844 ], [ -117.05135, 33.08322 ], [ -117.05037, 33.08165 ], [ -117.05251, 33.08063 ], [ -117.05271, 33.07969 ], [ -117.05211, 33.07953 ], [ -117.05276, 33.0788 ], [ -117.05314, 33.07768 ], [ -117.05371, 33.07769 ], [ -117.05361, 33.07537 ], [ -117.05195, 33.07542 ], [ -117.05228, 33.07326 ], [ -117.04606, 33.07151 ], [ -117.04717, 33.06795 ], [ -117.04117, 33.06744 ], [ -117.03924, 33.06631 ], [ -117.03917, 33.06596 ], [ -117.03991, 33.06564 ], [ -117.03844, 33.06521 ], [ -117.03812, 33.06479 ], [ -117.03881, 33.06289 ], [ -117.03928, 33.06259 ], [ -117.04004, 33.06278 ], [ -117.0396, 33.06241 ], [ -117.04011, 33.06164 ], [ -117.04125, 33.06103 ], [ -117.04263, 33.06128 ], [ -117.043, 33.0603 ], [ -117.04454, 33.05944 ], [ -117.04493, 33.05966 ], [ -117.04531, 33.05939 ], [ -117.04874, 33.05945 ], [ -117.05015, 33.05898 ], [ -117.05125, 33.05968 ], [ -117.05447, 33.06022 ], [ -117.05349, 33.06158 ], [ -117.05563, 33.06168 ], [ -117.05811, 33.06243 ], [ -117.05753, 33.06391 ], [ -117.05759, 33.06556 ], [ -117.06118, 33.06833 ], [ -117.06189, 33.068 ], [ -117.06465, 33.06795 ], [ -117.0649, 33.06759 ], [ -117.0668, 33.06767 ], [ -117.06794, 33.06642 ], [ -117.06833, 33.0654 ], [ -117.06889, 33.06538 ], [ -117.07013, 33.07452 ], [ -117.07095, 33.07773 ], [ -117.0722, 33.08067 ], [ -117.07161, 33.08163 ], [ -117.07152, 33.08371 ], [ -117.07311, 33.0906 ], [ -117.0726, 33.09068 ], [ -117.07148, 33.09579 ], [ -117.07149, 33.09687 ], [ -117.07211, 33.09842 ], [ -117.07559, 33.10336 ], [ -117.06858, 33.10689 ], [ -117.06088, 33.10819 ], [ -117.05988, 33.10874 ], [ -117.05902, 33.10582 ], [ -117.05833, 33.10594 ] ], [ [ -117.0666, 33.10555 ], [ -117.06598, 33.10438 ], [ -117.06536, 33.10448 ], [ -117.06527, 33.1041 ], [ -117.06405, 33.10428 ], [ -117.06359, 33.10186 ], [ -117.06489, 33.10176 ], [ -117.06484, 33.10135 ], [ -117.06539, 33.1013 ], [ -117.06537, 33.101 ], [ -117.0669, 33.10086 ], [ -117.06717, 33.09953 ], [ -117.06775, 33.09916 ], [ -117.06842, 33.09952 ], [ -117.06928, 33.09832 ], [ -117.06895, 33.09777 ], [ -117.0696, 33.09744 ], [ -117.06601, 33.09675 ], [ -117.06657, 33.09451 ], [ -117.06593, 33.09413 ], [ -117.06558, 33.09235 ], [ -117.06431, 33.09019 ], [ -117.06367, 33.08997 ], [ -117.06336, 33.0886 ], [ -117.06149, 33.08596 ], [ -117.05733, 33.08616 ], [ -117.05838, 33.08826 ], [ -117.05851, 33.09066 ], [ -117.05767, 33.09089 ], [ -117.05784, 33.09151 ], [ -117.05858, 33.09146 ], [ -117.05906, 33.09568 ], [ -117.05966, 33.09595 ], [ -117.05912, 33.09596 ], [ -117.05933, 33.09748 ], [ -117.06003, 33.09716 ], [ -117.06014, 33.09778 ], [ -117.0605, 33.098 ], [ -117.06276, 33.09769 ], [ -117.06362, 33.09675 ], [ -117.06324, 33.0974 ], [ -117.06437, 33.09794 ], [ -117.06463, 33.09966 ], [ -117.06511, 33.09961 ], [ -117.06526, 33.10123 ], [ -117.06347, 33.1014 ], [ -117.06356, 33.10174 ], [ -117.0615, 33.10204 ], [ -117.06179, 33.10392 ], [ -117.06161, 33.10453 ], [ -117.06194, 33.10464 ], [ -117.0619, 33.1054 ], [ -117.06152, 33.10564 ], [ -117.06191, 33.10559 ], [ -117.06214, 33.10639 ], [ -117.0666, 33.10555 ] ] ], [ [ [ -117.03895, 33.13911 ], [ -117.03755, 33.13991 ], [ -117.03659, 33.13861 ], [ -117.03827, 33.13784 ], [ -117.03895, 33.13911 ] ] ] ] } },
{ "type": "Feature", "properties": { "police_beat": 52 }, "geometry": { "type": "Polygon", "coordinates": [ [ [ -117.06382, 33.11552 ], [ -117.06374, 33.11495 ], [ -117.06402, 33.11462 ], [ -117.06229, 33.11422 ], [ -117.06211, 33.1134 ], [ -117.06244, 33.11303 ], [ -117.0614, 33.11269 ], [ -117.06106, 33.11227 ], [ -117.06148, 33.11194 ], [ -117.06137, 33.1115 ], [ -117.06006, 33.11236 ], [ -117.05972, 33.11204 ], [ -117.06035, 33.11158 ], [ -117.05852, 33.10982 ], [ -117.06075, 33.10822 ], [ -117.06861, 33.10688 ], [ -117.07559, 33.10336 ], [ -117.08728, 33.11999 ], [ -117.07653, 33.12533 ], [ -117.0756, 33.12654 ], [ -117.06704, 33.13047 ], [ -117.06508, 33.12626 ], [ -117.06148, 33.12238 ], [ -117.06197, 33.12221 ], [ -117.06172, 33.12164 ], [ -117.06478, 33.12049 ], [ -117.0651, 33.11663 ], [ -117.0664, 33.11607 ], [ -117.06518, 33.11556 ], [ -117.06382, 33.11552 ] ] ] } },
{ "type": "Feature", "properties": { "police_beat": 53 }, "geometry": { "type": "MultiPolygon", "coordinates": [ [ [ [ -117.07305, 33.07733 ], [ -117.07351, 33.0759 ], [ -117.0703, 33.07527 ], [ -117.07013, 33.07452 ], [ -117.06889, 33.06538 ], [ -117.07013, 33.06532 ], [ -117.06962, 33.06416 ], [ -117.07004, 33.06341 ], [ -117.06986, 33.06278 ], [ -117.07124, 33.06186 ], [ -117.07275, 33.06196 ], [ -117.07297, 33.06106 ], [ -117.07354, 33.06059 ], [ -117.07508, 33.06045 ], [ -117.07665, 33.06106 ], [ -117.07765, 33.06058 ], [ -117.07803, 33.06081 ], [ -117.07778, 33.06191 ], [ -117.07887, 33.06228 ], [ -117.07924, 33.06317 ], [ -117.07874, 33.06369 ], [ -117.07931, 33.06362 ], [ -117.07985, 33.06416 ], [ -117.08036, 33.06399 ], [ -117.08204, 33.06463 ], [ -117.0816, 33.06539 ], [ -117.08202, 33.06553 ], [ -117.08234, 33.06661 ], [ -117.08256, 33.06263 ], [ -117.08367, 33.0615 ], [ -117.08386, 33.06082 ], [ -117.08499, 33.0599 ], [ -117.0857, 33.05861 ], [ -117.08767, 33.05785 ], [ -117.08785, 33.05728 ], [ -117.09039, 33.058 ], [ -117.09053, 33.05865 ], [ -117.08916, 33.07157 ], [ -117.08808, 33.07148 ], [ -117.08717, 33.0751 ], [ -117.08692, 33.07524 ], [ -117.08723, 33.07438 ], [ -117.08685, 33.07299 ], [ -117.08734, 33.07262 ], [ -117.08737, 33.07192 ], [ -117.08607, 33.0716 ], [ -117.08607, 33.07189 ], [ -117.08499, 33.07198 ], [ -117.08494, 33.07243 ], [ -117.08455, 33.07219 ], [ -117.08394, 33.07314 ], [ -117.08332, 33.0733 ], [ -117.08277, 33.07303 ], [ -117.07893, 33.07293 ], [ -117.07927, 33.0749 ], [ -117.08099, 33.07585 ], [ -117.07987, 33.07709 ], [ -117.07529, 33.07623 ], [ -117.07501, 33.07874 ], [ -117.07288, 33.07722 ], [ -117.07305, 33.07733 ] ] ], [ [ [ -117.11447, 33.08908 ], [ -117.11517, 33.08756 ], [ -117.11889, 33.08755 ], [ -117.11888, 33.08399 ], [ -117.11975, 33.08279 ], [ -117.12047, 33.08022 ], [ -117.13631, 33.08017 ], [ -117.13632, 33.08387 ], [ -117.13956, 33.08391 ], [ -117.13958, 33.08754 ], [ -117.12313, 33.08756 ], [ -117.12315, 33.09115 ], [ -117.11474, 33.09093 ], [ -117.11447, 33.08908 ] ] ], [ [ [ -117.0897, 33.09142 ], [ -117.08947, 33.09 ], [ -117.08739, 33.08962 ], [ -117.08786, 33.08777 ], [ -117.08861, 33.08864 ], [ -117.08849, 33.0891 ], [ -117.08973, 33.089 ], [ -117.09091, 33.08469 ], [ -117.09302, 33.08503 ], [ -117.0935, 33.08147 ], [ -117.09174, 33.08116 ], [ -117.09231, 33.07898 ], [ -117.09332, 33.07898 ], [ -117.09315, 33.0796 ], [ -117.09637, 33.0802 ], [ -117.09656, 33.07973 ], [ -117.09723, 33.0797 ], [ -117.09787, 33.08048 ], [ -117.10038, 33.08095 ], [ -117.1003, 33.08135 ], [ -117.10138, 33.08156 ], [ -117.10148, 33.08115 ], [ -117.10331, 33.08153 ], [ -117.10347, 33.0809 ], [ -117.10505, 33.08232 ], [ -117.10312, 33.08518 ], [ -117.102, 33.08902 ], [ -117.10109, 33.0897 ], [ -117.09849, 33.09057 ], [ -117.0979, 33.09152 ], [ -117.09576, 33.09114 ], [ -117.09486, 33.0947 ], [ -117.08855, 33.09355 ], [ -117.0897, 33.09142 ] ] ], [ [ [ -117.07279, 33.0895 ], [ -117.07417, 33.08971 ], [ -117.07353, 33.09021 ], [ -117.07293, 33.09022 ], [ -117.07279, 33.0895 ] ] ], [ [ [ -117.10715, 33.09598 ], [ -117.10725, 33.09543 ], [ -117.10812, 33.09511 ], [ -117.10939, 33.09511 ], [ -117.10991, 33.09542 ], [ -117.10983, 33.09669 ], [ -117.10715, 33.09598 ] ] ] ] } },
{ "type": "Feature", "properties": { "police_beat": 54 }, "geometry": { "type": "Polygon", "coordinates": [ [ [ -117.04929, 33.12358 ], [ -117.04964, 33.12331 ], [ -117.05043, 33.121 ], [ -117.05154, 33.12129 ], [ -117.05188, 33.12039 ], [ -117.05294, 33.12223 ], [ -117.05362, 33.12199 ], [ -117.05385, 33.12255 ], [ -117.05529, 33.12209 ], [ -117.05521, 33.12176 ], [ -117.0567, 33.12154 ], [ -117.05653, 33.12083 ], [ -117.05715, 33.12055 ], [ -117.05791, 33.12146 ], [ -117.05723, 33.12177 ], [ -117.05759, 33.12237 ], [ -117.0589, 33.12177 ], [ -117.05913, 33.12213 ], [ -117.06005, 33.12175 ], [ -117.05972, 33.12121 ], [ -117.06032, 33.12095 ], [ -117.06106, 33.12132 ], [ -117.062, 33.12303 ], [ -117.06504, 33.12621 ], [ -117.06704, 33.13047 ], [ -117.05182, 33.1375 ], [ -117.0465, 33.12935 ], [ -117.04543, 33.12885 ], [ -117.04601, 33.12492 ], [ -117.04787, 33.12235 ], [ -117.04929, 33.12358 ] ] ] } },
{ "type": "Feature", "properties": { "police_beat": 55 }, "geometry": { "type": "Polygon", "coordinates": [ [ [ -117.07185, 33.09795 ], [ -117.07145, 33.09596 ], [ -117.0726, 33.09068 ], [ -117.07638, 33.09135 ], [ -117.07668, 33.09014 ], [ -117.0772, 33.09022 ], [ -117.07731, 33.08976 ], [ -117.07828, 33.08993 ], [ -117.0784, 33.08936 ], [ -117.07756, 33.08906 ], [ -117.07846, 33.08923 ], [ -117.0791, 33.09 ], [ -117.08463, 33.09099 ], [ -117.08507, 33.08922 ], [ -117.08095, 33.08846 ], [ -117.08052, 33.08977 ], [ -117.07877, 33.08796 ], [ -117.07899, 33.08749 ], [ -117.0811, 33.08787 ], [ -117.08232, 33.08312 ], [ -117.08357, 33.08321 ], [ -117.0844, 33.08438 ], [ -117.08443, 33.08661 ], [ -117.08493, 33.08669 ], [ -117.08496, 33.08696 ], [ -117.08446, 33.08688 ], [ -117.08463, 33.08797 ], [ -117.08515, 33.08892 ], [ -117.08587, 33.08905 ], [ -117.08545, 33.0898 ], [ -117.08725, 33.09014 ], [ -117.08645, 33.09317 ], [ -117.08562, 33.09302 ], [ -117.08548, 33.0936 ], [ -117.08555, 33.09422 ], [ -117.08733, 33.09636 ], [ -117.08821, 33.09719 ], [ -117.09213, 33.09794 ], [ -117.09421, 33.09746 ], [ -117.09401, 33.09822 ], [ -117.09823, 33.099 ], [ -117.09866, 33.09724 ], [ -117.09771, 33.09707 ], [ -117.09792, 33.09619 ], [ -117.0989, 33.09637 ], [ -117.09914, 33.09546 ], [ -117.09814, 33.09529 ], [ -117.09799, 33.09588 ], [ -117.09692, 33.09537 ], [ -117.09677, 33.09597 ], [ -117.09636, 33.09591 ], [ -117.09659, 33.095 ], [ -117.09699, 33.09507 ], [ -117.09743, 33.09331 ], [ -117.09532, 33.09292 ], [ -117.09576, 33.09114 ], [ -117.0979, 33.09152 ], [ -117.09852, 33.09056 ], [ -117.10181, 33.08923 ], [ -117.10237, 33.08835 ], [ -117.10312, 33.08516 ], [ -117.10406, 33.08403 ], [ -117.1045, 33.0829 ], [ -117.10505, 33.08232 ], [ -117.10447, 33.08319 ], [ -117.10254, 33.09106 ], [ -117.1083, 33.09105 ], [ -117.10832, 33.09236 ], [ -117.11044, 33.09304 ], [ -117.10955, 33.09318 ], [ -117.10935, 33.09468 ], [ -117.11059, 33.09468 ], [ -117.11054, 33.0917 ], [ -117.11186, 33.09175 ], [ -117.11166, 33.09469 ], [ -117.11249, 33.09472 ], [ -117.11029, 33.09835 ], [ -117.10668, 33.10086 ], [ -117.10574, 33.10197 ], [ -117.10471, 33.10592 ], [ -117.10424, 33.10922 ], [ -117.10114, 33.11412 ], [ -117.09599, 33.11725 ], [ -117.09205, 33.11768 ], [ -117.08728, 33.11999 ], [ -117.07185, 33.09795 ] ], [ [ -117.09029, 33.10356 ], [ -117.09076, 33.10352 ], [ -117.09081, 33.10411 ], [ -117.09029, 33.10416 ], [ -117.09038, 33.10503 ], [ -117.09368, 33.1048 ], [ -117.09138, 33.10155 ], [ -117.09022, 33.10134 ], [ -117.09029, 33.10356 ] ], [ [ -117.10139, 33.09588 ], [ -117.09929, 33.09549 ], [ -117.09904, 33.09641 ], [ -117.10046, 33.09667 ], [ -117.10023, 33.09754 ], [ -117.10095, 33.09767 ], [ -117.10139, 33.09588 ] ], [ [ -117.10993, 33.09653 ], [ -117.11004, 33.09578 ], [ -117.10962, 33.09519 ], [ -117.10777, 33.09511 ], [ -117.10724, 33.09547 ], [ -117.10715, 33.09598 ], [ -117.10993, 33.09653 ] ] ] } },
{ "type": "Feature", "properties": { "police_beat": 56 }, "geometry": { "type": "MultiPolygon", "coordinates": [ [ [ [ -117.02278, 33.16686 ], [ -117.01644, 33.16621 ], [ -117.01617, 33.16531 ], [ -117.01575, 33.16527 ], [ -117.01496, 33.16283 ], [ -117.02307, 33.16317 ], [ -117.02391, 33.1525 ], [ -117.0239, 33.14892 ], [ -117.01936, 33.14882 ], [ -117.01926, 33.1524 ], [ -117.01466, 33.15231 ], [ -117.01522, 33.13433 ], [ -116.99844, 33.13505 ], [ -116.99917, 33.12373 ], [ -116.99863, 33.11653 ], [ -117.00285, 33.11641 ], [ -117.00279, 33.11275 ], [ -116.99411, 33.11282 ], [ -116.99399, 33.10914 ], [ -116.99828, 33.10914 ], [ -116.99831, 33.10553 ], [ -117.00274, 33.10549 ], [ -117.00274, 33.10177 ], [ -117.00722, 33.10173 ], [ -117.00718, 33.10904 ], [ -117.00898, 33.10906 ], [ -117.00891, 33.11154 ], [ -117.01106, 33.11152 ], [ -117.01105, 33.11227 ], [ -117.00942, 33.11228 ], [ -117.00941, 33.1142 ], [ -117.01278, 33.11416 ], [ -117.01053, 33.11646 ], [ -117.01149, 33.11837 ], [ -117.0125, 33.11923 ], [ -117.01251, 33.12089 ], [ -117.0152, 33.12301 ], [ -117.01714, 33.1292 ], [ -117.01741, 33.12861 ], [ -117.01797, 33.12853 ], [ -117.021, 33.1283 ], [ -117.02308, 33.12868 ], [ -117.02554, 33.12823 ], [ -117.02626, 33.12786 ], [ -117.02633, 33.12734 ], [ -117.02673, 33.12735 ], [ -117.02683, 33.12552 ], [ -117.02715, 33.12557 ], [ -117.02896, 33.12427 ], [ -117.0328, 33.12618 ], [ -117.03706, 33.12638 ], [ -117.03708, 33.12592 ], [ -117.03815, 33.12595 ], [ -117.03822, 33.12496 ], [ -117.03796, 33.1247 ], [ -117.03851, 33.12515 ], [ -117.03909, 33.1235 ], [ -117.03931, 33.12356 ], [ -117.03944, 33.1231 ], [ -117.03994, 33.12352 ], [ -117.04063, 33.12297 ], [ -117.04161, 33.12111 ], [ -117.04419, 33.122 ], [ -117.04542, 33.11952 ], [ -117.04857, 33.1206 ], [ -117.04773, 33.12259 ], [ -117.04601, 33.12492 ], [ -117.04543, 33.12885 ], [ -117.0465, 33.12935 ], [ -117.05182, 33.1375 ], [ -117.03708, 33.14433 ], [ -117.03644, 33.14486 ], [ -117.03318, 33.14923 ], [ -117.03155, 33.15518 ], [ -117.0312, 33.15911 ], [ -117.03002, 33.1617 ], [ -117.02923, 33.16548 ], [ -117.02807, 33.16833 ], [ -117.02591, 33.1704 ], [ -117.02278, 33.17042 ], [ -117.02278, 33.16686 ] ], [ [ -117.03659, 33.13861 ], [ -117.03755, 33.13991 ], [ -117.03895, 33.13911 ], [ -117.03827, 33.13784 ], [ -117.03659, 33.13861 ] ] ], [ [ [ -117.01693, 33.17966 ], [ -117.02355, 33.17977 ], [ -117.02363, 33.18061 ], [ -117.02198, 33.18058 ], [ -117.02185, 33.18209 ], [ -117.01695, 33.18198 ], [ -117.01693, 33.17966 ] ] ] ] } },
{ "type": "Feature", "properties": { "police_beat": 111 }, "geometry": { "type": "Polygon", "coordinates": [ [ [ -117.17457, 32.83433 ], [ -117.1694, 32.8334 ], [ -117.15878, 32.81563 ], [ -117.15272, 32.80871 ], [ -117.15525, 32.80188 ], [ -117.15802, 32.80077 ], [ -117.16383, 32.80318 ], [ -117.16574, 32.80354 ], [ -117.16806, 32.80302 ], [ -117.16913, 32.80219 ], [ -117.17148, 32.8023 ], [ -117.17335, 32.80192 ], [ -117.17388, 32.80213 ], [ -117.17446, 32.80373 ], [ -117.17603, 32.8062 ], [ -117.1766, 32.80908 ], [ -117.17811, 32.81129 ], [ -117.17866, 32.81298 ], [ -117.18344, 32.82222 ], [ -117.18525, 32.82391 ], [ -117.19221, 32.82736 ], [ -117.19478, 32.83126 ], [ -117.1948, 32.83448 ], [ -117.17457, 32.83433 ] ] ] } },
{ "type": "Feature", "properties": { "police_beat": 112 }, "geometry": { "type": "Polygon", "coordinates": [ [ [ -117.18524, 32.8239 ], [ -117.18348, 32.82226 ], [ -117.17866, 32.81298 ], [ -117.17811, 32.81129 ], [ -117.1766, 32.80908 ], [ -117.17603, 32.8062 ], [ -117.17446, 32.80373 ], [ -117.17388, 32.80213 ], [ -117.17448, 32.8017 ], [ -117.1742, 32.8012 ], [ -117.17439, 32.80092 ], [ -117.17479, 32.80098 ], [ -117.17449, 32.80035 ], [ -117.175, 32.79994 ], [ -117.1766, 32.79906 ], [ -117.17825, 32.79909 ], [ -117.17862, 32.79794 ], [ -117.18032, 32.79791 ], [ -117.18094, 32.79762 ], [ -117.18174, 32.79799 ], [ -117.18255, 32.79678 ], [ -117.18439, 32.79637 ], [ -117.18567, 32.79439 ], [ -117.18895, 32.79282 ], [ -117.18895, 32.79534 ], [ -117.18942, 32.79776 ], [ -117.18962, 32.79802 ], [ -117.1898, 32.79765 ], [ -117.18995, 32.79518 ], [ -117.1915, 32.79951 ], [ -117.19283, 32.80099 ], [ -117.19398, 32.80385 ], [ -117.19516, 32.8058 ], [ -117.19514, 32.80783 ], [ -117.19822, 32.81087 ], [ -117.19937, 32.81132 ], [ -117.19943, 32.81174 ], [ -117.19727, 32.81214 ], [ -117.19728, 32.8132 ], [ -117.20119, 32.81751 ], [ -117.2009, 32.81843 ], [ -117.20246, 32.82018 ], [ -117.20341, 32.82038 ], [ -117.20413, 32.82225 ], [ -117.20365, 32.82206 ], [ -117.20334, 32.82127 ], [ -117.20271, 32.82096 ], [ -117.20203, 32.82118 ], [ -117.2012, 32.82051 ], [ -117.2012, 32.8201 ], [ -117.20028, 32.82008 ], [ -117.20027, 32.8205 ], [ -117.1997, 32.8205 ], [ -117.19987, 32.82159 ], [ -117.19865, 32.82265 ], [ -117.19862, 32.82331 ], [ -117.19962, 32.82409 ], [ -117.19968, 32.82478 ], [ -117.19793, 32.82476 ], [ -117.19738, 32.82775 ], [ -117.19632, 32.8276 ], [ -117.19632, 32.82801 ], [ -117.19295, 32.82812 ], [ -117.19252, 32.82763 ], [ -117.18524, 32.8239 ] ] ] } },
{ "type": "Feature", "properties": { "police_beat": 113 }, "geometry": { "type": "Polygon", "coordinates": [ [ [ -117.21622, 32.83518 ], [ -117.21562, 32.83282 ], [ -117.21569, 32.83066 ], [ -117.21371, 32.82895 ], [ -117.21187, 32.82805 ], [ -117.21006, 32.82772 ], [ -117.20612, 32.82769 ], [ -117.20605, 32.8245 ], [ -117.20527, 32.82219 ], [ -117.20369, 32.81949 ], [ -117.2028, 32.81963 ], [ -117.20144, 32.81831 ], [ -117.20202, 32.81757 ], [ -117.20104, 32.81547 ], [ -117.20097, 32.8123 ], [ -117.20097, 32.81173 ], [ -117.20288, 32.81169 ], [ -117.20424, 32.81127 ], [ -117.20896, 32.80831 ], [ -117.21565, 32.80679 ], [ -117.22217, 32.81526 ], [ -117.23172, 32.82513 ], [ -117.23267, 32.8278 ], [ -117.23281, 32.8333 ], [ -117.23488, 32.83858 ], [ -117.23359, 32.83827 ], [ -117.22214, 32.84035 ], [ -117.21782, 32.8421 ], [ -117.21586, 32.84008 ], [ -117.21549, 32.8384 ], [ -117.21622, 32.83518 ] ] ] } },
{ "type": "Feature", "properties": { "police_beat": 114 }, "geometry": { "type": "Polygon", "coordinates": [ [ [ -117.1694, 32.8334 ], [ -117.17501, 32.83436 ], [ -117.1948, 32.83448 ], [ -117.19475, 32.83113 ], [ -117.19295, 32.82812 ], [ -117.19632, 32.82801 ], [ -117.19632, 32.8276 ], [ -117.19738, 32.82775 ], [ -117.19793, 32.82476 ], [ -117.19968, 32.82478 ], [ -117.19962, 32.82409 ], [ -117.19862, 32.82331 ], [ -117.19865, 32.82265 ], [ -117.19987, 32.82159 ], [ -117.1997, 32.8205 ], [ -117.20027, 32.8205 ], [ -117.20028, 32.82008 ], [ -117.2012, 32.8201 ], [ -117.2012, 32.82051 ], [ -117.20203, 32.82118 ], [ -117.20271, 32.82096 ], [ -117.20334, 32.82127 ], [ -117.20365, 32.82206 ], [ -117.20413, 32.82225 ], [ -117.20341, 32.82038 ], [ -117.20246, 32.82018 ], [ -117.2009, 32.81843 ], [ -117.20119, 32.81751 ], [ -117.19728, 32.8132 ], [ -117.19727, 32.81214 ], [ -117.20097, 32.81173 ], [ -117.20103, 32.81539 ], [ -117.20202, 32.81757 ], [ -117.20144, 32.81831 ], [ -117.2028, 32.81963 ], [ -117.20369, 32.81949 ], [ -117.20527, 32.82219 ], [ -117.20605, 32.8245 ], [ -117.20612, 32.82769 ], [ -117.21006, 32.82772 ], [ -117.21187, 32.82805 ], [ -117.21371, 32.82895 ], [ -117.21569, 32.83066 ], [ -117.21562, 32.83282 ], [ -117.21622, 32.83516 ], [ -117.2155, 32.83919 ], [ -117.21603, 32.84031 ], [ -117.21782, 32.8421 ], [ -117.20866, 32.84624 ], [ -117.20596, 32.84699 ], [ -117.20257, 32.84704 ], [ -117.19681, 32.84594 ], [ -117.19441, 32.84579 ], [ -117.17826, 32.84764 ], [ -117.1694, 32.8334 ] ] ] } },
{ "type": "Feature", "properties": { "police_beat": 115 }, "geometry": { "type": "Polygon", "coordinates": [ [ [ -117.2239, 32.89764 ], [ -117.22364, 32.89681 ], [ -117.22202, 32.89718 ], [ -117.21811, 32.89325 ], [ -117.22058, 32.89155 ], [ -117.2201, 32.8901 ], [ -117.21431, 32.89156 ], [ -117.21226, 32.88956 ], [ -117.20882, 32.88751 ], [ -117.20723, 32.88712 ], [ -117.20333, 32.88724 ], [ -117.19892, 32.87462 ], [ -117.19707, 32.87219 ], [ -117.1864, 32.86097 ], [ -117.1847, 32.86104 ], [ -117.18312, 32.86315 ], [ -117.18155, 32.86419 ], [ -117.17719, 32.86522 ], [ -117.1754, 32.86466 ], [ -117.17357, 32.85843 ], [ -117.18053, 32.85567 ], [ -117.18189, 32.85383 ], [ -117.17808, 32.84764 ], [ -117.19441, 32.84579 ], [ -117.19681, 32.84594 ], [ -117.20257, 32.84704 ], [ -117.20596, 32.84699 ], [ -117.20866, 32.84624 ], [ -117.22161, 32.84048 ], [ -117.23359, 32.83827 ], [ -117.23488, 32.83858 ], [ -117.23625, 32.84192 ], [ -117.23625, 32.84483 ], [ -117.23529, 32.84907 ], [ -117.23153, 32.85466 ], [ -117.23059, 32.85698 ], [ -117.22719, 32.89282 ], [ -117.22405, 32.90087 ], [ -117.2227, 32.89947 ], [ -117.22393, 32.89866 ], [ -117.2246, 32.89697 ], [ -117.2239, 32.89764 ] ] ] } },
{ "type": "Feature", "properties": { "police_beat": 116 }, "geometry": { "type": "Polygon", "coordinates": [ [ [ -117.19937, 32.81132 ], [ -117.19822, 32.81087 ], [ -117.19514, 32.80783 ], [ -117.19516, 32.8058 ], [ -117.19398, 32.80385 ], [ -117.19283, 32.80099 ], [ -117.1915, 32.79951 ], [ -117.18995, 32.79518 ], [ -117.1898, 32.79765 ], [ -117.18962, 32.79802 ], [ -117.18942, 32.79776 ], [ -117.18895, 32.79534 ], [ -117.189, 32.79206 ], [ -117.188, 32.78933 ], [ -117.18684, 32.78886 ], [ -117.18718, 32.78723 ], [ -117.18639, 32.78682 ], [ -117.18578, 32.78597 ], [ -117.18537, 32.78506 ], [ -117.18555, 32.78443 ], [ -117.18508, 32.78387 ], [ -117.18447, 32.78367 ], [ -117.18445, 32.78415 ], [ -117.18345, 32.78174 ], [ -117.18337, 32.77976 ], [ -117.18459, 32.77721 ], [ -117.18461, 32.77636 ], [ -117.18565, 32.77639 ], [ -117.18595, 32.77573 ], [ -117.18736, 32.7759 ], [ -117.19132, 32.77458 ], [ -117.19705, 32.77584 ], [ -117.19646, 32.77547 ], [ -117.19811, 32.77575 ], [ -117.19947, 32.7756 ], [ -117.20083, 32.77488 ], [ -117.20406, 32.7713 ], [ -117.20652, 32.76999 ], [ -117.20844, 32.77804 ], [ -117.20691, 32.78767 ], [ -117.20726, 32.7919 ], [ -117.20907, 32.79631 ], [ -117.21275, 32.80294 ], [ -117.21565, 32.80679 ], [ -117.20887, 32.80834 ], [ -117.20357, 32.81154 ], [ -117.19947, 32.81173 ], [ -117.19937, 32.81132 ] ] ] } },
{ "type": "Feature", "properties": { "police_beat": 121 }, "geometry": { "type": "Polygon", "coordinates": [ [ [ -117.25005, 32.78343 ], [ -117.25006, 32.78476 ], [ -117.24975, 32.78523 ], [ -117.25003, 32.78538 ], [ -117.24953, 32.78568 ], [ -117.24983, 32.78545 ], [ -117.24969, 32.78527 ], [ -117.24853, 32.78511 ], [ -117.24831, 32.78172 ], [ -117.24893, 32.78137 ], [ -117.24972, 32.78244 ], [ -117.25071, 32.78242 ], [ -117.2512, 32.77883 ], [ -117.24928, 32.77889 ], [ -117.24885, 32.77918 ], [ -117.24869, 32.77985 ], [ -117.24829, 32.77997 ], [ -117.24716, 32.77939 ], [ -117.24666, 32.77823 ], [ -117.24733, 32.7774 ], [ -117.24988, 32.77706 ], [ -117.25002, 32.77781 ], [ -117.24884, 32.77797 ], [ -117.24891, 32.77834 ], [ -117.25134, 32.77795 ], [ -117.25079, 32.77569 ], [ -117.24923, 32.77272 ], [ -117.24867, 32.77238 ], [ -117.2473, 32.77253 ], [ -117.24746, 32.77286 ], [ -117.24809, 32.77263 ], [ -117.24827, 32.77301 ], [ -117.24806, 32.77269 ], [ -117.24777, 32.7728 ], [ -117.24789, 32.77317 ], [ -117.24772, 32.77281 ], [ -117.24726, 32.77299 ], [ -117.24726, 32.77255 ], [ -117.24692, 32.77277 ], [ -117.24668, 32.77382 ], [ -117.2473, 32.77537 ], [ -117.24673, 32.77591 ], [ -117.24594, 32.77589 ], [ -117.24475, 32.7739 ], [ -117.24498, 32.77287 ], [ -117.24589, 32.77169 ], [ -117.24492, 32.77072 ], [ -117.24411, 32.7705 ], [ -117.24322, 32.77095 ], [ -117.24277, 32.77027 ], [ -117.24312, 32.76893 ], [ -117.24494, 32.76676 ], [ -117.24629, 32.7637 ], [ -117.24687, 32.76412 ], [ -117.24633, 32.76484 ], [ -117.24684, 32.76608 ], [ -117.24594, 32.76786 ], [ -117.24599, 32.76853 ], [ -117.24798, 32.76999 ], [ -117.24871, 32.76996 ], [ -117.24919, 32.7695 ], [ -117.24866, 32.76813 ], [ -117.24955, 32.7658 ], [ -117.2497, 32.76364 ], [ -117.24773, 32.76052 ], [ -117.24659, 32.76091 ], [ -117.24654, 32.76171 ], [ -117.2461, 32.76205 ], [ -117.24535, 32.76189 ], [ -117.24524, 32.76104 ], [ -117.2458, 32.7603 ], [ -117.24667, 32.75992 ], [ -117.26035, 32.75831 ], [ -117.25354, 32.75923 ], [ -117.25334, 32.76003 ], [ -117.25283, 32.76679 ], [ -117.25344, 32.77935 ], [ -117.25414, 32.78445 ], [ -117.25552, 32.79053 ], [ -117.25192, 32.79133 ], [ -117.25138, 32.78962 ], [ -117.25203, 32.78898 ], [ -117.25235, 32.78694 ], [ -117.25068, 32.78313 ], [ -117.25005, 32.78343 ] ] ] } },
{ "type": "Feature", "properties": { "police_beat": 122 }, "geometry": { "type": "Polygon", "coordinates": [ [ [ -117.21315, 32.80358 ], [ -117.20907, 32.79631 ], [ -117.21275, 32.79978 ], [ -117.21214, 32.79873 ], [ -117.21851, 32.79863 ], [ -117.22996, 32.7962 ], [ -117.22931, 32.79326 ], [ -117.23115, 32.79145 ], [ -117.23052, 32.79056 ], [ -117.22961, 32.79103 ], [ -117.22999, 32.79036 ], [ -117.23164, 32.78899 ], [ -117.2317, 32.7855 ], [ -117.23276, 32.78248 ], [ -117.23475, 32.77965 ], [ -117.23732, 32.77954 ], [ -117.23847, 32.78022 ], [ -117.23993, 32.78315 ], [ -117.24033, 32.78622 ], [ -117.24142, 32.78908 ], [ -117.24324, 32.79069 ], [ -117.24637, 32.79142 ], [ -117.24912, 32.79125 ], [ -117.25138, 32.78962 ], [ -117.25192, 32.79133 ], [ -117.25552, 32.79053 ], [ -117.2572, 32.79587 ], [ -117.25958, 32.7956 ], [ -117.2574, 32.79638 ], [ -117.25973, 32.80153 ], [ -117.26275, 32.8057 ], [ -117.26188, 32.80558 ], [ -117.26091, 32.80589 ], [ -117.26, 32.80662 ], [ -117.26132, 32.80772 ], [ -117.26217, 32.80799 ], [ -117.25928, 32.80862 ], [ -117.26011, 32.81141 ], [ -117.25636, 32.81222 ], [ -117.25594, 32.81304 ], [ -117.23654, 32.81727 ], [ -117.2341, 32.82002 ], [ -117.23395, 32.8213 ], [ -117.2331, 32.82161 ], [ -117.23257, 32.82255 ], [ -117.23017, 32.82329 ], [ -117.22217, 32.81526 ], [ -117.21315, 32.80358 ] ] ] } },
{ "type": "Feature", "properties": { "police_beat": 123 }, "geometry": { "type": "Polygon", "coordinates": [ [ [ -117.25913, 32.75587 ], [ -117.25369, 32.7567 ], [ -117.25406, 32.75907 ], [ -117.24673, 32.75991 ], [ -117.24574, 32.76035 ], [ -117.24519, 32.76118 ], [ -117.24537, 32.76191 ], [ -117.24631, 32.76196 ], [ -117.24659, 32.76159 ], [ -117.24649, 32.76101 ], [ -117.24773, 32.76052 ], [ -117.2497, 32.76364 ], [ -117.24955, 32.7658 ], [ -117.24866, 32.76813 ], [ -117.24919, 32.7695 ], [ -117.24871, 32.76996 ], [ -117.24798, 32.76999 ], [ -117.24599, 32.76853 ], [ -117.24594, 32.76786 ], [ -117.24684, 32.76608 ], [ -117.24633, 32.76484 ], [ -117.24687, 32.76412 ], [ -117.24629, 32.7637 ], [ -117.24494, 32.76676 ], [ -117.24312, 32.76893 ], [ -117.24277, 32.76977 ], [ -117.2431, 32.7709 ], [ -117.24411, 32.7705 ], [ -117.24492, 32.77072 ], [ -117.24589, 32.77169 ], [ -117.24498, 32.77287 ], [ -117.24475, 32.77378 ], [ -117.24575, 32.77578 ], [ -117.24662, 32.77594 ], [ -117.2473, 32.77537 ], [ -117.24668, 32.77382 ], [ -117.24676, 32.77294 ], [ -117.24726, 32.77255 ], [ -117.24726, 32.77299 ], [ -117.24772, 32.77281 ], [ -117.24789, 32.77317 ], [ -117.24777, 32.7728 ], [ -117.24806, 32.77269 ], [ -117.24827, 32.77301 ], [ -117.24809, 32.77263 ], [ -117.24746, 32.77286 ], [ -117.2473, 32.77253 ], [ -117.24853, 32.77238 ], [ -117.24919, 32.77265 ], [ -117.25064, 32.77534 ], [ -117.25141, 32.77749 ], [ -117.25128, 32.77801 ], [ -117.24891, 32.77834 ], [ -117.24884, 32.77797 ], [ -117.25002, 32.77781 ], [ -117.24988, 32.77706 ], [ -117.24733, 32.7774 ], [ -117.24666, 32.77823 ], [ -117.24716, 32.77939 ], [ -117.24829, 32.77997 ], [ -117.24869, 32.77985 ], [ -117.24885, 32.77918 ], [ -117.24928, 32.77889 ], [ -117.25088, 32.77869 ], [ -117.25125, 32.7789 ], [ -117.25071, 32.78242 ], [ -117.24972, 32.78244 ], [ -117.24893, 32.78137 ], [ -117.24834, 32.78165 ], [ -117.24861, 32.78365 ], [ -117.24834, 32.78472 ], [ -117.24878, 32.78529 ], [ -117.24969, 32.78527 ], [ -117.24983, 32.78545 ], [ -117.24953, 32.78568 ], [ -117.25003, 32.78538 ], [ -117.24975, 32.78523 ], [ -117.25006, 32.78476 ], [ -117.25011, 32.78333 ], [ -117.25061, 32.78312 ], [ -117.25094, 32.78333 ], [ -117.25235, 32.78694 ], [ -117.25216, 32.78858 ], [ -117.25173, 32.78933 ], [ -117.24912, 32.79125 ], [ -117.24637, 32.79142 ], [ -117.24324, 32.79069 ], [ -117.24142, 32.78908 ], [ -117.24033, 32.78622 ], [ -117.23993, 32.78315 ], [ -117.23847, 32.78022 ], [ -117.23732, 32.77954 ], [ -117.23482, 32.77962 ], [ -117.23257, 32.78291 ], [ -117.23159, 32.78595 ], [ -117.23163, 32.78901 ], [ -117.22999, 32.79036 ], [ -117.22961, 32.79103 ], [ -117.23052, 32.79056 ], [ -117.23115, 32.79145 ], [ -117.22931, 32.79326 ], [ -117.22996, 32.7962 ], [ -117.22126, 32.79803 ], [ -117.21851, 32.79863 ], [ -117.21214, 32.79873 ], [ -117.21275, 32.79978 ], [ -117.20907, 32.79631 ], [ -117.20773, 32.79345 ], [ -117.20711, 32.79129 ], [ -117.20691, 32.78767 ], [ -117.20835, 32.77942 ], [ -117.20841, 32.77766 ], [ -117.20387, 32.76001 ], [ -117.21807, 32.75814 ], [ -117.23511, 32.75634 ], [ -117.23337, 32.7589 ], [ -117.25913, 32.75587 ] ] ] } },
{ "type": "Feature", "properties": { "police_beat": 124 }, "geometry": { "type": "Polygon", "coordinates": [ [ [ -117.23067, 32.85665 ], [ -117.23153, 32.85466 ], [ -117.23529, 32.84907 ], [ -117.23638, 32.84353 ], [ -117.23607, 32.84128 ], [ -117.23281, 32.8333 ], [ -117.23243, 32.82672 ], [ -117.23157, 32.82489 ], [ -117.23017, 32.82329 ], [ -117.23257, 32.82255 ], [ -117.2331, 32.82161 ], [ -117.23395, 32.8213 ], [ -117.2341, 32.82002 ], [ -117.23654, 32.81727 ], [ -117.25594, 32.81304 ], [ -117.25636, 32.81222 ], [ -117.26011, 32.81141 ], [ -117.25928, 32.80862 ], [ -117.26217, 32.80799 ], [ -117.26132, 32.80772 ], [ -117.26, 32.80662 ], [ -117.26091, 32.80589 ], [ -117.26188, 32.80558 ], [ -117.26275, 32.8057 ], [ -117.26399, 32.80719 ], [ -117.26518, 32.80794 ], [ -117.26764, 32.80777 ], [ -117.26887, 32.80897 ], [ -117.2698, 32.81126 ], [ -117.27136, 32.81308 ], [ -117.27245, 32.81407 ], [ -117.27345, 32.8142 ], [ -117.27359, 32.81522 ], [ -117.27407, 32.8156 ], [ -117.27303, 32.81691 ], [ -117.27367, 32.81786 ], [ -117.27461, 32.81862 ], [ -117.27544, 32.81842 ], [ -117.27696, 32.81905 ], [ -117.2774, 32.81973 ], [ -117.27818, 32.8199 ], [ -117.28026, 32.82134 ], [ -117.28074, 32.82247 ], [ -117.28103, 32.8224 ], [ -117.2804, 32.82345 ], [ -117.28065, 32.82406 ], [ -117.28008, 32.82481 ], [ -117.27987, 32.82619 ], [ -117.28007, 32.82775 ], [ -117.281, 32.82977 ], [ -117.28126, 32.83116 ], [ -117.28234, 32.83273 ], [ -117.28162, 32.83467 ], [ -117.28162, 32.83562 ], [ -117.28138, 32.8357 ], [ -117.28158, 32.83837 ], [ -117.28224, 32.84016 ], [ -117.2813, 32.84308 ], [ -117.27909, 32.84464 ], [ -117.27902, 32.84752 ], [ -117.27856, 32.84789 ], [ -117.27817, 32.84768 ], [ -117.27732, 32.84792 ], [ -117.276, 32.84948 ], [ -117.27511, 32.84971 ], [ -117.27364, 32.8512 ], [ -117.27314, 32.85106 ], [ -117.27278, 32.85034 ], [ -117.27133, 32.85045 ], [ -117.27045, 32.84963 ], [ -117.27039, 32.85015 ], [ -117.27006, 32.85016 ], [ -117.26976, 32.84967 ], [ -117.26763, 32.84867 ], [ -117.26661, 32.84902 ], [ -117.26528, 32.84888 ], [ -117.26424, 32.84953 ], [ -117.26306, 32.85122 ], [ -117.26119, 32.85229 ], [ -117.25619, 32.85974 ], [ -117.25533, 32.8618 ], [ -117.25436, 32.8662 ], [ -117.25736, 32.86714 ], [ -117.25435, 32.86627 ], [ -117.25316, 32.87158 ], [ -117.24738, 32.87135 ], [ -117.24358, 32.87156 ], [ -117.24279, 32.87048 ], [ -117.24157, 32.87009 ], [ -117.23789, 32.8718 ], [ -117.23218, 32.87165 ], [ -117.22897, 32.87215 ], [ -117.23067, 32.85665 ] ] ] } },
{ "type": "Feature", "properties": { "police_beat": 126 }, "geometry": { "type": "Polygon", "coordinates": [ [ [ -117.23726, 32.91182 ], [ -117.23756, 32.91152 ], [ -117.23712, 32.91102 ], [ -117.23559, 32.91103 ], [ -117.23429, 32.9103 ], [ -117.23356, 32.90947 ], [ -117.23293, 32.90749 ], [ -117.23419, 32.90748 ], [ -117.23419, 32.90627 ], [ -117.23527, 32.90572 ], [ -117.23528, 32.90438 ], [ -117.23474, 32.90316 ], [ -117.23301, 32.90214 ], [ -117.23223, 32.90105 ], [ -117.22672, 32.9017 ], [ -117.2267, 32.90269 ], [ -117.22536, 32.90221 ], [ -117.22405, 32.90087 ], [ -117.22712, 32.89329 ], [ -117.22897, 32.87215 ], [ -117.23218, 32.87165 ], [ -117.23789, 32.8718 ], [ -117.24157, 32.87009 ], [ -117.24279, 32.87048 ], [ -117.24358, 32.87156 ], [ -117.24738, 32.87135 ], [ -117.25316, 32.87158 ], [ -117.25204, 32.87304 ], [ -117.25131, 32.87634 ], [ -117.25209, 32.88089 ], [ -117.25305, 32.88367 ], [ -117.25393, 32.89852 ], [ -117.25524, 32.90636 ], [ -117.25567, 32.90664 ], [ -117.25593, 32.90765 ], [ -117.25381, 32.90763 ], [ -117.25356, 32.90851 ], [ -117.25221, 32.90893 ], [ -117.24955, 32.90879 ], [ -117.24757, 32.90911 ], [ -117.24791, 32.91053 ], [ -117.24894, 32.91083 ], [ -117.25018, 32.91039 ], [ -117.25093, 32.91136 ], [ -117.24947, 32.91261 ], [ -117.24796, 32.9145 ], [ -117.24715, 32.91465 ], [ -117.24548, 32.91283 ], [ -117.24481, 32.91296 ], [ -117.24359, 32.91407 ], [ -117.24359, 32.91478 ], [ -117.23726, 32.91182 ] ] ] } },
{ "type": "Feature", "properties": { "police_beat": 201 }, "geometry": { "type": "MultiPolygon", "coordinates": [ [ [ [ -117.5108, 33.33731 ], [ -117.52191, 33.34594 ], [ -117.5449, 33.36216 ], [ -117.54933, 33.36476 ], [ -117.54777, 33.36677 ], [ -117.5281, 33.35339 ], [ -117.52367, 33.34941 ], [ -117.51636, 33.34524 ], [ -117.50148, 33.33439 ], [ -117.50452, 33.33154 ], [ -117.5108, 33.33731 ] ] ], [ [ [ -117.56451, 33.37175 ], [ -117.56869, 33.37473 ], [ -117.57063, 33.37708 ], [ -117.57227, 33.37838 ], [ -117.57093, 33.38026 ], [ -117.56592, 33.37821 ], [ -117.56459, 33.37717 ], [ -117.56361, 33.37582 ], [ -117.55986, 33.37376 ], [ -117.56206, 33.37081 ], [ -117.56451, 33.37175 ] ] ], [ [ [ -117.57171, 33.44972 ], [ -117.57085, 33.44745 ], [ -117.57076, 33.44627 ], [ -117.57148, 33.44426 ], [ -117.57141, 33.44218 ], [ -117.57217, 33.44142 ], [ -117.57342, 33.42848 ], [ -117.57192, 33.42723 ], [ -117.5699, 33.42808 ], [ -117.57022, 33.42648 ], [ -117.57008, 33.42426 ], [ -117.57216, 33.42422 ], [ -117.57214, 33.42171 ], [ -117.56939, 33.42176 ], [ -117.56943, 33.41953 ], [ -117.5727, 33.41959 ], [ -117.57285, 33.41611 ], [ -117.57289, 33.41234 ], [ -117.57067, 33.41239 ], [ -117.57054, 33.40391 ], [ -117.5821, 33.39179 ], [ -117.58293, 33.39131 ], [ -117.58569, 33.38698 ], [ -117.58575, 33.38666 ], [ -117.58429, 33.38549 ], [ -117.58406, 33.38497 ], [ -117.5851, 33.38213 ], [ -117.58805, 33.3826 ], [ -117.5896, 33.38238 ], [ -117.5917, 33.38429 ], [ -117.59406, 33.38539 ], [ -117.59618, 33.38712 ], [ -117.57853, 33.45381 ], [ -117.56884, 33.45257 ], [ -117.57042, 33.45132 ], [ -117.57171, 33.44972 ] ] ] ] } },
{ "type": "Feature", "properties": { "police_beat": 202 }, "geometry": { "type": "Polygon", "coordinates": [ [ [ -117.46975, 33.47087 ], [ -117.46749, 33.47308 ], [ -117.4657, 33.47386 ], [ -117.46602, 33.47625 ], [ -117.46566, 33.47741 ], [ -117.46135, 33.47639 ], [ -117.45089, 33.47298 ], [ -117.40845, 33.46048 ], [ -117.40049, 33.4557 ], [ -117.39655, 33.44218 ], [ -117.39487, 33.43795 ], [ -117.38837, 33.4294 ], [ -117.33962, 33.43085 ], [ -117.33935, 33.41677 ], [ -117.3402, 33.40266 ], [ -117.33202, 33.40253 ], [ -117.33201, 33.40625 ], [ -117.32273, 33.40617 ], [ -117.32233, 33.41678 ], [ -117.31798, 33.41677 ], [ -117.31803, 33.41316 ], [ -117.31356, 33.41307 ], [ -117.31347, 33.40793 ], [ -117.29541, 33.41786 ], [ -117.27428, 33.40738 ], [ -117.2616, 33.40639 ], [ -117.25524, 33.4065 ], [ -117.25582, 33.40204 ], [ -117.25613, 33.40204 ], [ -117.25682, 33.39851 ], [ -117.2621, 33.35841 ], [ -117.25367, 33.35836 ], [ -117.25368, 33.34017 ], [ -117.24937, 33.34015 ], [ -117.24935, 33.3294 ], [ -117.26577, 33.32921 ], [ -117.26975, 33.30005 ], [ -117.38949, 33.20782 ], [ -117.39003, 33.20795 ], [ -117.39042, 33.20712 ], [ -117.39252, 33.20701 ], [ -117.39407, 33.20846 ], [ -117.39424, 33.20954 ], [ -117.39361, 33.20988 ], [ -117.39371, 33.21063 ], [ -117.3944, 33.21081 ], [ -117.39375, 33.21273 ], [ -117.39556, 33.214 ], [ -117.39859, 33.21052 ], [ -117.39811, 33.20936 ], [ -117.4024, 33.20555 ], [ -117.40282, 33.2056 ], [ -117.403, 33.20623 ], [ -117.40583, 33.20925 ], [ -117.40572, 33.21385 ], [ -117.40458, 33.215 ], [ -117.40674, 33.2188 ], [ -117.41172, 33.2255 ], [ -117.41913, 33.23425 ], [ -117.42158, 33.23767 ], [ -117.42934, 33.24689 ], [ -117.43175, 33.25055 ], [ -117.44463, 33.26624 ], [ -117.46986, 33.29575 ], [ -117.48688, 33.31443 ], [ -117.49467, 33.32237 ], [ -117.50452, 33.33154 ], [ -117.50148, 33.33439 ], [ -117.51636, 33.34524 ], [ -117.52367, 33.34941 ], [ -117.5281, 33.35339 ], [ -117.54197, 33.36291 ], [ -117.54846, 33.36719 ], [ -117.5577, 33.37211 ], [ -117.55769, 33.37253 ], [ -117.56361, 33.37582 ], [ -117.56461, 33.37719 ], [ -117.56599, 33.37825 ], [ -117.57093, 33.38026 ], [ -117.57227, 33.37838 ], [ -117.57395, 33.37952 ], [ -117.5758, 33.38027 ], [ -117.58028, 33.38087 ], [ -117.58237, 33.38175 ], [ -117.5851, 33.38213 ], [ -117.58406, 33.38497 ], [ -117.58429, 33.38549 ], [ -117.58575, 33.38666 ], [ -117.58569, 33.38698 ], [ -117.58293, 33.39131 ], [ -117.5821, 33.39179 ], [ -117.57054, 33.40391 ], [ -117.57067, 33.41239 ], [ -117.57289, 33.41234 ], [ -117.57285, 33.41611 ], [ -117.5727, 33.41959 ], [ -117.56943, 33.41953 ], [ -117.56939, 33.42176 ], [ -117.57214, 33.42171 ], [ -117.57216, 33.42422 ], [ -117.57008, 33.42426 ], [ -117.57022, 33.42648 ], [ -117.5699, 33.42808 ], [ -117.57192, 33.42723 ], [ -117.57342, 33.42848 ], [ -117.57217, 33.44142 ], [ -117.57141, 33.44218 ], [ -117.57148, 33.44426 ], [ -117.57076, 33.44627 ], [ -117.57085, 33.44745 ], [ -117.57171, 33.44972 ], [ -117.56993, 33.45174 ], [ -117.56884, 33.45257 ], [ -117.55984, 33.45139 ], [ -117.53817, 33.45488 ], [ -117.5095, 33.47027 ], [ -117.50938, 33.48403 ], [ -117.48778, 33.5037 ], [ -117.47232, 33.48785 ], [ -117.47577, 33.47089 ], [ -117.46975, 33.47087 ] ], [ [ -117.48183, 33.31358 ], [ -117.48183, 33.31491 ], [ -117.48323, 33.3149 ], [ -117.48322, 33.31357 ], [ -117.48183, 33.31358 ] ], [ [ -117.44025, 33.2702 ], [ -117.43975, 33.27063 ], [ -117.44118, 33.27175 ], [ -117.44174, 33.27137 ], [ -117.44025, 33.2702 ] ], [ [ -117.43691, 33.26931 ], [ -117.43564, 33.26935 ], [ -117.43565, 33.27016 ], [ -117.43692, 33.27009 ], [ -117.43691, 33.26931 ] ] ] } },
{ "type": "Feature", "properties": { "police_beat": 203 }, "geometry": { "type": "Polygon", "coordinates": [ [ [ -117.54933, 33.36476 ], [ -117.56206, 33.37081 ], [ -117.55986, 33.37376 ], [ -117.55769, 33.37253 ], [ -117.5577, 33.37211 ], [ -117.54777, 33.36677 ], [ -117.54933, 33.36476 ] ] ] } },
{ "type": "Feature", "properties": { "police_beat": 204 }, "geometry": { "type": "MultiPolygon", "coordinates": [ [ [ [ -117.43692, 33.27009 ], [ -117.43565, 33.27016 ], [ -117.43564, 33.26935 ], [ -117.43691, 33.26931 ], [ -117.43692, 33.27009 ] ] ], [ [ [ -117.44118, 33.27175 ], [ -117.43975, 33.27063 ], [ -117.44025, 33.2702 ], [ -117.44174, 33.27137 ], [ -117.44118, 33.27175 ] ] ], [ [ [ -117.48183, 33.31491 ], [ -117.48183, 33.31358 ], [ -117.48322, 33.31357 ], [ -117.48323, 33.3149 ], [ -117.48183, 33.31491 ] ] ] ] } },
{ "type": "Feature", "properties": { "police_beat": 205 }, "geometry": { "type": "Polygon", "coordinates": [ [ [ -117.39859, 33.21052 ], [ -117.39839, 33.2107 ], [ -117.3976, 33.20977 ], [ -117.39801, 33.20946 ], [ -117.39859, 33.21052 ] ] ] } },
{ "type": "Feature", "properties": { "police_beat": 206 }, "geometry": { "type": "Polygon", "coordinates": [ [ [ -117.27709, 33.07802 ], [ -117.27302, 33.07803 ], [ -117.27237, 33.0692 ], [ -117.26824, 33.06896 ], [ -117.26833, 33.06995 ], [ -117.26233, 33.07024 ], [ -117.26222, 33.06759 ], [ -117.26036, 33.06736 ], [ -117.26026, 33.05844 ], [ -117.26271, 33.05846 ], [ -117.26465, 33.05923 ], [ -117.26524, 33.05877 ], [ -117.26525, 33.05778 ], [ -117.26806, 33.0578 ], [ -117.26825, 33.05062 ], [ -117.27259, 33.05069 ], [ -117.27241, 33.05429 ], [ -117.27892, 33.05437 ], [ -117.27902, 33.05636 ], [ -117.28069, 33.06154 ], [ -117.2805, 33.07235 ], [ -117.28148, 33.07862 ], [ -117.27999, 33.07862 ], [ -117.28007, 33.07959 ], [ -117.27741, 33.07968 ], [ -117.27709, 33.07802 ] ] ] } },
{ "type": "Feature", "properties": { "police_beat": 208 }, "geometry": { "type": "Polygon", "coordinates": [ [ [ -117.30437, 33.06239 ], [ -117.30543, 33.06515 ], [ -117.30678, 33.06726 ], [ -117.31047, 33.07649 ], [ -117.3098, 33.07644 ], [ -117.30606, 33.06731 ], [ -117.30373, 33.06254 ], [ -117.30437, 33.06239 ] ] ] } },
{ "type": "Feature", "properties": { "police_beat": 210 }, "geometry": { "type": "Polygon", "coordinates": [ [ [ -117.30763, 33.0805 ], [ -117.30143, 33.06201 ], [ -117.29825, 33.05664 ], [ -117.29993, 33.05617 ], [ -117.30083, 33.05701 ], [ -117.30197, 33.05676 ], [ -117.30256, 33.05815 ], [ -117.3028, 33.05815 ], [ -117.30437, 33.06239 ], [ -117.30373, 33.06254 ], [ -117.30606, 33.06731 ], [ -117.3098, 33.07644 ], [ -117.31047, 33.07649 ], [ -117.31194, 33.08197 ], [ -117.31152, 33.08197 ], [ -117.31161, 33.0824 ], [ -117.31122, 33.08255 ], [ -117.31035, 33.08231 ], [ -117.30924, 33.08302 ], [ -117.30763, 33.0805 ] ] ] } },
{ "type": "Feature", "properties": { "police_beat": 211 }, "geometry": { "type": "Polygon", "coordinates": [ [ [ -117.29903, 33.08408 ], [ -117.29811, 33.0842 ], [ -117.29766, 33.08312 ], [ -117.29227, 33.06509 ], [ -117.29648, 33.06468 ], [ -117.2993, 33.06494 ], [ -117.30219, 33.06421 ], [ -117.30775, 33.08084 ], [ -117.30941, 33.08357 ], [ -117.30808, 33.0839 ], [ -117.30815, 33.08412 ], [ -117.30552, 33.08414 ], [ -117.30366, 33.08631 ], [ -117.3011, 33.08723 ], [ -117.30049, 33.0865 ], [ -117.30047, 33.08559 ], [ -117.29959, 33.08491 ], [ -117.29903, 33.08408 ] ] ] } },
{ "type": "Feature", "properties": { "police_beat": 212 }, "geometry": { "type": "Polygon", "coordinates": [ [ [ -117.27295, 33.08538 ], [ -117.27004, 33.08525 ], [ -117.27002, 33.08045 ], [ -117.27314, 33.08045 ], [ -117.27302, 33.07803 ], [ -117.27709, 33.07802 ], [ -117.27741, 33.07968 ], [ -117.28007, 33.07959 ], [ -117.27999, 33.07862 ], [ -117.28148, 33.07862 ], [ -117.2805, 33.07235 ], [ -117.28069, 33.06154 ], [ -117.27908, 33.05655 ], [ -117.27888, 33.05508 ], [ -117.27918, 33.04968 ], [ -117.27972, 33.04828 ], [ -117.27931, 33.04744 ], [ -117.28035, 33.04692 ], [ -117.2815, 33.04683 ], [ -117.28441, 33.04811 ], [ -117.28711, 33.04838 ], [ -117.29811, 33.0842 ], [ -117.2929, 33.08656 ], [ -117.29047, 33.08721 ], [ -117.28471, 33.08725 ], [ -117.28, 33.08798 ], [ -117.2771, 33.08734 ], [ -117.27295, 33.08538 ] ] ] } },
{ "type": "Feature", "properties": { "police_beat": 214 }, "geometry": { "type": "Polygon", "coordinates": [ [ [ -117.29227, 33.06509 ], [ -117.28711, 33.04838 ], [ -117.29166, 33.04894 ], [ -117.29883, 33.04818 ], [ -117.30197, 33.05676 ], [ -117.30083, 33.05701 ], [ -117.29993, 33.05617 ], [ -117.29825, 33.05664 ], [ -117.30087, 33.0608 ], [ -117.30219, 33.06421 ], [ -117.29937, 33.06494 ], [ -117.29645, 33.06468 ], [ -117.29227, 33.06509 ] ] ] } },
{ "type": "Feature", "properties": { "police_beat": 215 }, "geometry": { "type": "Polygon", "coordinates": [ [ [ -117.25973, 33.0485 ], [ -117.25958, 33.04592 ], [ -117.2666, 33.04617 ], [ -117.27007, 33.04528 ], [ -117.2716, 33.04588 ], [ -117.27305, 33.048 ], [ -117.27429, 33.04871 ], [ -117.27699, 33.04866 ], [ -117.27931, 33.04744 ], [ -117.2796, 33.04777 ], [ -117.27969, 33.04851 ], [ -117.27918, 33.04968 ], [ -117.27892, 33.05437 ], [ -117.27241, 33.05429 ], [ -117.27259, 33.05069 ], [ -117.26825, 33.05062 ], [ -117.26806, 33.0578 ], [ -117.26525, 33.05778 ], [ -117.26524, 33.05877 ], [ -117.26465, 33.05923 ], [ -117.26376, 33.05874 ], [ -117.26271, 33.05862 ], [ -117.26268, 33.05781 ], [ -117.25973, 33.0485 ] ] ] } },
{ "type": "Feature", "properties": { "police_beat": 220 }, "geometry": { "type": "Polygon", "coordinates": [ [ [ -117.29505, 33.04789 ], [ -117.29604, 33.04785 ], [ -117.29594, 33.04712 ], [ -117.29692, 33.04702 ], [ -117.29656, 33.04439 ], [ -117.29558, 33.04449 ], [ -117.29541, 33.04317 ], [ -117.29733, 33.04299 ], [ -117.29883, 33.04818 ], [ -117.29419, 33.04877 ], [ -117.29419, 33.04846 ], [ -117.29505, 33.04789 ] ] ] } },
{ "type": "Feature", "properties": { "police_beat": 221 }, "geometry": { "type": "Polygon", "coordinates": [ [ [ -117.28501, 33.04171 ], [ -117.28143, 33.03622 ], [ -117.29018, 33.03617 ], [ -117.29023, 33.03318 ], [ -117.29089, 33.03267 ], [ -117.29196, 33.03416 ], [ -117.29449, 33.0352 ], [ -117.29584, 33.03715 ], [ -117.29733, 33.04299 ], [ -117.29541, 33.04317 ], [ -117.29558, 33.04449 ], [ -117.29656, 33.04439 ], [ -117.29692, 33.04702 ], [ -117.29594, 33.04712 ], [ -117.29604, 33.04785 ], [ -117.29505, 33.04789 ], [ -117.29415, 33.04849 ], [ -117.29419, 33.04877 ], [ -117.29138, 33.04893 ], [ -117.28711, 33.04838 ], [ -117.28501, 33.04171 ] ] ] } },
{ "type": "Feature", "properties": { "police_beat": 222 }, "geometry": { "type": "Polygon", "coordinates": [ [ [ -117.27164, 33.04591 ], [ -117.27014, 33.04529 ], [ -117.26658, 33.04617 ], [ -117.25958, 33.04592 ], [ -117.25951, 33.0401 ], [ -117.25914, 33.03848 ], [ -117.26307, 33.03657 ], [ -117.26437, 33.03624 ], [ -117.28143, 33.03622 ], [ -117.28501, 33.04171 ], [ -117.28711, 33.04838 ], [ -117.28446, 33.04812 ], [ -117.28225, 33.04701 ], [ -117.28107, 33.04681 ], [ -117.27988, 33.04709 ], [ -117.27739, 33.04856 ], [ -117.27485, 33.0488 ], [ -117.27352, 33.04838 ], [ -117.27164, 33.04591 ] ] ] } },
{ "type": "Feature", "properties": { "police_beat": 223 }, "geometry": { "type": "Polygon", "coordinates": [ [ [ -117.24955, 33.06736 ], [ -117.24933, 33.06371 ], [ -117.24349, 33.06398 ], [ -117.24139, 33.06172 ], [ -117.23678, 33.0588 ], [ -117.23248, 33.05398 ], [ -117.23231, 33.05319 ], [ -117.23332, 33.04998 ], [ -117.22735, 33.0485 ], [ -117.22802, 33.04634 ], [ -117.22921, 33.04665 ], [ -117.22989, 33.04452 ], [ -117.2291, 33.04433 ], [ -117.22978, 33.0422 ], [ -117.23059, 33.04242 ], [ -117.23196, 33.03807 ], [ -117.23321, 33.03829 ], [ -117.2339, 33.03618 ], [ -117.23628, 33.03681 ], [ -117.2369, 33.03492 ], [ -117.23846, 33.03706 ], [ -117.24178, 33.03872 ], [ -117.24605, 33.04382 ], [ -117.24743, 33.04472 ], [ -117.25098, 33.04557 ], [ -117.25958, 33.04592 ], [ -117.25973, 33.0485 ], [ -117.2624, 33.05637 ], [ -117.26271, 33.05846 ], [ -117.26026, 33.05844 ], [ -117.26036, 33.06736 ], [ -117.25814, 33.06698 ], [ -117.24955, 33.06736 ] ] ] } },
{ "type": "Feature", "properties": { "police_beat": 224 }, "geometry": { "type": "Polygon", "coordinates": [ [ [ -117.24184, 33.02179 ], [ -117.247, 33.0218 ], [ -117.24701, 33.02039 ], [ -117.24429, 33.02169 ], [ -117.24432, 33.01796 ], [ -117.24704, 33.01666 ], [ -117.24707, 33.01278 ], [ -117.24278, 33.01279 ], [ -117.2428, 33.01098 ], [ -117.24057, 33.01098 ], [ -117.23928, 33.0094 ], [ -117.24281, 33.00934 ], [ -117.24282, 33.00747 ], [ -117.24442, 33.00746 ], [ -117.24444, 33.00565 ], [ -117.24552, 33.00564 ], [ -117.2455, 33.00745 ], [ -117.26002, 33.00743 ], [ -117.2604, 33.00662 ], [ -117.26473, 33.01037 ], [ -117.26215, 33.01158 ], [ -117.25969, 33.01381 ], [ -117.25877, 33.01538 ], [ -117.25635, 33.01674 ], [ -117.2557, 33.01799 ], [ -117.25567, 33.03104 ], [ -117.25657, 33.03412 ], [ -117.25936, 33.03913 ], [ -117.25958, 33.04592 ], [ -117.25094, 33.04557 ], [ -117.24729, 33.04466 ], [ -117.24604, 33.04381 ], [ -117.24169, 33.03864 ], [ -117.23812, 33.03673 ], [ -117.2369, 33.03492 ], [ -117.23729, 33.03374 ], [ -117.2361, 33.03343 ], [ -117.23645, 33.03237 ], [ -117.23607, 33.03227 ], [ -117.24214, 33.02687 ], [ -117.24184, 33.02179 ] ] ] } },
{ "type": "Feature", "properties": { "police_beat": 230 }, "geometry": { "type": "Polygon", "coordinates": [ [ [ -117.20046, 33.07911 ], [ -117.19929, 33.07918 ], [ -117.19883, 33.0795 ], [ -117.19922, 33.07966 ], [ -117.19861, 33.08043 ], [ -117.19569, 33.08043 ], [ -117.19575, 33.07289 ], [ -117.19988, 33.07299 ], [ -117.2, 33.06927 ], [ -117.1979, 33.06924 ], [ -117.19793, 33.0674 ], [ -117.1958, 33.06737 ], [ -117.19582, 33.06553 ], [ -117.2001, 33.06556 ], [ -117.2003, 33.0538 ], [ -117.20248, 33.05379 ], [ -117.20246, 33.0547 ], [ -117.20464, 33.05469 ], [ -117.20476, 33.05026 ], [ -117.20847, 33.04892 ], [ -117.20837, 33.04819 ], [ -117.21518, 33.05083 ], [ -117.22009, 33.04647 ], [ -117.23332, 33.04998 ], [ -117.23231, 33.05319 ], [ -117.23244, 33.05391 ], [ -117.23672, 33.05874 ], [ -117.2394, 33.06052 ], [ -117.2319, 33.06088 ], [ -117.232, 33.06277 ], [ -117.22942, 33.06266 ], [ -117.22898, 33.06101 ], [ -117.22335, 33.06125 ], [ -117.22424, 33.0757 ], [ -117.2159, 33.07586 ], [ -117.21462, 33.07672 ], [ -117.21395, 33.07765 ], [ -117.21218, 33.07697 ], [ -117.21076, 33.0759 ], [ -117.21076, 33.07678 ], [ -117.2039, 33.07682 ], [ -117.20122, 33.07512 ], [ -117.19899, 33.0776 ], [ -117.20272, 33.07999 ], [ -117.20231, 33.08044 ], [ -117.20047, 33.08043 ], [ -117.20097, 33.07956 ], [ -117.20046, 33.07911 ] ] ] } },
{ "type": "Feature", "properties": { "police_beat": 231 }, "geometry": { "type": "Polygon", "coordinates": [ [ [ -117.07744, 32.93503 ], [ -117.08122, 32.93869 ], [ -117.09707, 32.93886 ], [ -117.10098, 32.94133 ], [ -117.1016, 32.94253 ], [ -117.10162, 32.94563 ], [ -117.1021, 32.9461 ], [ -117.10449, 32.94673 ], [ -117.1058, 32.94798 ], [ -117.10021, 32.95633 ], [ -117.09514, 32.9647 ], [ -117.08844, 32.96512 ], [ -117.08676, 32.96571 ], [ -117.08463, 32.96703 ], [ -117.08426, 32.96458 ], [ -117.08397, 32.94974 ], [ -117.07539, 32.94964 ], [ -117.07537, 32.94599 ], [ -117.07108, 32.94596 ], [ -117.07106, 32.94233 ], [ -117.06676, 32.94232 ], [ -117.06671, 32.93655 ], [ -117.06732, 32.93508 ], [ -117.07744, 32.93503 ] ] ] } },
{ "type": "Feature", "properties": { "police_beat": 232 }, "geometry": { "type": "Polygon", "coordinates": [ [ [ -117.06688, 32.96437 ], [ -117.08439, 32.96456 ], [ -117.08463, 32.96703 ], [ -117.08676, 32.96571 ], [ -117.08844, 32.96512 ], [ -117.09514, 32.9647 ], [ -117.0838, 32.98264 ], [ -117.08309, 32.9842 ], [ -117.0825, 32.9875 ], [ -117.08344, 32.99408 ], [ -117.08305, 32.9977 ], [ -117.06647, 32.98731 ], [ -117.06688, 32.96437 ] ] ] } },
{ "type": "Feature", "properties": { "police_beat": 233 }, "geometry": { "type": "Polygon", "coordinates": [ [ [ -117.0838, 32.98264 ], [ -117.10021, 32.95633 ], [ -117.10836, 32.94428 ], [ -117.11195, 32.94471 ], [ -117.11241, 32.94445 ], [ -117.11235, 32.94319 ], [ -117.11273, 32.9429 ], [ -117.11585, 32.94318 ], [ -117.11671, 32.94391 ], [ -117.11838, 32.94424 ], [ -117.1207, 32.94231 ], [ -117.12226, 32.9421 ], [ -117.12445, 32.94057 ], [ -117.12893, 32.94003 ], [ -117.1287, 32.93935 ], [ -117.13693, 32.93679 ], [ -117.13874, 32.93661 ], [ -117.13981, 32.93697 ], [ -117.141, 32.93685 ], [ -117.14275, 32.93662 ], [ -117.14464, 32.93593 ], [ -117.14789, 32.93693 ], [ -117.15215, 32.93513 ], [ -117.15422, 32.93568 ], [ -117.15684, 32.9352 ], [ -117.15924, 32.93451 ], [ -117.16447, 32.93165 ], [ -117.16766, 32.93078 ], [ -117.16947, 32.92901 ], [ -117.17093, 32.9286 ], [ -117.17198, 32.92756 ], [ -117.17367, 32.9267 ], [ -117.17482, 32.92663 ], [ -117.17599, 32.92698 ], [ -117.17354, 32.92778 ], [ -117.17154, 32.9291 ], [ -117.17051, 32.92941 ], [ -117.17007, 32.93018 ], [ -117.16919, 32.93077 ], [ -117.16918, 32.93948 ], [ -117.16982, 32.94862 ], [ -117.16941, 32.9503 ], [ -117.16945, 32.95211 ], [ -117.16982, 32.95572 ], [ -117.15286, 32.95671 ], [ -117.15293, 32.95413 ], [ -117.15486, 32.95409 ], [ -117.15484, 32.9525 ], [ -117.15297, 32.95256 ], [ -117.15305, 32.94959 ], [ -117.15272, 32.94961 ], [ -117.15275, 32.9484 ], [ -117.15065, 32.95001 ], [ -117.14539, 32.95668 ], [ -117.14938, 32.95669 ], [ -117.14983, 32.95714 ], [ -117.14822, 32.95831 ], [ -117.14752, 32.95772 ], [ -117.14698, 32.95783 ], [ -117.14726, 32.95837 ], [ -117.1462, 32.95965 ], [ -117.14455, 32.96012 ], [ -117.14454, 32.96044 ], [ -117.14935, 32.96046 ], [ -117.14932, 32.96274 ], [ -117.14765, 32.96274 ], [ -117.14778, 32.96396 ], [ -117.14417, 32.96393 ], [ -117.14413, 32.96749 ], [ -117.14368, 32.96886 ], [ -117.14236, 32.96997 ], [ -117.13986, 32.97095 ], [ -117.14589, 32.97103 ], [ -117.14512, 32.97244 ], [ -117.14493, 32.97372 ], [ -117.14527, 32.97497 ], [ -117.14618, 32.97615 ], [ -117.14423, 32.97745 ], [ -117.14055, 32.97869 ], [ -117.13751, 32.98011 ], [ -117.1362, 32.98111 ], [ -117.13475, 32.98284 ], [ -117.13342, 32.98307 ], [ -117.13301, 32.98271 ], [ -117.13094, 32.98285 ], [ -117.13094, 32.98189 ], [ -117.12663, 32.98186 ], [ -117.12662, 32.98557 ], [ -117.12431, 32.98827 ], [ -117.12229, 32.98909 ], [ -117.12228, 32.99274 ], [ -117.10942, 32.99299 ], [ -117.10945, 32.98574 ], [ -117.10128, 32.98595 ], [ -117.09658, 32.99134 ], [ -117.09661, 32.99773 ], [ -117.08329, 32.99663 ], [ -117.08344, 32.99408 ], [ -117.08257, 32.98874 ], [ -117.08259, 32.98627 ], [ -117.0838, 32.98264 ] ] ] } },
{ "type": "Feature", "properties": { "police_beat": 234 }, "geometry": { "type": "Polygon", "coordinates": [ [ [ -117.10592, 33.07387 ], [ -117.10542, 33.07191 ], [ -117.10325, 33.06971 ], [ -117.10117, 33.06894 ], [ -117.10074, 33.06823 ], [ -117.10013, 33.06824 ], [ -117.09995, 33.06782 ], [ -117.09868, 33.06762 ], [ -117.09859, 33.06733 ], [ -117.09909, 33.06712 ], [ -117.09885, 33.06556 ], [ -117.09829, 33.06439 ], [ -117.09721, 33.06435 ], [ -117.0973, 33.06373 ], [ -117.09692, 33.0634 ], [ -117.09473, 33.06365 ], [ -117.09465, 33.06339 ], [ -117.0951, 33.06326 ], [ -117.09548, 33.0625 ], [ -117.09538, 33.06198 ], [ -117.09575, 33.06154 ], [ -117.09555, 33.06124 ], [ -117.09164, 33.05979 ], [ -117.09167, 33.05921 ], [ -117.09051, 33.05863 ], [ -117.09039, 33.058 ], [ -117.08808, 33.05729 ], [ -117.0877, 33.05735 ], [ -117.08767, 33.05785 ], [ -117.0857, 33.05861 ], [ -117.08499, 33.0599 ], [ -117.08386, 33.06082 ], [ -117.08367, 33.0615 ], [ -117.08256, 33.06263 ], [ -117.08234, 33.06661 ], [ -117.08202, 33.06553 ], [ -117.0816, 33.06539 ], [ -117.08204, 33.06463 ], [ -117.08036, 33.06399 ], [ -117.07985, 33.06416 ], [ -117.07931, 33.06362 ], [ -117.07874, 33.06369 ], [ -117.07924, 33.06317 ], [ -117.07887, 33.06228 ], [ -117.07778, 33.06191 ], [ -117.07803, 33.06081 ], [ -117.07765, 33.06058 ], [ -117.07665, 33.06106 ], [ -117.07508, 33.06045 ], [ -117.07326, 33.06067 ], [ -117.07275, 33.06196 ], [ -117.07124, 33.06186 ], [ -117.06986, 33.06278 ], [ -117.07004, 33.06341 ], [ -117.06962, 33.06416 ], [ -117.07013, 33.06532 ], [ -117.06868, 33.06538 ], [ -117.06923, 33.06056 ], [ -117.07128, 33.05585 ], [ -117.06839, 33.05422 ], [ -117.06713, 33.05291 ], [ -117.06572, 33.05303 ], [ -117.06421, 33.05384 ], [ -117.06139, 33.05393 ], [ -117.0581, 33.05342 ], [ -117.05639, 33.05266 ], [ -117.05283, 33.05201 ], [ -117.05121, 33.05138 ], [ -117.04776, 33.05158 ], [ -117.04531, 33.05126 ], [ -117.04279, 33.05239 ], [ -117.03943, 33.0527 ], [ -117.03748, 33.05409 ], [ -117.03507, 33.05641 ], [ -117.03299, 33.05668 ], [ -117.03097, 33.0579 ], [ -117.03016, 33.05897 ], [ -117.0301, 33.06161 ], [ -117.02976, 33.06206 ], [ -117.02506, 33.06248 ], [ -117.02414, 33.06155 ], [ -117.02314, 33.06163 ], [ -117.02316, 33.05984 ], [ -117.02456, 33.05975 ], [ -117.02419, 33.05874 ], [ -117.02568, 33.05815 ], [ -117.02602, 33.05749 ], [ -117.02652, 33.05738 ], [ -117.02634, 33.05727 ], [ -117.02686, 33.05741 ], [ -117.02842, 33.05665 ], [ -117.02954, 33.05553 ], [ -117.0301, 33.0548 ], [ -117.0299, 33.05429 ], [ -117.03029, 33.05384 ], [ -117.02965, 33.05276 ], [ -117.03078, 33.05199 ], [ -117.03082, 33.05168 ], [ -117.0322, 33.05358 ], [ -117.0332, 33.0535 ], [ -117.03354, 33.05395 ], [ -117.03405, 33.05399 ], [ -117.03547, 33.0533 ], [ -117.03564, 33.05294 ], [ -117.03535, 33.05209 ], [ -117.03485, 33.05208 ], [ -117.03535, 33.05196 ], [ -117.03524, 33.05167 ], [ -117.03641, 33.0508 ], [ -117.03686, 33.05006 ], [ -117.03774, 33.05005 ], [ -117.03832, 33.04861 ], [ -117.03815, 33.0482 ], [ -117.0378, 33.04819 ], [ -117.03817, 33.04729 ], [ -117.03774, 33.04683 ], [ -117.03842, 33.04668 ], [ -117.03855, 33.04575 ], [ -117.0383, 33.04558 ], [ -117.03887, 33.0452 ], [ -117.03858, 33.04498 ], [ -117.03976, 33.04402 ], [ -117.04105, 33.04401 ], [ -117.04627, 33.03478 ], [ -117.04648, 33.03486 ], [ -117.05235, 33.02389 ], [ -117.0601, 32.9947 ], [ -117.06208, 32.99488 ], [ -117.0621, 32.99322 ], [ -117.06634, 32.99325 ], [ -117.06647, 32.98731 ], [ -117.08305, 32.9977 ], [ -117.08329, 32.99663 ], [ -117.09962, 32.99798 ], [ -117.09593, 33.01214 ], [ -117.09913, 33.01234 ], [ -117.08989, 33.04926 ], [ -117.09482, 33.05508 ], [ -117.10177, 33.05917 ], [ -117.11032, 33.05917 ], [ -117.10981, 33.06121 ], [ -117.11096, 33.06134 ], [ -117.11187, 33.06194 ], [ -117.11279, 33.06337 ], [ -117.11272, 33.06493 ], [ -117.11189, 33.06577 ], [ -117.11175, 33.06661 ], [ -117.11232, 33.06757 ], [ -117.11298, 33.06798 ], [ -117.11369, 33.06798 ], [ -117.11507, 33.06636 ], [ -117.11403, 33.06402 ], [ -117.1143, 33.06376 ], [ -117.114, 33.06255 ], [ -117.11338, 33.06182 ], [ -117.11348, 33.06145 ], [ -117.11282, 33.06118 ], [ -117.11302, 33.05984 ], [ -117.11279, 33.05947 ], [ -117.11314, 33.05834 ], [ -117.11282, 33.05789 ], [ -117.11327, 33.05743 ], [ -117.11304, 33.05662 ], [ -117.11241, 33.0561 ], [ -117.11298, 33.05604 ], [ -117.11387, 33.05491 ], [ -117.11393, 33.05444 ], [ -117.11339, 33.05421 ], [ -117.11373, 33.05362 ], [ -117.11451, 33.05354 ], [ -117.11496, 33.05268 ], [ -117.11468, 33.0515 ], [ -117.11559, 33.05152 ], [ -117.116, 33.05058 ], [ -117.11678, 33.05043 ], [ -117.11719, 33.04999 ], [ -117.11664, 33.04918 ], [ -117.11747, 33.04917 ], [ -117.11783, 33.04831 ], [ -117.1172, 33.04672 ], [ -117.11744, 33.0462 ], [ -117.11831, 33.04715 ], [ -117.1183, 33.04384 ], [ -117.13285, 33.04382 ], [ -117.13222, 33.04489 ], [ -117.12979, 33.04663 ], [ -117.12767, 33.04736 ], [ -117.12566, 33.04888 ], [ -117.12298, 33.05002 ], [ -117.12253, 33.05076 ], [ -117.12192, 33.05348 ], [ -117.12212, 33.05482 ], [ -117.11799, 33.05482 ], [ -117.11843, 33.05565 ], [ -117.11761, 33.05633 ], [ -117.11908, 33.05813 ], [ -117.11854, 33.0588 ], [ -117.11808, 33.06028 ], [ -117.11889, 33.06112 ], [ -117.11886, 33.06214 ], [ -117.12011, 33.06252 ], [ -117.1193, 33.0642 ], [ -117.12014, 33.06506 ], [ -117.12021, 33.06565 ], [ -117.12012, 33.06652 ], [ -117.11813, 33.07082 ], [ -117.11802, 33.07369 ], [ -117.11828, 33.07541 ], [ -117.11791, 33.07727 ], [ -117.1161, 33.07807 ], [ -117.11513, 33.07965 ], [ -117.11442, 33.07992 ], [ -117.10686, 33.07314 ], [ -117.10592, 33.07387 ] ] ] } },
{ "type": "Feature", "properties": { "police_beat": 235 }, "geometry": { "type": "Polygon", "coordinates": [ [ [ -117.00942, 33.11228 ], [ -117.01105, 33.11227 ], [ -117.01106, 33.11152 ], [ -117.00891, 33.11154 ], [ -117.00898, 33.10906 ], [ -117.00718, 33.10904 ], [ -117.00722, 33.10173 ], [ -117.00274, 33.10177 ], [ -117.00274, 33.10549 ], [ -116.99831, 33.10553 ], [ -116.99828, 33.10914 ], [ -116.98097, 33.10899 ], [ -116.98096, 33.10542 ], [ -116.96774, 33.10561 ], [ -116.96374, 33.10593 ], [ -116.96372, 33.0913 ], [ -116.95952, 33.09139 ], [ -116.95935, 33.09291 ], [ -116.95702, 33.09363 ], [ -116.95511, 33.09368 ], [ -116.95495, 33.09883 ], [ -116.94151, 33.09872 ], [ -116.9417, 33.09509 ], [ -116.93227, 33.09507 ], [ -116.93229, 33.09121 ], [ -116.92761, 33.09148 ], [ -116.90967, 33.0906 ], [ -116.90557, 33.09088 ], [ -116.90509, 33.08321 ], [ -116.91385, 33.08329 ], [ -116.9138, 33.07962 ], [ -116.9276, 33.08021 ], [ -116.94624, 33.08016 ], [ -116.94628, 33.08373 ], [ -116.94526, 33.08369 ], [ -116.94531, 33.08741 ], [ -116.94635, 33.0874 ], [ -116.94645, 33.0951 ], [ -116.9508, 33.09519 ], [ -116.95064, 33.08775 ], [ -116.95495, 33.08774 ], [ -116.95497, 33.08589 ], [ -116.95416, 33.08577 ], [ -116.9541, 33.08396 ], [ -116.95485, 33.08395 ], [ -116.95482, 33.08262 ], [ -116.95773, 33.08256 ], [ -116.95769, 33.08012 ], [ -116.97159, 33.08012 ], [ -116.97144, 33.07522 ], [ -116.97431, 33.07584 ], [ -116.97493, 33.07498 ], [ -116.97824, 33.0735 ], [ -116.98016, 33.07465 ], [ -116.98003, 33.06958 ], [ -116.98837, 33.06958 ], [ -116.98857, 33.07314 ], [ -117.01874, 33.07318 ], [ -117.01879, 33.06632 ], [ -117.02974, 33.06603 ], [ -117.02944, 33.06553 ], [ -117.03002, 33.06448 ], [ -117.02895, 33.06382 ], [ -117.02861, 33.06284 ], [ -117.02752, 33.0623 ], [ -117.02999, 33.06189 ], [ -117.03013, 33.05909 ], [ -117.03085, 33.05799 ], [ -117.03299, 33.05668 ], [ -117.03507, 33.05641 ], [ -117.03772, 33.05388 ], [ -117.03962, 33.05263 ], [ -117.04278, 33.05239 ], [ -117.04566, 33.05123 ], [ -117.04772, 33.05157 ], [ -117.05122, 33.05138 ], [ -117.05283, 33.05201 ], [ -117.05639, 33.05266 ], [ -117.0581, 33.05342 ], [ -117.06137, 33.05393 ], [ -117.06421, 33.05384 ], [ -117.06572, 33.05303 ], [ -117.06713, 33.05291 ], [ -117.06839, 33.05422 ], [ -117.07128, 33.05585 ], [ -117.06923, 33.06056 ], [ -117.06868, 33.06538 ], [ -117.06833, 33.0654 ], [ -117.06769, 33.06676 ], [ -117.0666, 33.06773 ], [ -117.0649, 33.06759 ], [ -117.06465, 33.06795 ], [ -117.06189, 33.068 ], [ -117.06118, 33.06833 ], [ -117.05759, 33.06556 ], [ -117.05753, 33.06391 ], [ -117.05811, 33.06243 ], [ -117.05563, 33.06168 ], [ -117.05349, 33.06158 ], [ -117.05447, 33.06022 ], [ -117.05125, 33.05968 ], [ -117.05015, 33.05898 ], [ -117.04874, 33.05945 ], [ -117.04531, 33.05939 ], [ -117.04493, 33.05966 ], [ -117.04454, 33.05944 ], [ -117.043, 33.0603 ], [ -117.04263, 33.06128 ], [ -117.04125, 33.06103 ], [ -117.04011, 33.06164 ], [ -117.0396, 33.06241 ], [ -117.04004, 33.06278 ], [ -117.03928, 33.06259 ], [ -117.03881, 33.06289 ], [ -117.03812, 33.06479 ], [ -117.03844, 33.06521 ], [ -117.03991, 33.06564 ], [ -117.03917, 33.06596 ], [ -117.03924, 33.06631 ], [ -117.04117, 33.06744 ], [ -117.04717, 33.06795 ], [ -117.04606, 33.07151 ], [ -117.04281, 33.07202 ], [ -117.03873, 33.07362 ], [ -117.03776, 33.07426 ], [ -117.03795, 33.07473 ], [ -117.03733, 33.0753 ], [ -117.03749, 33.07576 ], [ -117.03711, 33.07563 ], [ -117.03721, 33.07607 ], [ -117.0363, 33.07576 ], [ -117.03607, 33.07688 ], [ -117.03561, 33.07715 ], [ -117.03505, 33.07827 ], [ -117.03529, 33.07896 ], [ -117.0367, 33.07939 ], [ -117.03602, 33.08015 ], [ -117.03611, 33.08168 ], [ -117.03555, 33.08221 ], [ -117.03547, 33.08323 ], [ -117.03482, 33.08344 ], [ -117.03423, 33.08293 ], [ -117.03335, 33.08298 ], [ -117.0318, 33.0841 ], [ -117.03052, 33.08602 ], [ -117.03018, 33.08718 ], [ -117.03043, 33.08769 ], [ -117.03001, 33.08774 ], [ -117.02966, 33.08697 ], [ -117.02873, 33.08647 ], [ -117.02824, 33.08563 ], [ -117.02646, 33.08584 ], [ -117.02674, 33.08561 ], [ -117.0261, 33.08468 ], [ -117.02618, 33.08385 ], [ -117.02523, 33.08509 ], [ -117.02596, 33.08273 ], [ -117.02156, 33.08743 ], [ -117.02323, 33.08743 ], [ -117.02178, 33.08886 ], [ -117.02196, 33.08939 ], [ -117.02129, 33.08959 ], [ -117.02072, 33.09031 ], [ -117.02102, 33.09068 ], [ -117.02391, 33.09062 ], [ -117.02394, 33.09241 ], [ -117.02059, 33.09237 ], [ -117.02103, 33.09752 ], [ -117.02199, 33.09701 ], [ -117.02323, 33.09701 ], [ -117.02681, 33.09821 ], [ -117.02447, 33.0982 ], [ -117.02455, 33.10538 ], [ -117.02025, 33.10538 ], [ -117.02029, 33.10896 ], [ -117.02073, 33.10896 ], [ -117.01271, 33.11352 ], [ -117.01301, 33.11395 ], [ -117.01278, 33.11416 ], [ -117.00941, 33.1142 ], [ -117.00942, 33.11228 ] ] ] } },
{ "type": "Feature", "properties": { "police_beat": 240 }, "geometry": { "type": "Polygon", "coordinates": [ [ [ -117.278, 33.00053 ], [ -117.27799, 33.00001 ], [ -117.27736, 32.99916 ], [ -117.27784, 32.99909 ], [ -117.27841, 33.00041 ], [ -117.279, 33.00764 ], [ -117.28041, 33.0125 ], [ -117.28514, 33.02106 ], [ -117.28681, 33.02505 ], [ -117.29089, 33.03267 ], [ -117.29021, 33.03273 ], [ -117.28776, 33.02803 ], [ -117.28192, 33.01825 ], [ -117.27967, 33.0129 ], [ -117.27785, 33.00393 ], [ -117.27639, 33.00133 ], [ -117.278, 33.00053 ] ] ] } },
{ "type": "Feature", "properties": { "police_beat": 241 }, "geometry": { "type": "MultiPolygon", "coordinates": [ [ [ [ -117.05613, 32.92838 ], [ -117.05597, 32.9267 ], [ -117.05673, 32.92526 ], [ -117.05912, 32.923 ], [ -117.06271, 32.92177 ], [ -117.06323, 32.92008 ], [ -117.0622, 32.92036 ], [ -117.04975, 32.92065 ], [ -116.99768, 32.91928 ], [ -116.98966, 32.91956 ], [ -116.98929, 32.90498 ], [ -116.98432, 32.90496 ], [ -116.98427, 32.89932 ], [ -116.98768, 32.89869 ], [ -116.99302, 32.89489 ], [ -116.99331, 32.89268 ], [ -116.99603, 32.88683 ], [ -116.99982, 32.88119 ], [ -117.00321, 32.87723 ], [ -117.0046, 32.87479 ], [ -117.0537, 32.87459 ], [ -117.05339, 32.85425 ], [ -117.06135, 32.85547 ], [ -117.06612, 32.85495 ], [ -117.07151, 32.85251 ], [ -117.07333, 32.85109 ], [ -117.07564, 32.84986 ], [ -117.0759, 32.84911 ], [ -117.07779, 32.84887 ], [ -117.07864, 32.84742 ], [ -117.08274, 32.84552 ], [ -117.08387, 32.8445 ], [ -117.08842, 32.84385 ], [ -117.09469, 32.84229 ], [ -117.09685, 32.84201 ], [ -117.09684, 32.843 ], [ -117.0994, 32.84259 ], [ -117.10271, 32.84253 ], [ -117.105, 32.84196 ], [ -117.10531, 32.8423 ], [ -117.11243, 32.84223 ], [ -117.11783, 32.84265 ], [ -117.11803, 32.84433 ], [ -117.116, 32.84756 ], [ -117.11666, 32.84836 ], [ -117.11778, 32.84634 ], [ -117.11887, 32.84644 ], [ -117.12108, 32.84403 ], [ -117.1237, 32.84252 ], [ -117.12766, 32.84253 ], [ -117.1277, 32.8431 ], [ -117.12809, 32.8431 ], [ -117.12737, 32.84456 ], [ -117.12066, 32.85097 ], [ -117.11667, 32.86123 ], [ -117.11671, 32.88947 ], [ -117.11604, 32.88969 ], [ -117.11591, 32.89129 ], [ -117.11549, 32.89176 ], [ -117.11674, 32.8928 ], [ -117.11673, 32.8933 ], [ -117.11473, 32.89321 ], [ -117.10941, 32.89436 ], [ -117.10747, 32.89579 ], [ -117.10749, 32.89808 ], [ -117.1162, 32.89818 ], [ -117.1163, 32.91423 ], [ -117.11524, 32.92189 ], [ -117.11438, 32.92565 ], [ -117.11423, 32.92495 ], [ -117.11102, 32.92052 ], [ -117.11009, 32.92063 ], [ -117.11028, 32.91977 ], [ -117.11, 32.91846 ], [ -117.10907, 32.91551 ], [ -117.10849, 32.91549 ], [ -117.10818, 32.91552 ], [ -117.10824, 32.91597 ], [ -117.10611, 32.91698 ], [ -117.10584, 32.9164 ], [ -117.10481, 32.91661 ], [ -117.10393, 32.91769 ], [ -117.10321, 32.91956 ], [ -117.102, 32.91799 ], [ -117.10163, 32.91813 ], [ -117.10131, 32.91889 ], [ -117.09981, 32.91937 ], [ -117.09927, 32.91788 ], [ -117.0986, 32.91776 ], [ -117.0978, 32.91983 ], [ -117.09643, 32.92069 ], [ -117.09591, 32.92193 ], [ -117.0953, 32.92191 ], [ -117.09415, 32.92051 ], [ -117.09266, 32.92156 ], [ -117.09199, 32.92132 ], [ -117.09141, 32.92058 ], [ -117.09101, 32.92082 ], [ -117.09118, 32.92257 ], [ -117.09019, 32.92284 ], [ -117.08948, 32.9226 ], [ -117.08806, 32.92134 ], [ -117.08748, 32.92124 ], [ -117.0854, 32.92465 ], [ -117.08361, 32.92407 ], [ -117.08099, 32.92404 ], [ -117.07529, 32.92291 ], [ -117.07318, 32.92284 ], [ -117.07197, 32.92314 ], [ -117.07262, 32.92369 ], [ -117.07341, 32.92377 ], [ -117.07278, 32.92488 ], [ -117.07223, 32.92498 ], [ -117.07214, 32.92452 ], [ -117.07098, 32.92337 ], [ -117.07099, 32.92766 ], [ -117.05818, 32.92782 ], [ -117.05822, 32.93102 ], [ -117.05715, 32.93056 ], [ -117.05555, 32.92894 ], [ -117.05613, 32.92838 ] ] ], [ [ [ -117.28143, 33.03622 ], [ -117.27436, 33.02541 ], [ -117.27288, 33.01948 ], [ -117.27158, 33.01683 ], [ -117.26983, 33.01486 ], [ -117.2604, 33.00662 ], [ -117.26067, 33.00626 ], [ -117.25972, 33.00557 ], [ -117.25925, 33.00386 ], [ -117.27264, 33.00393 ], [ -117.2736, 33.00449 ], [ -117.27412, 33.00386 ], [ -117.2751, 33.00386 ], [ -117.27518, 33.00414 ], [ -117.27529, 33.00387 ], [ -117.27598, 33.00387 ], [ -117.27578, 33.00316 ], [ -117.27683, 33.00232 ], [ -117.27618, 33.00142 ], [ -117.27661, 33.00159 ], [ -117.27792, 33.00416 ], [ -117.27943, 33.01202 ], [ -117.28025, 33.01447 ], [ -117.28246, 33.01928 ], [ -117.28776, 33.02803 ], [ -117.29032, 33.03287 ], [ -117.29018, 33.03617 ], [ -117.28143, 33.03622 ] ] ] ] } },
{ "type": "Feature", "properties": { "police_beat": 242 }, "geometry": { "type": "MultiPolygon", "coordinates": [ [ [ [ -117.10836, 32.94428 ], [ -117.11007, 32.94051 ], [ -117.11359, 32.92883 ], [ -117.11524, 32.92189 ], [ -117.11603, 32.91707 ], [ -117.11643, 32.91122 ], [ -117.11626, 32.90024 ], [ -117.11695, 32.90027 ], [ -117.11695, 32.8997 ], [ -117.11816, 32.8997 ], [ -117.1182, 32.90017 ], [ -117.11886, 32.90078 ], [ -117.12226, 32.90057 ], [ -117.12249, 32.90127 ], [ -117.12367, 32.90077 ], [ -117.12266, 32.89865 ], [ -117.12313, 32.89821 ], [ -117.13959, 32.89827 ], [ -117.13736, 32.89727 ], [ -117.1389, 32.8969 ], [ -117.14115, 32.89704 ], [ -117.14163, 32.89662 ], [ -117.14661, 32.89563 ], [ -117.15254, 32.89549 ], [ -117.15336, 32.89501 ], [ -117.15331, 32.89654 ], [ -117.15802, 32.89521 ], [ -117.16746, 32.89451 ], [ -117.16807, 32.89577 ], [ -117.16982, 32.89746 ], [ -117.17039, 32.89848 ], [ -117.17053, 32.90196 ], [ -117.17175, 32.90991 ], [ -117.17326, 32.91303 ], [ -117.17466, 32.91412 ], [ -117.17249, 32.91547 ], [ -117.17176, 32.91547 ], [ -117.17114, 32.91594 ], [ -117.17117, 32.91666 ], [ -117.17032, 32.91744 ], [ -117.1696, 32.91725 ], [ -117.16917, 32.92929 ], [ -117.16804, 32.93056 ], [ -117.16447, 32.93165 ], [ -117.15924, 32.93451 ], [ -117.15684, 32.9352 ], [ -117.15422, 32.93568 ], [ -117.15215, 32.93513 ], [ -117.14789, 32.93693 ], [ -117.14464, 32.93593 ], [ -117.14275, 32.93662 ], [ -117.141, 32.93685 ], [ -117.13981, 32.93697 ], [ -117.13874, 32.93661 ], [ -117.13693, 32.93679 ], [ -117.1287, 32.93935 ], [ -117.12893, 32.94003 ], [ -117.12445, 32.94057 ], [ -117.12226, 32.9421 ], [ -117.1207, 32.94231 ], [ -117.11858, 32.94418 ], [ -117.11671, 32.94391 ], [ -117.11585, 32.94318 ], [ -117.11273, 32.9429 ], [ -117.11235, 32.94319 ], [ -117.11222, 32.94462 ], [ -117.10836, 32.94428 ] ] ], [ [ [ -117.2561, 33.03292 ], [ -117.2556, 33.03042 ], [ -117.25575, 33.01774 ], [ -117.25655, 33.01655 ], [ -117.25877, 33.01538 ], [ -117.25969, 33.01381 ], [ -117.26215, 33.01158 ], [ -117.26473, 33.01037 ], [ -117.27014, 33.01514 ], [ -117.2718, 33.01717 ], [ -117.27288, 33.01948 ], [ -117.27436, 33.02541 ], [ -117.28143, 33.03622 ], [ -117.26437, 33.03624 ], [ -117.26307, 33.03657 ], [ -117.25914, 33.03848 ], [ -117.2561, 33.03292 ] ] ] ] } },
{ "type": "Feature", "properties": { "police_beat": 243 }, "geometry": { "type": "Polygon", "coordinates": [ [ [ -117.12226, 32.90057 ], [ -117.11886, 32.90078 ], [ -117.1182, 32.90017 ], [ -117.11816, 32.8997 ], [ -117.11695, 32.8997 ], [ -117.11695, 32.90027 ], [ -117.11626, 32.90024 ], [ -117.1162, 32.89818 ], [ -117.11669, 32.89818 ], [ -117.11674, 32.8928 ], [ -117.11549, 32.89176 ], [ -117.11591, 32.89129 ], [ -117.11604, 32.88969 ], [ -117.11671, 32.88947 ], [ -117.11656, 32.86194 ], [ -117.1169, 32.86043 ], [ -117.12071, 32.85089 ], [ -117.12724, 32.8447 ], [ -117.12809, 32.8431 ], [ -117.12879, 32.84346 ], [ -117.12948, 32.84283 ], [ -117.13079, 32.84353 ], [ -117.13304, 32.8418 ], [ -117.13154, 32.8436 ], [ -117.13347, 32.84335 ], [ -117.13547, 32.84134 ], [ -117.14905, 32.83878 ], [ -117.14916, 32.84695 ], [ -117.17093, 32.84686 ], [ -117.17704, 32.84859 ], [ -117.1782, 32.84942 ], [ -117.18088, 32.85338 ], [ -117.18189, 32.85383 ], [ -117.18053, 32.85567 ], [ -117.17357, 32.85843 ], [ -117.1754, 32.86466 ], [ -117.17719, 32.86522 ], [ -117.18155, 32.86419 ], [ -117.18312, 32.86315 ], [ -117.1847, 32.86104 ], [ -117.1864, 32.86097 ], [ -117.18675, 32.86236 ], [ -117.18934, 32.86661 ], [ -117.19005, 32.87577 ], [ -117.17231, 32.87557 ], [ -117.17136, 32.87592 ], [ -117.16975, 32.87746 ], [ -117.16827, 32.87786 ], [ -117.16837, 32.87883 ], [ -117.16766, 32.88107 ], [ -117.16806, 32.88238 ], [ -117.16733, 32.88327 ], [ -117.167, 32.88439 ], [ -117.16704, 32.88665 ], [ -117.16804, 32.89059 ], [ -117.1674, 32.89324 ], [ -117.16746, 32.89451 ], [ -117.15802, 32.89521 ], [ -117.15331, 32.89654 ], [ -117.15336, 32.89501 ], [ -117.15254, 32.89549 ], [ -117.14661, 32.89563 ], [ -117.14163, 32.89662 ], [ -117.14115, 32.89704 ], [ -117.1389, 32.8969 ], [ -117.13736, 32.89727 ], [ -117.13959, 32.89827 ], [ -117.12313, 32.89821 ], [ -117.12266, 32.89865 ], [ -117.12367, 32.90077 ], [ -117.12249, 32.90127 ], [ -117.12226, 32.90057 ] ] ] } },
{ "type": "Feature", "properties": { "police_beat": 245 }, "geometry": { "type": "Polygon", "coordinates": [ [ [ -116.9903, 32.94238 ], [ -116.98565, 32.94286 ], [ -116.98202, 32.94262 ], [ -116.98075, 32.94212 ], [ -116.98032, 32.93986 ], [ -116.98109, 32.94034 ], [ -116.98159, 32.94012 ], [ -116.98424, 32.93807 ], [ -116.98442, 32.93603 ], [ -116.98403, 32.93561 ], [ -116.98363, 32.93403 ], [ -116.9895, 32.93403 ], [ -116.98937, 32.91955 ], [ -116.99768, 32.91928 ], [ -117.04975, 32.92065 ], [ -117.0622, 32.92036 ], [ -117.06323, 32.92008 ], [ -117.06271, 32.92177 ], [ -117.05912, 32.923 ], [ -117.05673, 32.92526 ], [ -117.05597, 32.9267 ], [ -117.05613, 32.92838 ], [ -117.05556, 32.92902 ], [ -117.05018, 32.92766 ], [ -117.04801, 32.9279 ], [ -117.04641, 32.92722 ], [ -117.04411, 32.9277 ], [ -117.03748, 32.92735 ], [ -117.03656, 32.92802 ], [ -117.034, 32.92809 ], [ -117.0331, 32.92915 ], [ -117.02988, 32.93051 ], [ -117.02794, 32.93087 ], [ -117.02617, 32.93199 ], [ -117.0178, 32.93457 ], [ -117.0149, 32.93727 ], [ -117.01304, 32.93738 ], [ -117.0126, 32.93886 ], [ -117.01061, 32.94048 ], [ -117.01056, 32.94142 ], [ -117.00862, 32.94164 ], [ -117.00812, 32.94215 ], [ -117.00092, 32.94474 ], [ -116.99931, 32.94422 ], [ -116.99792, 32.94314 ], [ -116.99592, 32.94232 ], [ -116.9903, 32.94238 ] ] ] } },
{ "type": "Feature", "properties": { "police_beat": 246 }, "geometry": { "type": "Polygon", "coordinates": [ [ [ -117.1016, 32.94253 ], [ -117.10098, 32.94133 ], [ -117.09707, 32.93886 ], [ -117.08122, 32.93869 ], [ -117.07744, 32.93503 ], [ -117.0667, 32.93509 ], [ -117.06668, 32.92772 ], [ -117.07099, 32.92766 ], [ -117.07098, 32.92337 ], [ -117.07214, 32.92452 ], [ -117.07223, 32.92498 ], [ -117.07278, 32.92488 ], [ -117.07344, 32.9239 ], [ -117.07197, 32.92314 ], [ -117.07371, 32.9228 ], [ -117.0809, 32.92403 ], [ -117.08366, 32.92408 ], [ -117.0854, 32.92465 ], [ -117.08748, 32.92124 ], [ -117.08806, 32.92134 ], [ -117.08948, 32.9226 ], [ -117.09019, 32.92284 ], [ -117.09118, 32.92257 ], [ -117.09101, 32.92082 ], [ -117.09141, 32.92058 ], [ -117.09199, 32.92132 ], [ -117.09266, 32.92156 ], [ -117.09415, 32.92051 ], [ -117.09529, 32.92191 ], [ -117.09587, 32.92194 ], [ -117.09643, 32.92069 ], [ -117.0978, 32.91983 ], [ -117.09861, 32.91775 ], [ -117.09927, 32.91788 ], [ -117.09981, 32.91937 ], [ -117.10131, 32.91889 ], [ -117.10163, 32.91813 ], [ -117.102, 32.91799 ], [ -117.10318, 32.91957 ], [ -117.10393, 32.91769 ], [ -117.10484, 32.91659 ], [ -117.10584, 32.9164 ], [ -117.10611, 32.91698 ], [ -117.10824, 32.91597 ], [ -117.10818, 32.91552 ], [ -117.10907, 32.91551 ], [ -117.11028, 32.91977 ], [ -117.11009, 32.92063 ], [ -117.11102, 32.92052 ], [ -117.11423, 32.92495 ], [ -117.11438, 32.92565 ], [ -117.11359, 32.92883 ], [ -117.10948, 32.9421 ], [ -117.10812, 32.94473 ], [ -117.1058, 32.94798 ], [ -117.10449, 32.94673 ], [ -117.1021, 32.9461 ], [ -117.10162, 32.94563 ], [ -117.1016, 32.94253 ] ] ] } },
{ "type": "Feature", "properties": { "police_beat": 249 }, "geometry": { "type": "MultiPolygon", "coordinates": [ [ [ [ -117.19577, 33.06758 ], [ -117.19552, 33.0689 ], [ -117.19473, 33.07031 ], [ -117.19422, 33.07065 ], [ -117.19349, 33.07064 ], [ -117.1922, 33.0698 ], [ -117.19051, 33.06997 ], [ -117.19011, 33.06886 ], [ -117.18937, 33.06835 ], [ -117.18819, 33.06942 ], [ -117.18559, 33.07065 ], [ -117.18525, 33.06869 ], [ -117.18572, 33.06829 ], [ -117.18557, 33.06793 ], [ -117.18471, 33.06804 ], [ -117.18346, 33.0677 ], [ -117.18373, 33.06686 ], [ -117.18219, 33.06659 ], [ -117.1806, 33.06545 ], [ -117.18097, 33.06411 ], [ -117.18041, 33.06375 ], [ -117.17994, 33.06028 ], [ -117.18304, 33.0616 ], [ -117.18594, 33.06186 ], [ -117.18833, 33.05993 ], [ -117.19125, 33.05856 ], [ -117.1916, 33.05728 ], [ -117.19259, 33.05635 ], [ -117.19341, 33.05611 ], [ -117.19498, 33.05684 ], [ -117.19779, 33.05445 ], [ -117.20029, 33.05409 ], [ -117.2001, 33.06556 ], [ -117.19582, 33.06553 ], [ -117.1958, 33.06737 ], [ -117.19793, 33.0674 ], [ -117.1979, 33.06924 ], [ -117.2, 33.06927 ], [ -117.19988, 33.07299 ], [ -117.19786, 33.07294 ], [ -117.19792, 33.06937 ], [ -117.19577, 33.06758 ] ] ], [ [ [ -117.20445, 33.09351 ], [ -117.20371, 33.09263 ], [ -117.20371, 33.08762 ], [ -117.20505, 33.08598 ], [ -117.20416, 33.08466 ], [ -117.20502, 33.08387 ], [ -117.20472, 33.08325 ], [ -117.2052, 33.08267 ], [ -117.2021, 33.08068 ], [ -117.20272, 33.07999 ], [ -117.19899, 33.0776 ], [ -117.20122, 33.07512 ], [ -117.2039, 33.07682 ], [ -117.21076, 33.07678 ], [ -117.21076, 33.0759 ], [ -117.21218, 33.07697 ], [ -117.21394, 33.07765 ], [ -117.21463, 33.07671 ], [ -117.2159, 33.07586 ], [ -117.21614, 33.08404 ], [ -117.21671, 33.08392 ], [ -117.2167, 33.09115 ], [ -117.2117, 33.09076 ], [ -117.2102, 33.09182 ], [ -117.21127, 33.09508 ], [ -117.20808, 33.09508 ], [ -117.20808, 33.09548 ], [ -117.20698, 33.09463 ], [ -117.20445, 33.09351 ] ] ] ] } },
{ "type": "Feature", "properties": { "police_beat": 250 }, "geometry": { "type": "Polygon", "coordinates": [ [ [ -117.18124, 33.03602 ], [ -117.18387, 33.03561 ], [ -117.18403, 33.03683 ], [ -117.18375, 33.03814 ], [ -117.18659, 33.04354 ], [ -117.19141, 33.04358 ], [ -117.19374, 33.04222 ], [ -117.19533, 33.04213 ], [ -117.19674, 33.04163 ], [ -117.19821, 33.04285 ], [ -117.20183, 33.04363 ], [ -117.20655, 33.0445 ], [ -117.2123, 33.04475 ], [ -117.21611, 33.04769 ], [ -117.22009, 33.04647 ], [ -117.21518, 33.05083 ], [ -117.20837, 33.04819 ], [ -117.20847, 33.04892 ], [ -117.20476, 33.05026 ], [ -117.20464, 33.05469 ], [ -117.20246, 33.0547 ], [ -117.20248, 33.05379 ], [ -117.2003, 33.0538 ], [ -117.20029, 33.05409 ], [ -117.19882, 33.05412 ], [ -117.19767, 33.05452 ], [ -117.19498, 33.05684 ], [ -117.19298, 33.05618 ], [ -117.19179, 33.057 ], [ -117.19116, 33.05863 ], [ -117.18833, 33.05993 ], [ -117.18594, 33.06186 ], [ -117.18304, 33.0616 ], [ -117.18015, 33.06029 ], [ -117.17618, 33.06033 ], [ -117.172, 33.06209 ], [ -117.17224, 33.06417 ], [ -117.17127, 33.06383 ], [ -117.16673, 33.06354 ], [ -117.16414, 33.06244 ], [ -117.16114, 33.06284 ], [ -117.15733, 33.06424 ], [ -117.15503, 33.06335 ], [ -117.152, 33.06482 ], [ -117.14424, 33.06556 ], [ -117.14392, 33.065 ], [ -117.14388, 33.05833 ], [ -117.14183, 33.05835 ], [ -117.14182, 33.05654 ], [ -117.14059, 33.05655 ], [ -117.1406, 33.05837 ], [ -117.1373, 33.05841 ], [ -117.1373, 33.0575 ], [ -117.13623, 33.05751 ], [ -117.13623, 33.05661 ], [ -117.13515, 33.05662 ], [ -117.13516, 33.05945 ], [ -117.13412, 33.05974 ], [ -117.13305, 33.05819 ], [ -117.13192, 33.05865 ], [ -117.13033, 33.05825 ], [ -117.12972, 33.05842 ], [ -117.12906, 33.05785 ], [ -117.12869, 33.05792 ], [ -117.12869, 33.05553 ], [ -117.12769, 33.05553 ], [ -117.12769, 33.05482 ], [ -117.12659, 33.05483 ], [ -117.12514, 33.05623 ], [ -117.12251, 33.05603 ], [ -117.12189, 33.05372 ], [ -117.1228, 33.05023 ], [ -117.12364, 33.04955 ], [ -117.12571, 33.04885 ], [ -117.12765, 33.04738 ], [ -117.12967, 33.04671 ], [ -117.13218, 33.04492 ], [ -117.13285, 33.04382 ], [ -117.13038, 33.04382 ], [ -117.13187, 33.04177 ], [ -117.1336, 33.04072 ], [ -117.13782, 33.04073 ], [ -117.14078, 33.04029 ], [ -117.14275, 33.04077 ], [ -117.14544, 33.04192 ], [ -117.14929, 33.04197 ], [ -117.15243, 33.04276 ], [ -117.15476, 33.04227 ], [ -117.15489, 33.04271 ], [ -117.1571, 33.0419 ], [ -117.15995, 33.03914 ], [ -117.16535, 33.03672 ], [ -117.1674, 33.03624 ], [ -117.16969, 33.03505 ], [ -117.17417, 33.03451 ], [ -117.17476, 33.03459 ], [ -117.18124, 33.03602 ] ] ] } },
{ "type": "Feature", "properties": { "police_beat": 251 }, "geometry": { "type": "Polygon", "coordinates": [ [ [ -117.24214, 33.02687 ], [ -117.23607, 33.03227 ], [ -117.23645, 33.03237 ], [ -117.2361, 33.03343 ], [ -117.23729, 33.03374 ], [ -117.23628, 33.03681 ], [ -117.2339, 33.03618 ], [ -117.23321, 33.03829 ], [ -117.23196, 33.03807 ], [ -117.23059, 33.04242 ], [ -117.22978, 33.0422 ], [ -117.2291, 33.04433 ], [ -117.22989, 33.04452 ], [ -117.22921, 33.04665 ], [ -117.22802, 33.04634 ], [ -117.22735, 33.0485 ], [ -117.21988, 33.04642 ], [ -117.2161, 33.04769 ], [ -117.2123, 33.04475 ], [ -117.20655, 33.0445 ], [ -117.20183, 33.04363 ], [ -117.19819, 33.04284 ], [ -117.19675, 33.04163 ], [ -117.19533, 33.04213 ], [ -117.19374, 33.04222 ], [ -117.19141, 33.04358 ], [ -117.18661, 33.04354 ], [ -117.18373, 33.03808 ], [ -117.18403, 33.03685 ], [ -117.18387, 33.0356 ], [ -117.18911, 33.03256 ], [ -117.1909, 33.03013 ], [ -117.1917, 33.03078 ], [ -117.19216, 33.03079 ], [ -117.19328, 33.02995 ], [ -117.19411, 33.03044 ], [ -117.19496, 33.03045 ], [ -117.20009, 33.02907 ], [ -117.20126, 33.02906 ], [ -117.20219, 33.02793 ], [ -117.20352, 33.0271 ], [ -117.20461, 33.02683 ], [ -117.20498, 33.0264 ], [ -117.20462, 33.02385 ], [ -117.20537, 33.02235 ], [ -117.20532, 33.02156 ], [ -117.20955, 33.02198 ], [ -117.2089, 33.02057 ], [ -117.2095, 33.01955 ], [ -117.21067, 33.01872 ], [ -117.21031, 33.01789 ], [ -117.21389, 33.01682 ], [ -117.21431, 33.01639 ], [ -117.21452, 33.0157 ], [ -117.21427, 33.01487 ], [ -117.2147, 33.01382 ], [ -117.21554, 33.01332 ], [ -117.21576, 33.01201 ], [ -117.21572, 33.01151 ], [ -117.21501, 33.01075 ], [ -117.21528, 33.00976 ], [ -117.21634, 33.00874 ], [ -117.21896, 33.00727 ], [ -117.21885, 33.00624 ], [ -117.2192, 33.00574 ], [ -117.22234, 33.00437 ], [ -117.22412, 33.00412 ], [ -117.22441, 33.00167 ], [ -117.22588, 33.00059 ], [ -117.22713, 33.00197 ], [ -117.22792, 33.00236 ], [ -117.23265, 33.00185 ], [ -117.23366, 33.0021 ], [ -117.2401, 33.01057 ], [ -117.24057, 33.01098 ], [ -117.2428, 33.01098 ], [ -117.24278, 33.01279 ], [ -117.24707, 33.01278 ], [ -117.24704, 33.01666 ], [ -117.24432, 33.01796 ], [ -117.24429, 33.02169 ], [ -117.24701, 33.02039 ], [ -117.247, 33.0218 ], [ -117.24184, 33.02179 ], [ -117.24214, 33.02687 ] ] ] } },
{ "type": "Feature", "properties": { "police_beat": 252 }, "geometry": { "type": "Polygon", "coordinates": [ [ [ -117.19172, 33.02901 ], [ -117.1992, 33.02314 ], [ -117.19931, 33.02087 ], [ -117.19891, 33.01765 ], [ -117.19925, 33.01528 ], [ -117.19974, 33.01573 ], [ -117.20053, 33.01765 ], [ -117.20269, 33.01926 ], [ -117.20433, 33.01832 ], [ -117.20388, 33.01877 ], [ -117.20388, 33.01945 ], [ -117.20476, 33.01947 ], [ -117.20782, 33.01853 ], [ -117.2093, 33.0187 ], [ -117.21031, 33.01789 ], [ -117.21067, 33.01846 ], [ -117.20892, 33.0205 ], [ -117.20955, 33.02198 ], [ -117.20532, 33.02156 ], [ -117.20537, 33.02235 ], [ -117.20462, 33.02389 ], [ -117.20498, 33.0264 ], [ -117.20208, 33.028 ], [ -117.20146, 33.02898 ], [ -117.20007, 33.02908 ], [ -117.19499, 33.03044 ], [ -117.19411, 33.03044 ], [ -117.19328, 33.02995 ], [ -117.19216, 33.03079 ], [ -117.1917, 33.03078 ], [ -117.1909, 33.03013 ], [ -117.19172, 33.02901 ] ] ] } },
{ "type": "Feature", "properties": { "police_beat": 253 }, "geometry": { "type": "Polygon", "coordinates": [ [ [ -117.17443, 33.01277 ], [ -117.174, 33.01125 ], [ -117.17469, 33.01067 ], [ -117.18709, 33.01324 ], [ -117.18817, 33.01317 ], [ -117.19039, 33.0116 ], [ -117.1913, 33.01129 ], [ -117.19172, 33.01073 ], [ -117.19218, 33.0084 ], [ -117.19332, 33.00774 ], [ -117.19414, 33.00657 ], [ -117.19527, 33.00601 ], [ -117.19616, 33.00462 ], [ -117.19805, 33.00463 ], [ -117.19924, 33.00372 ], [ -117.199, 33.0051 ], [ -117.21052, 33.00497 ], [ -117.21426, 33.00632 ], [ -117.21632, 33.00628 ], [ -117.21907, 33.00692 ], [ -117.2189, 33.00732 ], [ -117.21634, 33.00874 ], [ -117.21522, 33.00986 ], [ -117.21503, 33.0108 ], [ -117.21579, 33.01171 ], [ -117.21557, 33.01321 ], [ -117.21465, 33.01388 ], [ -117.21425, 33.01497 ], [ -117.2145, 33.01585 ], [ -117.21392, 33.01681 ], [ -117.21046, 33.01782 ], [ -117.20931, 33.0187 ], [ -117.20782, 33.01853 ], [ -117.20476, 33.01947 ], [ -117.20388, 33.01945 ], [ -117.20388, 33.01877 ], [ -117.20433, 33.01832 ], [ -117.20269, 33.01926 ], [ -117.20167, 33.01872 ], [ -117.20049, 33.0176 ], [ -117.19975, 33.01575 ], [ -117.19925, 33.01528 ], [ -117.19891, 33.01765 ], [ -117.19931, 33.02087 ], [ -117.1992, 33.02314 ], [ -117.19162, 33.0291 ], [ -117.18925, 33.03245 ], [ -117.18533, 33.03492 ], [ -117.18347, 33.03572 ], [ -117.18098, 33.03603 ], [ -117.1742, 33.03451 ], [ -117.16975, 33.03504 ], [ -117.1674, 33.03624 ], [ -117.16535, 33.03672 ], [ -117.15995, 33.03914 ], [ -117.1571, 33.0419 ], [ -117.15489, 33.04271 ], [ -117.15476, 33.04227 ], [ -117.15629, 33.0418 ], [ -117.15716, 33.04114 ], [ -117.1594, 33.03736 ], [ -117.16267, 33.03328 ], [ -117.16354, 33.03115 ], [ -117.16331, 33.02971 ], [ -117.16361, 33.02868 ], [ -117.16565, 33.02803 ], [ -117.16605, 33.02742 ], [ -117.16748, 33.02661 ], [ -117.16928, 33.02453 ], [ -117.17166, 33.02435 ], [ -117.17424, 33.02368 ], [ -117.17582, 33.02259 ], [ -117.17742, 33.0205 ], [ -117.17813, 33.01879 ], [ -117.17812, 33.0178 ], [ -117.17732, 33.01544 ], [ -117.17443, 33.01277 ] ] ] } },
{ "type": "Feature", "properties": { "police_beat": 271 }, "geometry": { "type": "Polygon", "coordinates": [ [ [ -117.25763, 33.00189 ], [ -117.25662, 32.99591 ], [ -117.26269, 32.99611 ], [ -117.26672, 32.99478 ], [ -117.26923, 32.99233 ], [ -117.27466, 32.99134 ], [ -117.27593, 32.99589 ], [ -117.27692, 32.99797 ], [ -117.27784, 32.99909 ], [ -117.27736, 32.99916 ], [ -117.27799, 33.00001 ], [ -117.278, 33.00053 ], [ -117.27618, 33.00142 ], [ -117.27683, 33.00232 ], [ -117.27578, 33.00316 ], [ -117.27598, 33.00387 ], [ -117.27529, 33.00387 ], [ -117.27518, 33.00414 ], [ -117.2751, 33.00386 ], [ -117.27412, 33.00386 ], [ -117.27354, 33.0045 ], [ -117.27264, 33.00393 ], [ -117.25925, 33.00386 ], [ -117.25972, 33.00557 ], [ -117.26067, 33.00626 ], [ -117.2604, 33.00662 ], [ -117.25851, 33.00413 ], [ -117.25763, 33.00189 ] ] ] } },
{ "type": "Feature", "properties": { "police_beat": 272 }, "geometry": { "type": "Polygon", "coordinates": [ [ [ -117.2455, 33.00745 ], [ -117.24552, 33.00564 ], [ -117.24444, 33.00565 ], [ -117.24442, 33.00746 ], [ -117.24097, 33.00748 ], [ -117.24034, 33.00561 ], [ -117.23987, 33.00566 ], [ -117.24007, 33.00507 ], [ -117.23936, 33.00451 ], [ -117.23866, 33.0045 ], [ -117.23838, 33.00505 ], [ -117.23776, 33.00467 ], [ -117.23859, 33.00319 ], [ -117.23737, 33.00313 ], [ -117.23715, 33.0019 ], [ -117.23826, 33.00136 ], [ -117.23875, 33.00049 ], [ -117.23873, 32.99594 ], [ -117.24701, 32.99604 ], [ -117.25067, 32.99547 ], [ -117.25662, 32.99591 ], [ -117.25781, 33.00266 ], [ -117.25924, 33.00541 ], [ -117.2604, 33.00662 ], [ -117.26002, 33.00743 ], [ -117.2455, 33.00745 ] ] ] } },
{ "type": "Feature", "properties": { "police_beat": 273 }, "geometry": { "type": "Polygon", "coordinates": [ [ [ -117.25404, 32.98207 ], [ -117.25598, 32.98207 ], [ -117.25601, 32.97943 ], [ -117.25756, 32.97944 ], [ -117.26161, 32.98043 ], [ -117.27241, 32.98019 ], [ -117.27327, 32.98226 ], [ -117.27405, 32.98926 ], [ -117.27466, 32.99134 ], [ -117.26923, 32.99233 ], [ -117.26672, 32.99478 ], [ -117.26269, 32.99611 ], [ -117.25662, 32.99591 ], [ -117.25496, 32.98487 ], [ -117.25404, 32.98207 ] ] ] } },
{ "type": "Feature", "properties": { "police_beat": 274 }, "geometry": { "type": "Polygon", "coordinates": [ [ [ -117.23864, 32.99258 ], [ -117.23962, 32.99289 ], [ -117.23929, 32.99212 ], [ -117.24007, 32.992 ], [ -117.24016, 32.99158 ], [ -117.2397, 32.99111 ], [ -117.24051, 32.98969 ], [ -117.24083, 32.98987 ], [ -117.24083, 32.98757 ], [ -117.23868, 32.98758 ], [ -117.2387, 32.98575 ], [ -117.24965, 32.98567 ], [ -117.24954, 32.98205 ], [ -117.25404, 32.98207 ], [ -117.25484, 32.98419 ], [ -117.25662, 32.99591 ], [ -117.25067, 32.99547 ], [ -117.24701, 32.99604 ], [ -117.23873, 32.99594 ], [ -117.23864, 32.99258 ] ] ] } },
{ "type": "Feature", "properties": { "police_beat": 281 }, "geometry": { "type": "Polygon", "coordinates": [ [ [ -117.23382, 33.0022 ], [ -117.23269, 33.00185 ], [ -117.22768, 33.00229 ], [ -117.22631, 33.00106 ], [ -117.22507, 32.99885 ], [ -117.22405, 32.99199 ], [ -117.22458, 32.99019 ], [ -117.22468, 32.98718 ], [ -117.22729, 32.98392 ], [ -117.22903, 32.98289 ], [ -117.23184, 32.98249 ], [ -117.23372, 32.98157 ], [ -117.23388, 32.98185 ], [ -117.23874, 32.98189 ], [ -117.23868, 32.98758 ], [ -117.24083, 32.98757 ], [ -117.24083, 32.98987 ], [ -117.24051, 32.98969 ], [ -117.2397, 32.99111 ], [ -117.24016, 32.99158 ], [ -117.24007, 32.992 ], [ -117.23929, 32.99212 ], [ -117.23962, 32.99289 ], [ -117.23864, 32.99258 ], [ -117.23876, 33.00045 ], [ -117.23826, 33.00136 ], [ -117.23715, 33.0019 ], [ -117.23737, 33.00313 ], [ -117.23859, 33.00319 ], [ -117.23776, 33.00467 ], [ -117.23838, 33.00505 ], [ -117.23866, 33.0045 ], [ -117.23936, 33.00451 ], [ -117.24007, 33.00507 ], [ -117.23987, 33.00566 ], [ -117.24034, 33.00561 ], [ -117.24097, 33.00748 ], [ -117.24282, 33.00747 ], [ -117.24296, 33.00888 ], [ -117.24281, 33.00934 ], [ -117.23913, 33.0092 ], [ -117.23382, 33.0022 ] ] ] } },
{ "type": "Feature", "properties": { "police_beat": 282 }, "geometry": { "type": "Polygon", "coordinates": [ [ [ -117.199, 33.0051 ], [ -117.1991, 33.00406 ], [ -117.20321, 32.99308 ], [ -117.19778, 32.99302 ], [ -117.19892, 32.99128 ], [ -117.19742, 32.99121 ], [ -117.19576, 32.98825 ], [ -117.19589, 32.98623 ], [ -117.19658, 32.98497 ], [ -117.21713, 32.98553 ], [ -117.21763, 32.98463 ], [ -117.21855, 32.98407 ], [ -117.22155, 32.98375 ], [ -117.22151, 32.98227 ], [ -117.22631, 32.98443 ], [ -117.22661, 32.98473 ], [ -117.22469, 32.98714 ], [ -117.22458, 32.99019 ], [ -117.22405, 32.99196 ], [ -117.22504, 32.99877 ], [ -117.22604, 33.00056 ], [ -117.22442, 33.00164 ], [ -117.22417, 33.00408 ], [ -117.22234, 33.00437 ], [ -117.21929, 33.00569 ], [ -117.21886, 33.00616 ], [ -117.21899, 33.00676 ], [ -117.21854, 33.00687 ], [ -117.21633, 33.00628 ], [ -117.21426, 33.00632 ], [ -117.21069, 33.00499 ], [ -117.199, 33.0051 ] ] ] } },
{ "type": "Feature", "properties": { "police_beat": 291 }, "geometry": { "type": "Polygon", "coordinates": [ [ [ -117.25601, 32.97943 ], [ -117.25635, 32.9785 ], [ -117.25602, 32.97779 ], [ -117.25599, 32.97172 ], [ -117.25727, 32.97148 ], [ -117.25925, 32.97006 ], [ -117.26069, 32.9697 ], [ -117.26217, 32.97093 ], [ -117.2664, 32.97263 ], [ -117.26801, 32.97932 ], [ -117.2663, 32.97932 ], [ -117.2663, 32.98028 ], [ -117.26181, 32.98044 ], [ -117.25721, 32.97939 ], [ -117.25601, 32.97943 ] ] ] } },
{ "type": "Feature", "properties": { "police_beat": 292 }, "geometry": { "type": "Polygon", "coordinates": [ [ [ -117.2663, 32.97932 ], [ -117.26801, 32.97932 ], [ -117.26552, 32.96787 ], [ -117.2656, 32.96566 ], [ -117.26518, 32.96454 ], [ -117.26525, 32.95965 ], [ -117.26713, 32.95917 ], [ -117.2676, 32.96132 ], [ -117.26719, 32.9624 ], [ -117.26727, 32.96356 ], [ -117.26866, 32.96351 ], [ -117.269, 32.96706 ], [ -117.27053, 32.97466 ], [ -117.27138, 32.97728 ], [ -117.27208, 32.97827 ], [ -117.27246, 32.97996 ], [ -117.27241, 32.98019 ], [ -117.2663, 32.98028 ], [ -117.2663, 32.97932 ] ] ] } },
{ "type": "Feature", "properties": { "police_beat": 293 }, "geometry": { "type": "Polygon", "coordinates": [ [ [ -117.25925, 32.97006 ], [ -117.25727, 32.97148 ], [ -117.25599, 32.97172 ], [ -117.25592, 32.96027 ], [ -117.25549, 32.95946 ], [ -117.25542, 32.95808 ], [ -117.25589, 32.95807 ], [ -117.25589, 32.95294 ], [ -117.26019, 32.95285 ], [ -117.26017, 32.95112 ], [ -117.26068, 32.95099 ], [ -117.25972, 32.94846 ], [ -117.26096, 32.9481 ], [ -117.26297, 32.95335 ], [ -117.26054, 32.95401 ], [ -117.26078, 32.9551 ], [ -117.26013, 32.95559 ], [ -117.26274, 32.95568 ], [ -117.26315, 32.95688 ], [ -117.26248, 32.95758 ], [ -117.26274, 32.95835 ], [ -117.26393, 32.95769 ], [ -117.26475, 32.95978 ], [ -117.26525, 32.95965 ], [ -117.26519, 32.96472 ], [ -117.2656, 32.96566 ], [ -117.26549, 32.9677 ], [ -117.26648, 32.97197 ], [ -117.26625, 32.97201 ], [ -117.2664, 32.97263 ], [ -117.26217, 32.97093 ], [ -117.26069, 32.9697 ], [ -117.25925, 32.97006 ] ] ] } },
{ "type": "Feature", "properties": { "police_beat": 294 }, "geometry": { "type": "Polygon", "coordinates": [ [ [ -117.26372, 32.95774 ], [ -117.26273, 32.95835 ], [ -117.26248, 32.95758 ], [ -117.26315, 32.95688 ], [ -117.26274, 32.95568 ], [ -117.26013, 32.95558 ], [ -117.26078, 32.9551 ], [ -117.26054, 32.95401 ], [ -117.26297, 32.95335 ], [ -117.26096, 32.9481 ], [ -117.26242, 32.94772 ], [ -117.26565, 32.95609 ], [ -117.26509, 32.95622 ], [ -117.2663, 32.95938 ], [ -117.26475, 32.95978 ], [ -117.26372, 32.95774 ] ] ] } },
{ "type": "Feature", "properties": { "police_beat": 295 }, "geometry": { "type": "Polygon", "coordinates": [ [ [ -117.2663, 32.95938 ], [ -117.26509, 32.95622 ], [ -117.26565, 32.95609 ], [ -117.26304, 32.94887 ], [ -117.26242, 32.94772 ], [ -117.26096, 32.9481 ], [ -117.26027, 32.9463 ], [ -117.26014, 32.94487 ], [ -117.26104, 32.94192 ], [ -117.26118, 32.93876 ], [ -117.26237, 32.93969 ], [ -117.26368, 32.94497 ], [ -117.26699, 32.95342 ], [ -117.26813, 32.95787 ], [ -117.26866, 32.96351 ], [ -117.26727, 32.96356 ], [ -117.26719, 32.9624 ], [ -117.2676, 32.96132 ], [ -117.26718, 32.95931 ], [ -117.2663, 32.95938 ] ] ] } },
{ "type": "Feature", "properties": { "police_beat": 296 }, "geometry": { "type": "Polygon", "coordinates": [ [ [ -117.25593, 32.94565 ], [ -117.25597, 32.94203 ], [ -117.25815, 32.94201 ], [ -117.25816, 32.93838 ], [ -117.25945, 32.9374 ], [ -117.26118, 32.93876 ], [ -117.26109, 32.94158 ], [ -117.26013, 32.94561 ], [ -117.25593, 32.94565 ] ] ] } },
{ "type": "Feature", "properties": { "police_beat": 301 }, "geometry": { "type": "Polygon", "coordinates": [ [ [ -117.24498, 33.22113 ], [ -117.25589, 33.22119 ], [ -117.2559, 33.22316 ], [ -117.25349, 33.22315 ], [ -117.25349, 33.22338 ], [ -117.25742, 33.22343 ], [ -117.2574, 33.22457 ], [ -117.26222, 33.22718 ], [ -117.25858, 33.22889 ], [ -117.25779, 33.23525 ], [ -117.25919, 33.23552 ], [ -117.25683, 33.23849 ], [ -117.25021, 33.23471 ], [ -117.25012, 33.23416 ], [ -117.25057, 33.2339 ], [ -117.24994, 33.23315 ], [ -117.24874, 33.23004 ], [ -117.2476, 33.22859 ], [ -117.24669, 33.22653 ], [ -117.24618, 33.22322 ], [ -117.24498, 33.22113 ] ] ] } },
{ "type": "Feature", "properties": { "police_beat": 302 }, "geometry": { "type": "Polygon", "coordinates": [ [ [ -117.24604, 33.23508 ], [ -117.24538, 33.23507 ], [ -117.24539, 33.23355 ], [ -117.24493, 33.23337 ], [ -117.24495, 33.23429 ], [ -117.24403, 33.23429 ], [ -117.2433, 33.23147 ], [ -117.2429, 33.2315 ], [ -117.24309, 33.23247 ], [ -117.24134, 33.23247 ], [ -117.24108, 33.23158 ], [ -117.23913, 33.23103 ], [ -117.23907, 33.22916 ], [ -117.23699, 33.229 ], [ -117.23701, 33.23229 ], [ -117.23504, 33.23239 ], [ -117.23486, 33.23128 ], [ -117.23439, 33.23124 ], [ -117.23444, 33.23059 ], [ -117.23601, 33.2306 ], [ -117.23549, 33.22997 ], [ -117.23591, 33.22891 ], [ -117.23091, 33.2285 ], [ -117.23045, 33.22954 ], [ -117.23011, 33.22942 ], [ -117.2302, 33.22845 ], [ -117.2299, 33.22842 ], [ -117.22936, 33.22845 ], [ -117.22881, 33.22972 ], [ -117.2289, 33.23039 ], [ -117.22729, 33.23037 ], [ -117.22701, 33.23178 ], [ -117.22914, 33.23177 ], [ -117.22896, 33.2308 ], [ -117.23101, 33.23107 ], [ -117.23155, 33.2323 ], [ -117.22924, 33.23231 ], [ -117.22937, 33.23483 ], [ -117.22734, 33.2348 ], [ -117.2262, 33.23425 ], [ -117.22628, 33.21719 ], [ -117.23278, 33.21737 ], [ -117.23349, 33.21787 ], [ -117.23472, 33.21995 ], [ -117.23671, 33.22094 ], [ -117.24154, 33.22138 ], [ -117.24498, 33.22113 ], [ -117.2463, 33.22352 ], [ -117.24658, 33.22613 ], [ -117.24709, 33.22749 ], [ -117.24873, 33.23 ], [ -117.24991, 33.23307 ], [ -117.25057, 33.2339 ], [ -117.24832, 33.23512 ], [ -117.24632, 33.23509 ], [ -117.24687, 33.23539 ], [ -117.24626, 33.23582 ], [ -117.24589, 33.23562 ], [ -117.24604, 33.23508 ] ] ] } },
{ "type": "Feature", "properties": { "police_beat": 303 }, "geometry": { "type": "Polygon", "coordinates": [ [ [ -117.21732, 33.2356 ], [ -117.218, 33.23581 ], [ -117.22029, 33.23557 ], [ -117.22037, 33.23494 ], [ -117.21908, 33.23479 ], [ -117.21906, 33.23393 ], [ -117.2201, 33.23391 ], [ -117.22122, 33.23317 ], [ -117.22125, 33.23199 ], [ -117.22225, 33.23218 ], [ -117.22229, 33.23033 ], [ -117.21884, 33.23007 ], [ -117.21902, 33.22967 ], [ -117.21872, 33.22924 ], [ -117.21715, 33.22903 ], [ -117.21685, 33.23129 ], [ -117.21516, 33.23158 ], [ -117.21516, 33.2312 ], [ -117.21638, 33.23083 ], [ -117.21591, 33.22972 ], [ -117.2157, 33.23036 ], [ -117.21394, 33.23031 ], [ -117.21451, 33.22979 ], [ -117.21401, 33.22947 ], [ -117.21469, 33.22848 ], [ -117.21509, 33.22826 ], [ -117.21608, 33.22907 ], [ -117.21643, 33.22889 ], [ -117.2157, 33.22784 ], [ -117.21506, 33.22796 ], [ -117.21533, 33.22486 ], [ -117.21464, 33.22479 ], [ -117.21379, 33.22562 ], [ -117.21157, 33.22663 ], [ -117.209, 33.22731 ], [ -117.20815, 33.22744 ], [ -117.20811, 33.22647 ], [ -117.20483, 33.22653 ], [ -117.20486, 33.22298 ], [ -117.2066, 33.22298 ], [ -117.2066, 33.22234 ], [ -117.20705, 33.22232 ], [ -117.20704, 33.22151 ], [ -117.20743, 33.2212 ], [ -117.20731, 33.2206 ], [ -117.20659, 33.22078 ], [ -117.20659, 33.22117 ], [ -117.20576, 33.22109 ], [ -117.20571, 33.22138 ], [ -117.20525, 33.22148 ], [ -117.20527, 33.22205 ], [ -117.20364, 33.22205 ], [ -117.20365, 33.22075 ], [ -117.20495, 33.22076 ], [ -117.20574, 33.21994 ], [ -117.20582, 33.21932 ], [ -117.20666, 33.21931 ], [ -117.20663, 33.21772 ], [ -117.20723, 33.21762 ], [ -117.20805, 33.21798 ], [ -117.20805, 33.21655 ], [ -117.20574, 33.21646 ], [ -117.20572, 33.21562 ], [ -117.20805, 33.21565 ], [ -117.208, 33.21116 ], [ -117.20668, 33.21112 ], [ -117.20666, 33.21203 ], [ -117.20155, 33.21182 ], [ -117.20175, 33.20977 ], [ -117.20622, 33.21022 ], [ -117.20625, 33.20962 ], [ -117.20445, 33.20836 ], [ -117.20513, 33.20838 ], [ -117.20517, 33.20631 ], [ -117.20452, 33.20631 ], [ -117.20452, 33.20584 ], [ -117.20309, 33.20612 ], [ -117.20307, 33.20653 ], [ -117.20157, 33.20652 ], [ -117.2016, 33.20594 ], [ -117.20199, 33.20594 ], [ -117.20201, 33.20553 ], [ -117.2009, 33.20553 ], [ -117.20087, 33.20603 ], [ -117.19973, 33.20601 ], [ -117.19997, 33.20828 ], [ -117.20073, 33.20829 ], [ -117.20061, 33.21004 ], [ -117.19892, 33.21003 ], [ -117.19867, 33.20825 ], [ -117.19587, 33.20822 ], [ -117.19568, 33.20726 ], [ -117.19706, 33.20711 ], [ -117.19649, 33.20666 ], [ -117.19674, 33.20612 ], [ -117.19398, 33.20611 ], [ -117.19227, 33.20698 ], [ -117.19228, 33.20109 ], [ -117.1978, 33.2011 ], [ -117.19822, 33.20281 ], [ -117.19985, 33.20215 ], [ -117.19982, 33.20242 ], [ -117.20392, 33.20244 ], [ -117.20388, 33.2048 ], [ -117.20616, 33.20486 ], [ -117.20801, 33.20698 ], [ -117.21131, 33.20734 ], [ -117.21805, 33.20561 ], [ -117.22327, 33.20871 ], [ -117.23001, 33.20909 ], [ -117.23101, 33.20945 ], [ -117.23172, 33.21012 ], [ -117.23204, 33.21108 ], [ -117.23037, 33.21141 ], [ -117.22922, 33.2122 ], [ -117.22786, 33.21503 ], [ -117.22615, 33.21757 ], [ -117.22626, 33.23669 ], [ -117.22418, 33.23669 ], [ -117.22433, 33.23582 ], [ -117.2217, 33.23579 ], [ -117.22096, 33.23598 ], [ -117.22078, 33.23724 ], [ -117.21967, 33.23724 ], [ -117.21967, 33.23765 ], [ -117.21727, 33.23764 ], [ -117.21732, 33.2356 ] ] ] } },
{ "type": "Feature", "properties": { "police_beat": 304 }, "geometry": { "type": "Polygon", "coordinates": [ [ [ -117.25423, 33.20592 ], [ -117.25424, 33.20469 ], [ -117.27089, 33.20475 ], [ -117.2709, 33.20836 ], [ -117.26653, 33.20834 ], [ -117.2622, 33.21043 ], [ -117.26222, 33.21915 ], [ -117.25846, 33.21995 ], [ -117.25819, 33.2197 ], [ -117.25613, 33.21629 ], [ -117.25514, 33.20883 ], [ -117.25423, 33.20592 ] ] ] } },
{ "type": "Feature", "properties": { "police_beat": 305 }, "geometry": { "type": "Polygon", "coordinates": [ [ [ -117.24498, 33.22113 ], [ -117.24498, 33.20432 ], [ -117.2439, 33.20238 ], [ -117.24462, 33.20195 ], [ -117.24605, 33.20421 ], [ -117.24751, 33.20515 ], [ -117.25424, 33.20469 ], [ -117.25419, 33.20576 ], [ -117.25563, 33.21154 ], [ -117.25612, 33.21626 ], [ -117.25837, 33.21996 ], [ -117.25591, 33.21954 ], [ -117.25589, 33.22119 ], [ -117.24498, 33.22113 ] ] ] } },
{ "type": "Feature", "properties": { "police_beat": 306 }, "geometry": { "type": "Polygon", "coordinates": [ [ [ -117.22628, 33.21719 ], [ -117.22786, 33.21503 ], [ -117.22946, 33.21196 ], [ -117.23069, 33.2113 ], [ -117.23312, 33.21081 ], [ -117.23505, 33.20953 ], [ -117.23648, 33.20621 ], [ -117.23739, 33.20509 ], [ -117.23881, 33.20423 ], [ -117.24152, 33.20356 ], [ -117.2439, 33.20238 ], [ -117.24498, 33.20432 ], [ -117.24498, 33.22113 ], [ -117.24154, 33.22138 ], [ -117.23638, 33.22086 ], [ -117.23483, 33.22005 ], [ -117.23344, 33.21781 ], [ -117.23229, 33.21728 ], [ -117.22628, 33.21719 ] ] ] } },
{ "type": "Feature", "properties": { "police_beat": 307 }, "geometry": { "type": "Polygon", "coordinates": [ [ [ -117.22319, 33.20869 ], [ -117.21816, 33.20562 ], [ -117.21712, 33.20565 ], [ -117.21526, 33.20639 ], [ -117.21056, 33.20737 ], [ -117.20801, 33.20698 ], [ -117.2061, 33.20483 ], [ -117.20388, 33.2048 ], [ -117.20398, 33.20109 ], [ -117.20496, 33.20111 ], [ -117.20497, 33.20075 ], [ -117.20608, 33.20078 ], [ -117.20605, 33.20178 ], [ -117.20726, 33.2018 ], [ -117.20724, 33.20243 ], [ -117.20848, 33.20242 ], [ -117.20844, 33.2048 ], [ -117.21339, 33.20476 ], [ -117.21344, 33.20402 ], [ -117.21271, 33.20399 ], [ -117.21243, 33.20349 ], [ -117.21364, 33.20356 ], [ -117.21361, 33.20403 ], [ -117.2141, 33.20405 ], [ -117.2142, 33.20375 ], [ -117.21585, 33.20411 ], [ -117.21659, 33.2018 ], [ -117.21681, 33.20109 ], [ -117.21552, 33.20108 ], [ -117.21486, 33.20173 ], [ -117.21454, 33.20262 ], [ -117.21315, 33.20209 ], [ -117.21301, 33.2012 ], [ -117.21353, 33.2012 ], [ -117.21438, 33.19884 ], [ -117.21429, 33.19819 ], [ -117.21337, 33.19751 ], [ -117.21345, 33.19568 ], [ -117.21287, 33.19571 ], [ -117.21286, 33.19502 ], [ -117.21194, 33.19486 ], [ -117.21217, 33.19389 ], [ -117.21125, 33.1939 ], [ -117.21129, 33.1942 ], [ -117.21087, 33.1942 ], [ -117.21086, 33.19474 ], [ -117.20864, 33.19468 ], [ -117.20864, 33.1939 ], [ -117.21068, 33.1939 ], [ -117.2107, 33.19249 ], [ -117.20956, 33.19249 ], [ -117.2096, 33.18664 ], [ -117.21129, 33.18665 ], [ -117.21128, 33.1874 ], [ -117.21183, 33.1874 ], [ -117.21183, 33.18665 ], [ -117.21339, 33.18659 ], [ -117.2138, 33.1878 ], [ -117.21299, 33.18781 ], [ -117.21299, 33.18816 ], [ -117.21365, 33.18818 ], [ -117.21343, 33.18875 ], [ -117.21373, 33.18986 ], [ -117.21348, 33.19034 ], [ -117.21537, 33.1903 ], [ -117.21536, 33.19137 ], [ -117.21751, 33.19065 ], [ -117.21748, 33.19033 ], [ -117.2157, 33.19031 ], [ -117.21588, 33.18954 ], [ -117.21681, 33.18854 ], [ -117.21734, 33.18855 ], [ -117.21757, 33.19064 ], [ -117.22011, 33.19069 ], [ -117.22136, 33.18693 ], [ -117.22037, 33.18664 ], [ -117.22054, 33.18603 ], [ -117.22108, 33.18622 ], [ -117.22115, 33.18601 ], [ -117.21938, 33.18509 ], [ -117.21849, 33.18526 ], [ -117.21908, 33.18297 ], [ -117.2216, 33.18378 ], [ -117.22352, 33.18501 ], [ -117.22687, 33.18971 ], [ -117.22866, 33.19138 ], [ -117.23029, 33.19233 ], [ -117.23434, 33.19387 ], [ -117.23386, 33.19547 ], [ -117.23424, 33.19899 ], [ -117.23511, 33.20141 ], [ -117.23712, 33.20534 ], [ -117.23641, 33.20634 ], [ -117.23535, 33.2091 ], [ -117.23347, 33.21063 ], [ -117.23204, 33.21108 ], [ -117.23165, 33.21002 ], [ -117.23066, 33.20928 ], [ -117.22319, 33.20869 ] ] ] } },
{ "type": "Feature", "properties": { "police_beat": 308 }, "geometry": { "type": "Polygon", "coordinates": [ [ [ -117.25424, 33.20469 ], [ -117.25518, 33.20273 ], [ -117.25585, 33.19847 ], [ -117.2542, 33.19457 ], [ -117.25746, 33.19405 ], [ -117.26311, 33.19427 ], [ -117.26603, 33.19391 ], [ -117.27324, 33.19095 ], [ -117.28454, 33.18532 ], [ -117.28825, 33.18402 ], [ -117.28825, 33.18669 ], [ -117.28565, 33.18667 ], [ -117.2855, 33.18787 ], [ -117.28668, 33.19029 ], [ -117.28772, 33.1903 ], [ -117.28775, 33.19393 ], [ -117.27951, 33.19386 ], [ -117.27949, 33.20479 ], [ -117.2737, 33.20475 ], [ -117.27363, 33.20571 ], [ -117.27149, 33.20564 ], [ -117.27149, 33.20481 ], [ -117.25424, 33.20469 ] ] ] } },
{ "type": "Feature", "properties": { "police_beat": 309 }, "geometry": { "type": "Polygon", "coordinates": [ [ [ -117.24462, 33.20195 ], [ -117.24731, 33.19999 ], [ -117.24873, 33.1977 ], [ -117.25466, 33.19543 ], [ -117.25585, 33.19859 ], [ -117.25517, 33.20274 ], [ -117.25424, 33.20469 ], [ -117.24751, 33.20515 ], [ -117.24669, 33.20476 ], [ -117.24462, 33.20195 ] ] ] } },
{ "type": "Feature", "properties": { "police_beat": 310 }, "geometry": { "type": "Polygon", "coordinates": [ [ [ -117.23434, 33.19387 ], [ -117.23536, 33.19243 ], [ -117.2394, 33.18912 ], [ -117.24804, 33.19407 ], [ -117.25087, 33.19485 ], [ -117.2542, 33.19457 ], [ -117.25466, 33.19543 ], [ -117.24873, 33.1977 ], [ -117.24722, 33.20008 ], [ -117.2439, 33.20238 ], [ -117.24087, 33.1985 ], [ -117.23899, 33.19663 ], [ -117.23676, 33.195 ], [ -117.23434, 33.19387 ] ] ] } },
{ "type": "Feature", "properties": { "police_beat": 311 }, "geometry": { "type": "MultiPolygon", "coordinates": [ [ [ [ -117.12827, 32.8099 ], [ -117.12317, 32.80848 ], [ -117.12137, 32.80829 ], [ -117.11943, 32.80859 ], [ -117.11397, 32.81044 ], [ -117.11268, 32.80278 ], [ -117.11194, 32.79469 ], [ -117.11229, 32.79234 ], [ -117.11387, 32.7883 ], [ -117.11773, 32.78742 ], [ -117.11773, 32.78813 ], [ -117.13537, 32.78806 ], [ -117.13539, 32.78094 ], [ -117.13856, 32.78095 ], [ -117.13632, 32.778 ], [ -117.13802, 32.77773 ], [ -117.14212, 32.77796 ], [ -117.14355, 32.77747 ], [ -117.14697, 32.77548 ], [ -117.15073, 32.77462 ], [ -117.15385, 32.77468 ], [ -117.1548, 32.77845 ], [ -117.15342, 32.78095 ], [ -117.15235, 32.78871 ], [ -117.15128, 32.78946 ], [ -117.14833, 32.78917 ], [ -117.14952, 32.79268 ], [ -117.14943, 32.79899 ], [ -117.14982, 32.80076 ], [ -117.15156, 32.80666 ], [ -117.15372, 32.80992 ], [ -117.15354, 32.81116 ], [ -117.15016, 32.80976 ], [ -117.12827, 32.8099 ] ] ], [ [ [ -117.23711, 33.19517 ], [ -117.23916, 33.19678 ], [ -117.24253, 33.20032 ], [ -117.2439, 33.20238 ], [ -117.24152, 33.20356 ], [ -117.23881, 33.20423 ], [ -117.23712, 33.20534 ], [ -117.23511, 33.20141 ], [ -117.23424, 33.19899 ], [ -117.23386, 33.19545 ], [ -117.23435, 33.19388 ], [ -117.23711, 33.19517 ] ] ] ] } },
{ "type": "Feature", "properties": { "police_beat": 312 }, "geometry": { "type": "MultiPolygon", "coordinates": [ [ [ [ -117.0046, 32.87479 ], [ -117.00935, 32.86644 ], [ -117.01075, 32.86701 ], [ -117.01172, 32.86497 ], [ -117.01234, 32.86527 ], [ -117.0132, 32.86472 ], [ -117.0123, 32.86371 ], [ -117.01169, 32.86351 ], [ -117.012, 32.86303 ], [ -117.01266, 32.86325 ], [ -117.01366, 32.86285 ], [ -117.01529, 32.8628 ], [ -117.01423, 32.86134 ], [ -117.01299, 32.86166 ], [ -117.0127, 32.86101 ], [ -117.0127, 32.85914 ], [ -117.01375, 32.85821 ], [ -117.01377, 32.85748 ], [ -117.01272, 32.85559 ], [ -117.01122, 32.85558 ], [ -117.01162, 32.85332 ], [ -117.01354, 32.85259 ], [ -117.01402, 32.85112 ], [ -117.01501, 32.85047 ], [ -117.01564, 32.85027 ], [ -117.0171, 32.8506 ], [ -117.01886, 32.84988 ], [ -117.01914, 32.84957 ], [ -117.01905, 32.84904 ], [ -117.02109, 32.84821 ], [ -117.02373, 32.84596 ], [ -117.02327, 32.84594 ], [ -117.0233, 32.83953 ], [ -117.02713, 32.84597 ], [ -117.03899, 32.84602 ], [ -117.03908, 32.84036 ], [ -117.04416, 32.83889 ], [ -117.04523, 32.8381 ], [ -117.04582, 32.83673 ], [ -117.04585, 32.83499 ], [ -117.04616, 32.83419 ], [ -117.04876, 32.8322 ], [ -117.05078, 32.83138 ], [ -117.05169, 32.83043 ], [ -117.05226, 32.82767 ], [ -117.05414, 32.82824 ], [ -117.05497, 32.8272 ], [ -117.05617, 32.82724 ], [ -117.05712, 32.82608 ], [ -117.06143, 32.82394 ], [ -117.063, 32.82477 ], [ -117.06179, 32.82743 ], [ -117.06182, 32.82877 ], [ -117.06433, 32.82533 ], [ -117.06408, 32.82365 ], [ -117.06545, 32.82461 ], [ -117.06534, 32.8227 ], [ -117.06635, 32.82262 ], [ -117.06767, 32.81854 ], [ -117.06837, 32.81848 ], [ -117.06807, 32.81737 ], [ -117.06886, 32.81701 ], [ -117.0686, 32.81656 ], [ -117.06916, 32.81657 ], [ -117.07057, 32.81498 ], [ -117.07262, 32.81442 ], [ -117.07704, 32.81126 ], [ -117.07705, 32.80993 ], [ -117.08041, 32.80899 ], [ -117.08156, 32.81018 ], [ -117.08204, 32.8097 ], [ -117.08809, 32.81552 ], [ -117.09263, 32.81506 ], [ -117.09345, 32.81432 ], [ -117.09357, 32.81097 ], [ -117.09793, 32.80682 ], [ -117.10057, 32.80525 ], [ -117.10023, 32.80248 ], [ -117.10055, 32.79955 ], [ -117.10405, 32.79535 ], [ -117.10471, 32.79491 ], [ -117.10471, 32.79526 ], [ -117.11051, 32.79529 ], [ -117.11198, 32.794 ], [ -117.11268, 32.80278 ], [ -117.11713, 32.82741 ], [ -117.11885, 32.83381 ], [ -117.12025, 32.83658 ], [ -117.12079, 32.83869 ], [ -117.12077, 32.8405 ], [ -117.12022, 32.84235 ], [ -117.11666, 32.84836 ], [ -117.116, 32.84756 ], [ -117.11814, 32.84373 ], [ -117.1178, 32.84345 ], [ -117.11783, 32.84265 ], [ -117.11621, 32.84238 ], [ -117.10531, 32.8423 ], [ -117.105, 32.84196 ], [ -117.10271, 32.84253 ], [ -117.0994, 32.84259 ], [ -117.09684, 32.843 ], [ -117.09685, 32.84201 ], [ -117.08842, 32.84385 ], [ -117.08387, 32.8445 ], [ -117.08274, 32.84552 ], [ -117.07864, 32.84742 ], [ -117.07779, 32.84887 ], [ -117.0759, 32.84911 ], [ -117.07564, 32.84986 ], [ -117.07333, 32.85109 ], [ -117.07151, 32.85251 ], [ -117.06612, 32.85495 ], [ -117.06135, 32.85547 ], [ -117.05339, 32.85425 ], [ -117.0537, 32.87459 ], [ -117.0046, 32.87479 ] ] ], [ [ [ -117.25352, 33.19279 ], [ -117.254, 33.19056 ], [ -117.25328, 33.18563 ], [ -117.2524, 33.18345 ], [ -117.25254, 33.18089 ], [ -117.25352, 33.1788 ], [ -117.25365, 33.17759 ], [ -117.25558, 33.17643 ], [ -117.25544, 33.17659 ], [ -117.25608, 33.17681 ], [ -117.25604, 33.17749 ], [ -117.25494, 33.17716 ], [ -117.25391, 33.17784 ], [ -117.2539, 33.17871 ], [ -117.25498, 33.17935 ], [ -117.25417, 33.18077 ], [ -117.25915, 33.18171 ], [ -117.25931, 33.18296 ], [ -117.26008, 33.18296 ], [ -117.26008, 33.18453 ], [ -117.26086, 33.18447 ], [ -117.26085, 33.18296 ], [ -117.26143, 33.18296 ], [ -117.26142, 33.18443 ], [ -117.26423, 33.18365 ], [ -117.26423, 33.1843 ], [ -117.26329, 33.1843 ], [ -117.26315, 33.18479 ], [ -117.26429, 33.1848 ], [ -117.26428, 33.18514 ], [ -117.26348, 33.18515 ], [ -117.26355, 33.18658 ], [ -117.26421, 33.18658 ], [ -117.26421, 33.18604 ], [ -117.26531, 33.1859 ], [ -117.26514, 33.18667 ], [ -117.26641, 33.18667 ], [ -117.26643, 33.18297 ], [ -117.26819, 33.18298 ], [ -117.26812, 33.18266 ], [ -117.26934, 33.18227 ], [ -117.26978, 33.18239 ], [ -117.26959, 33.18298 ], [ -117.27133, 33.18294 ], [ -117.27135, 33.18628 ], [ -117.27417, 33.18627 ], [ -117.27387, 33.18526 ], [ -117.27512, 33.1852 ], [ -117.27512, 33.1847 ], [ -117.27617, 33.1847 ], [ -117.27599, 33.18422 ], [ -117.27737, 33.1835 ], [ -117.27825, 33.1837 ], [ -117.28002, 33.18212 ], [ -117.2801, 33.18106 ], [ -117.28395, 33.18159 ], [ -117.28394, 33.18377 ], [ -117.28826, 33.18364 ], [ -117.28825, 33.18402 ], [ -117.28454, 33.18532 ], [ -117.27324, 33.19095 ], [ -117.26603, 33.19391 ], [ -117.26311, 33.19427 ], [ -117.25746, 33.19405 ], [ -117.2542, 33.19457 ], [ -117.25352, 33.19279 ] ], [ [ -117.25398, 33.18146 ], [ -117.25349, 33.18151 ], [ -117.25399, 33.18211 ], [ -117.25439, 33.18187 ], [ -117.25497, 33.18248 ], [ -117.2562, 33.1827 ], [ -117.25608, 33.18118 ], [ -117.25411, 33.18088 ], [ -117.25398, 33.18146 ] ] ] ] } },
{ "type": "Feature", "properties": { "police_beat": 313 }, "geometry": { "type": "MultiPolygon", "coordinates": [ [ [ [ -117.13547, 32.84134 ], [ -117.13347, 32.84335 ], [ -117.13154, 32.8436 ], [ -117.13304, 32.8418 ], [ -117.13079, 32.84353 ], [ -117.12948, 32.84283 ], [ -117.12879, 32.84346 ], [ -117.1277, 32.8431 ], [ -117.12766, 32.84253 ], [ -117.1237, 32.84252 ], [ -117.12108, 32.84403 ], [ -117.11887, 32.84644 ], [ -117.11778, 32.84634 ], [ -117.1196, 32.84362 ], [ -117.12049, 32.84167 ], [ -117.12079, 32.83869 ], [ -117.12025, 32.83658 ], [ -117.11885, 32.83381 ], [ -117.11713, 32.82741 ], [ -117.11397, 32.81044 ], [ -117.11944, 32.80858 ], [ -117.12145, 32.80829 ], [ -117.1232, 32.80849 ], [ -117.12827, 32.8099 ], [ -117.14931, 32.80959 ], [ -117.15353, 32.81118 ], [ -117.15372, 32.80992 ], [ -117.1588, 32.81567 ], [ -117.18189, 32.85383 ], [ -117.18088, 32.85338 ], [ -117.1782, 32.84942 ], [ -117.17704, 32.84859 ], [ -117.17093, 32.84686 ], [ -117.14916, 32.84695 ], [ -117.14905, 32.83878 ], [ -117.13547, 32.84134 ] ] ], [ [ [ -117.23334, 33.18087 ], [ -117.23596, 33.18136 ], [ -117.23666, 33.18072 ], [ -117.23739, 33.18094 ], [ -117.23914, 33.18061 ], [ -117.23914, 33.17935 ], [ -117.23463, 33.1794 ], [ -117.2324, 33.17827 ], [ -117.23282, 33.17821 ], [ -117.23385, 33.17691 ], [ -117.23385, 33.17576 ], [ -117.23534, 33.17574 ], [ -117.23532, 33.17499 ], [ -117.23578, 33.17416 ], [ -117.23559, 33.17306 ], [ -117.24409, 33.17296 ], [ -117.24409, 33.17342 ], [ -117.24549, 33.17329 ], [ -117.24475, 33.17348 ], [ -117.24475, 33.17386 ], [ -117.24571, 33.17376 ], [ -117.24596, 33.17453 ], [ -117.24699, 33.17439 ], [ -117.24716, 33.1755 ], [ -117.24779, 33.17619 ], [ -117.24844, 33.17787 ], [ -117.24861, 33.17904 ], [ -117.24914, 33.17904 ], [ -117.2493, 33.17783 ], [ -117.24974, 33.17775 ], [ -117.24972, 33.17734 ], [ -117.25337, 33.17677 ], [ -117.25221, 33.17506 ], [ -117.25261, 33.17439 ], [ -117.2531, 33.17427 ], [ -117.25295, 33.17366 ], [ -117.25372, 33.17402 ], [ -117.25418, 33.17585 ], [ -117.25462, 33.17639 ], [ -117.25521, 33.17606 ], [ -117.25558, 33.17643 ], [ -117.25365, 33.17759 ], [ -117.25352, 33.1788 ], [ -117.25256, 33.1808 ], [ -117.25238, 33.18285 ], [ -117.25333, 33.18588 ], [ -117.254, 33.19056 ], [ -117.25354, 33.19316 ], [ -117.2542, 33.19457 ], [ -117.25013, 33.19475 ], [ -117.24523, 33.19267 ], [ -117.23393, 33.18597 ], [ -117.23239, 33.18436 ], [ -117.23027, 33.18119 ], [ -117.23334, 33.18087 ] ] ] ] } },
{ "type": "Feature", "properties": { "police_beat": 314 }, "geometry": { "type": "MultiPolygon", "coordinates": [ [ [ [ -117.14943, 32.79899 ], [ -117.14957, 32.79309 ], [ -117.14913, 32.79103 ], [ -117.14833, 32.78917 ], [ -117.15121, 32.78946 ], [ -117.15227, 32.78887 ], [ -117.1534, 32.78103 ], [ -117.15377, 32.78024 ], [ -117.15878, 32.78023 ], [ -117.15879, 32.78126 ], [ -117.16277, 32.78123 ], [ -117.15272, 32.80871 ], [ -117.1514, 32.80627 ], [ -117.14943, 32.79899 ] ] ], [ [ [ -117.22418, 33.18183 ], [ -117.22521, 33.18152 ], [ -117.22626, 33.18048 ], [ -117.22705, 33.18031 ], [ -117.22838, 33.18111 ], [ -117.23027, 33.18119 ], [ -117.23239, 33.18436 ], [ -117.23393, 33.18597 ], [ -117.2394, 33.18912 ], [ -117.23536, 33.19243 ], [ -117.23434, 33.19387 ], [ -117.23012, 33.19225 ], [ -117.22787, 33.19076 ], [ -117.22342, 33.18493 ], [ -117.2238, 33.18453 ], [ -117.22418, 33.18183 ] ] ] ] } },
{ "type": "Feature", "properties": { "police_beat": 315 }, "geometry": { "type": "MultiPolygon", "coordinates": [ [ [ [ -117.11431, 32.78615 ], [ -117.11794, 32.78696 ], [ -117.12007, 32.78603 ], [ -117.1202, 32.78672 ], [ -117.12516, 32.78568 ], [ -117.12441, 32.77985 ], [ -117.12422, 32.77938 ], [ -117.12314, 32.7791 ], [ -117.11624, 32.78118 ], [ -117.11463, 32.78129 ], [ -117.11448, 32.7817 ], [ -117.11319, 32.78147 ], [ -117.11148, 32.77622 ], [ -117.11465, 32.77662 ], [ -117.11627, 32.77525 ], [ -117.11716, 32.7754 ], [ -117.11751, 32.77592 ], [ -117.12292, 32.77309 ], [ -117.12337, 32.77347 ], [ -117.12503, 32.77247 ], [ -117.12674, 32.7719 ], [ -117.12878, 32.77065 ], [ -117.1286, 32.76986 ], [ -117.12999, 32.76912 ], [ -117.13299, 32.7691 ], [ -117.13299, 32.76867 ], [ -117.13359, 32.76866 ], [ -117.13359, 32.7683 ], [ -117.13531, 32.76801 ], [ -117.13531, 32.76747 ], [ -117.13789, 32.76746 ], [ -117.1379, 32.766 ], [ -117.14304, 32.76603 ], [ -117.14965, 32.76457 ], [ -117.14965, 32.76404 ], [ -117.15105, 32.76421 ], [ -117.15749, 32.76255 ], [ -117.16041, 32.761 ], [ -117.16036, 32.75992 ], [ -117.1613, 32.75864 ], [ -117.16287, 32.7605 ], [ -117.16329, 32.76176 ], [ -117.16334, 32.76359 ], [ -117.1608, 32.77335 ], [ -117.16266, 32.77816 ], [ -117.16277, 32.78123 ], [ -117.15879, 32.78126 ], [ -117.15878, 32.78023 ], [ -117.15377, 32.78024 ], [ -117.15458, 32.77915 ], [ -117.15481, 32.77828 ], [ -117.15385, 32.77468 ], [ -117.15073, 32.77462 ], [ -117.14652, 32.77563 ], [ -117.14236, 32.77791 ], [ -117.14079, 32.77806 ], [ -117.13797, 32.77773 ], [ -117.13632, 32.778 ], [ -117.13856, 32.78095 ], [ -117.13539, 32.78094 ], [ -117.13537, 32.78806 ], [ -117.11773, 32.78813 ], [ -117.11773, 32.78742 ], [ -117.11387, 32.7883 ], [ -117.11431, 32.78615 ] ] ], [ [ [ -117.23027, 33.18119 ], [ -117.22401, 33.17208 ], [ -117.2215, 33.17045 ], [ -117.21649, 33.16839 ], [ -117.21465, 33.16688 ], [ -117.21496, 33.16651 ], [ -117.2136, 33.16512 ], [ -117.21569, 33.16557 ], [ -117.21657, 33.16452 ], [ -117.21765, 33.16503 ], [ -117.21958, 33.1653 ], [ -117.22179, 33.16639 ], [ -117.22472, 33.16683 ], [ -117.23125, 33.16699 ], [ -117.23529, 33.16563 ], [ -117.23655, 33.16475 ], [ -117.23837, 33.16276 ], [ -117.24203, 33.16155 ], [ -117.2429, 33.16277 ], [ -117.24564, 33.16479 ], [ -117.24775, 33.16765 ], [ -117.25065, 33.16946 ], [ -117.24886, 33.17178 ], [ -117.24844, 33.17159 ], [ -117.24834, 33.17021 ], [ -117.2464, 33.17022 ], [ -117.24643, 33.16833 ], [ -117.24475, 33.16832 ], [ -117.24474, 33.17334 ], [ -117.24538, 33.17325 ], [ -117.24474, 33.17341 ], [ -117.24409, 33.17342 ], [ -117.24409, 33.17296 ], [ -117.23559, 33.17306 ], [ -117.23578, 33.17416 ], [ -117.23532, 33.17499 ], [ -117.23534, 33.17574 ], [ -117.23385, 33.17576 ], [ -117.23385, 33.17691 ], [ -117.23282, 33.17821 ], [ -117.2324, 33.17827 ], [ -117.23463, 33.1794 ], [ -117.23914, 33.17935 ], [ -117.23914, 33.18061 ], [ -117.23739, 33.18094 ], [ -117.23666, 33.18072 ], [ -117.23616, 33.18128 ], [ -117.23563, 33.18138 ], [ -117.23306, 33.18089 ], [ -117.23027, 33.18119 ] ] ] ] } },
{ "type": "Feature", "properties": { "police_beat": 316 }, "geometry": { "type": "MultiPolygon", "coordinates": [ [ [ [ -117.11422, 32.7845 ], [ -117.11319, 32.78147 ], [ -117.11448, 32.7817 ], [ -117.11463, 32.78129 ], [ -117.11624, 32.78118 ], [ -117.12314, 32.7791 ], [ -117.12422, 32.77938 ], [ -117.12516, 32.78568 ], [ -117.1202, 32.78672 ], [ -117.12007, 32.78603 ], [ -117.11789, 32.78696 ], [ -117.11431, 32.78615 ], [ -117.11422, 32.7845 ] ] ], [ [ [ -117.2184, 33.18291 ], [ -117.21737, 33.18204 ], [ -117.21905, 33.18079 ], [ -117.21883, 33.18106 ], [ -117.21966, 33.18185 ], [ -117.21993, 33.18163 ], [ -117.22123, 33.18179 ], [ -117.22123, 33.18139 ], [ -117.22066, 33.18117 ], [ -117.22181, 33.18113 ], [ -117.2218, 33.17999 ], [ -117.22301, 33.18019 ], [ -117.22315, 33.181 ], [ -117.22407, 33.18125 ], [ -117.22403, 33.18085 ], [ -117.22465, 33.18082 ], [ -117.22514, 33.17999 ], [ -117.22593, 33.1802 ], [ -117.22593, 33.17953 ], [ -117.22843, 33.17946 ], [ -117.22735, 33.17728 ], [ -117.22493, 33.17375 ], [ -117.22447, 33.17425 ], [ -117.2238, 33.1737 ], [ -117.22265, 33.17399 ], [ -117.22231, 33.1733 ], [ -117.22159, 33.17379 ], [ -117.21962, 33.17406 ], [ -117.21924, 33.1735 ], [ -117.21857, 33.17331 ], [ -117.21722, 33.17361 ], [ -117.21856, 33.17422 ], [ -117.21791, 33.17589 ], [ -117.21699, 33.1755 ], [ -117.21571, 33.17554 ], [ -117.21512, 33.17389 ], [ -117.21395, 33.17386 ], [ -117.21416, 33.17067 ], [ -117.21268, 33.17056 ], [ -117.21203, 33.17125 ], [ -117.21143, 33.17092 ], [ -117.21154, 33.17044 ], [ -117.21112, 33.16971 ], [ -117.2113, 33.16869 ], [ -117.2096, 33.16859 ], [ -117.20962, 33.1679 ], [ -117.21061, 33.16795 ], [ -117.21093, 33.1674 ], [ -117.21242, 33.16752 ], [ -117.21248, 33.16657 ], [ -117.21378, 33.1668 ], [ -117.21418, 33.16743 ], [ -117.21465, 33.16688 ], [ -117.21735, 33.16887 ], [ -117.22269, 33.17107 ], [ -117.22487, 33.17317 ], [ -117.23027, 33.18119 ], [ -117.22838, 33.18111 ], [ -117.22701, 33.1803 ], [ -117.22602, 33.18061 ], [ -117.22521, 33.18152 ], [ -117.22418, 33.18183 ], [ -117.22401, 33.1841 ], [ -117.22342, 33.18493 ], [ -117.22148, 33.18373 ], [ -117.2184, 33.18291 ] ] ] ] } },
{ "type": "Feature", "properties": { "police_beat": 317 }, "geometry": { "type": "Polygon", "coordinates": [ [ [ -117.21645, 33.16193 ], [ -117.21608, 33.16236 ], [ -117.21543, 33.16129 ], [ -117.21502, 33.16144 ], [ -117.21464, 33.16082 ], [ -117.21504, 33.16067 ], [ -117.21463, 33.15992 ], [ -117.21397, 33.16024 ], [ -117.21299, 33.15917 ], [ -117.21466, 33.15845 ], [ -117.21531, 33.15862 ], [ -117.21519, 33.1595 ], [ -117.21572, 33.16003 ], [ -117.21648, 33.15935 ], [ -117.21739, 33.16081 ], [ -117.21813, 33.15992 ], [ -117.21853, 33.16016 ], [ -117.21899, 33.15967 ], [ -117.21857, 33.15846 ], [ -117.2181, 33.15816 ], [ -117.21689, 33.15837 ], [ -117.21635, 33.15803 ], [ -117.21591, 33.15817 ], [ -117.21682, 33.15728 ], [ -117.21866, 33.15355 ], [ -117.21616, 33.15214 ], [ -117.21442, 33.15592 ], [ -117.21245, 33.15491 ], [ -117.21454, 33.15122 ], [ -117.21312, 33.15062 ], [ -117.21675, 33.14356 ], [ -117.21912, 33.14117 ], [ -117.21865, 33.14089 ], [ -117.21886, 33.14018 ], [ -117.21996, 33.13865 ], [ -117.22131, 33.13866 ], [ -117.22125, 33.13199 ], [ -117.22433, 33.13153 ], [ -117.22825, 33.13156 ], [ -117.22986, 33.13121 ], [ -117.2299, 33.13503 ], [ -117.2441, 33.13496 ], [ -117.24501, 33.13793 ], [ -117.24491, 33.13958 ], [ -117.24425, 33.14089 ], [ -117.24191, 33.14366 ], [ -117.24122, 33.14533 ], [ -117.23959, 33.14566 ], [ -117.23707, 33.14698 ], [ -117.22892, 33.14938 ], [ -117.22725, 33.15028 ], [ -117.2254, 33.15236 ], [ -117.22396, 33.1564 ], [ -117.22319, 33.15756 ], [ -117.22093, 33.15963 ], [ -117.21813, 33.16292 ], [ -117.2176, 33.1626 ], [ -117.21786, 33.16228 ], [ -117.21645, 33.16193 ] ] ] } },
{ "type": "Feature", "properties": { "police_beat": 318 }, "geometry": { "type": "Polygon", "coordinates": [ [ [ -117.22151, 33.16633 ], [ -117.21958, 33.1653 ], [ -117.21765, 33.16503 ], [ -117.21657, 33.16452 ], [ -117.22347, 33.15721 ], [ -117.22535, 33.15244 ], [ -117.22717, 33.15035 ], [ -117.22892, 33.14938 ], [ -117.23707, 33.14698 ], [ -117.23959, 33.14566 ], [ -117.24122, 33.14533 ], [ -117.24121, 33.14677 ], [ -117.24224, 33.1509 ], [ -117.24149, 33.15704 ], [ -117.24203, 33.16155 ], [ -117.23848, 33.1627 ], [ -117.23598, 33.16522 ], [ -117.23276, 33.16667 ], [ -117.23051, 33.16705 ], [ -117.22151, 33.16633 ] ] ] } },
{ "type": "Feature", "properties": { "police_beat": 319 }, "geometry": { "type": "Polygon", "coordinates": [ [ [ -117.24149, 33.15704 ], [ -117.24224, 33.1509 ], [ -117.24121, 33.14677 ], [ -117.24122, 33.14533 ], [ -117.24191, 33.14366 ], [ -117.24425, 33.14089 ], [ -117.24491, 33.13958 ], [ -117.24501, 33.13793 ], [ -117.2441, 33.13496 ], [ -117.246, 33.13496 ], [ -117.24672, 33.1458 ], [ -117.25323, 33.1458 ], [ -117.2532, 33.15237 ], [ -117.25562, 33.15211 ], [ -117.25613, 33.15519 ], [ -117.25688, 33.15705 ], [ -117.25919, 33.15837 ], [ -117.25065, 33.16946 ], [ -117.24775, 33.16765 ], [ -117.24564, 33.16479 ], [ -117.2429, 33.16277 ], [ -117.24203, 33.16155 ], [ -117.24149, 33.15704 ] ] ] } },
{ "type": "Feature", "properties": { "police_beat": 321 }, "geometry": { "type": "MultiPolygon", "coordinates": [ [ [ [ -117.08156, 32.81018 ], [ -117.08005, 32.80858 ], [ -117.08322, 32.8068 ], [ -117.0853, 32.80615 ], [ -117.09164, 32.80733 ], [ -117.09716, 32.80653 ], [ -117.09685, 32.80545 ], [ -117.09705, 32.80484 ], [ -117.09685, 32.8025 ], [ -117.09599, 32.80251 ], [ -117.09513, 32.8006 ], [ -117.0952, 32.79698 ], [ -117.09603, 32.7952 ], [ -117.10053, 32.79295 ], [ -117.09384, 32.79296 ], [ -117.09391, 32.78401 ], [ -117.08857, 32.78389 ], [ -117.08621, 32.78596 ], [ -117.08663, 32.78663 ], [ -117.0861, 32.78721 ], [ -117.08638, 32.78868 ], [ -117.08569, 32.79111 ], [ -117.08362, 32.79124 ], [ -117.0827, 32.79071 ], [ -117.08442, 32.7889 ], [ -117.08439, 32.78652 ], [ -117.08698, 32.78274 ], [ -117.0877, 32.78111 ], [ -117.09382, 32.78052 ], [ -117.10126, 32.77921 ], [ -117.10032, 32.77739 ], [ -117.10095, 32.77712 ], [ -117.10209, 32.77576 ], [ -117.10336, 32.77599 ], [ -117.10369, 32.77547 ], [ -117.10435, 32.77699 ], [ -117.10942, 32.77705 ], [ -117.11148, 32.77622 ], [ -117.11434, 32.78537 ], [ -117.11387, 32.7883 ], [ -117.11239, 32.79201 ], [ -117.11198, 32.794 ], [ -117.11051, 32.79529 ], [ -117.10471, 32.79526 ], [ -117.10471, 32.79491 ], [ -117.10405, 32.79535 ], [ -117.10055, 32.79955 ], [ -117.10023, 32.80248 ], [ -117.10057, 32.80525 ], [ -117.09793, 32.80682 ], [ -117.09357, 32.81097 ], [ -117.09345, 32.81432 ], [ -117.09263, 32.81506 ], [ -117.08809, 32.81552 ], [ -117.082, 32.80973 ], [ -117.08156, 32.81018 ] ] ], [ [ [ -117.27148, 33.20475 ], [ -117.27149, 33.20564 ], [ -117.27232, 33.20564 ], [ -117.27232, 33.20661 ], [ -117.2709, 33.20658 ], [ -117.2709, 33.20475 ], [ -117.27148, 33.20475 ] ] ] ] } },
{ "type": "Feature", "properties": { "police_beat": 322 }, "geometry": { "type": "Polygon", "coordinates": [ [ [ -117.06611, 32.80474 ], [ -117.06465, 32.8047 ], [ -117.06282, 32.80379 ], [ -117.06328, 32.80284 ], [ -117.06611, 32.80336 ], [ -117.06683, 32.80238 ], [ -117.06658, 32.80153 ], [ -117.06581, 32.80101 ], [ -117.06351, 32.80147 ], [ -117.06251, 32.8009 ], [ -117.06259, 32.8002 ], [ -117.06385, 32.79902 ], [ -117.06458, 32.79713 ], [ -117.06435, 32.79635 ], [ -117.06776, 32.79368 ], [ -117.07143, 32.79312 ], [ -117.07301, 32.79252 ], [ -117.08303, 32.78543 ], [ -117.08561, 32.7847 ], [ -117.08433, 32.78668 ], [ -117.08444, 32.78886 ], [ -117.0827, 32.79071 ], [ -117.08355, 32.79123 ], [ -117.08552, 32.79126 ], [ -117.08638, 32.78871 ], [ -117.08609, 32.78725 ], [ -117.08663, 32.78663 ], [ -117.08621, 32.78621 ], [ -117.08631, 32.78581 ], [ -117.08889, 32.78376 ], [ -117.09394, 32.78402 ], [ -117.09384, 32.79296 ], [ -117.10053, 32.79295 ], [ -117.09603, 32.7952 ], [ -117.0952, 32.79698 ], [ -117.09513, 32.8006 ], [ -117.09599, 32.80251 ], [ -117.09685, 32.8025 ], [ -117.09705, 32.80484 ], [ -117.09685, 32.80545 ], [ -117.09716, 32.80653 ], [ -117.09164, 32.80733 ], [ -117.0853, 32.80615 ], [ -117.08322, 32.8068 ], [ -117.08005, 32.80858 ], [ -117.07901, 32.80674 ], [ -117.07555, 32.80775 ], [ -117.07047, 32.80836 ], [ -117.06795, 32.80956 ], [ -117.06569, 32.80683 ], [ -117.06611, 32.80474 ] ] ] } },
{ "type": "Feature", "properties": { "police_beat": 323 }, "geometry": { "type": "MultiPolygon", "coordinates": [ [ [ [ -117.0563, 32.79839 ], [ -117.05572, 32.79785 ], [ -117.05815, 32.79599 ], [ -117.05705, 32.79374 ], [ -117.0579, 32.79347 ], [ -117.05745, 32.79255 ], [ -117.0559, 32.79161 ], [ -117.05543, 32.79091 ], [ -117.0538, 32.79239 ], [ -117.0507, 32.79222 ], [ -117.05069, 32.7917 ], [ -117.05037, 32.79168 ], [ -117.04868, 32.78867 ], [ -117.04894, 32.78832 ], [ -117.04796, 32.78549 ], [ -117.04815, 32.78427 ], [ -117.0476, 32.78441 ], [ -117.04687, 32.78396 ], [ -117.04656, 32.78326 ], [ -117.04741, 32.78268 ], [ -117.04725, 32.78217 ], [ -117.04694, 32.7825 ], [ -117.04461, 32.78116 ], [ -117.04377, 32.78133 ], [ -117.04372, 32.77946 ], [ -117.04434, 32.78011 ], [ -117.04523, 32.77963 ], [ -117.04531, 32.78001 ], [ -117.047, 32.77975 ], [ -117.04717, 32.78026 ], [ -117.04825, 32.78042 ], [ -117.04865, 32.78024 ], [ -117.04866, 32.77954 ], [ -117.05141, 32.77796 ], [ -117.04951, 32.7772 ], [ -117.04875, 32.77733 ], [ -117.04878, 32.77565 ], [ -117.05217, 32.77688 ], [ -117.05835, 32.77804 ], [ -117.06378, 32.77944 ], [ -117.07422, 32.77939 ], [ -117.08397, 32.78097 ], [ -117.0877, 32.78111 ], [ -117.08561, 32.7847 ], [ -117.08225, 32.78583 ], [ -117.08042, 32.78744 ], [ -117.07301, 32.79252 ], [ -117.07143, 32.79312 ], [ -117.06776, 32.79368 ], [ -117.06435, 32.79635 ], [ -117.06404, 32.79598 ], [ -117.0613, 32.79833 ], [ -117.06031, 32.79869 ], [ -117.06013, 32.79822 ], [ -117.0563, 32.79839 ] ] ], [ [ [ -117.2262, 33.23425 ], [ -117.22734, 33.2348 ], [ -117.22937, 33.23483 ], [ -117.22924, 33.23231 ], [ -117.23155, 33.2323 ], [ -117.23101, 33.23107 ], [ -117.22896, 33.2308 ], [ -117.22914, 33.23177 ], [ -117.22701, 33.23178 ], [ -117.22729, 33.23037 ], [ -117.2289, 33.23039 ], [ -117.22881, 33.22972 ], [ -117.22941, 33.22839 ], [ -117.2302, 33.22845 ], [ -117.23011, 33.22942 ], [ -117.23045, 33.22954 ], [ -117.23091, 33.2285 ], [ -117.23591, 33.22891 ], [ -117.23549, 33.22997 ], [ -117.23601, 33.2306 ], [ -117.23444, 33.23059 ], [ -117.23439, 33.23124 ], [ -117.23486, 33.23128 ], [ -117.23504, 33.23239 ], [ -117.23701, 33.23229 ], [ -117.23699, 33.229 ], [ -117.23907, 33.22916 ], [ -117.23913, 33.23103 ], [ -117.24108, 33.23158 ], [ -117.24134, 33.23247 ], [ -117.24309, 33.23247 ], [ -117.2429, 33.2315 ], [ -117.2433, 33.23147 ], [ -117.24403, 33.23429 ], [ -117.24495, 33.23429 ], [ -117.24493, 33.23337 ], [ -117.24539, 33.23355 ], [ -117.24538, 33.23507 ], [ -117.24604, 33.23508 ], [ -117.24589, 33.23562 ], [ -117.24626, 33.23582 ], [ -117.24687, 33.23539 ], [ -117.24632, 33.23509 ], [ -117.24832, 33.23512 ], [ -117.25012, 33.23416 ], [ -117.25021, 33.23471 ], [ -117.25097, 33.23527 ], [ -117.25683, 33.23849 ], [ -117.25919, 33.23552 ], [ -117.26149, 33.23584 ], [ -117.261, 33.23648 ], [ -117.26281, 33.23748 ], [ -117.26046, 33.24049 ], [ -117.26222, 33.24148 ], [ -117.25992, 33.24452 ], [ -117.25806, 33.24352 ], [ -117.25573, 33.24656 ], [ -117.24494, 33.24062 ], [ -117.24497, 33.25313 ], [ -117.24372, 33.25351 ], [ -117.23997, 33.25578 ], [ -117.23743, 33.25791 ], [ -117.23167, 33.25234 ], [ -117.22799, 33.24713 ], [ -117.22621, 33.24265 ], [ -117.2262, 33.23425 ] ] ] ] } },
{ "type": "Feature", "properties": { "police_beat": 324 }, "geometry": { "type": "MultiPolygon", "coordinates": [ [ [ [ -117.0233, 32.83926 ], [ -117.01865, 32.83709 ], [ -117.01649, 32.83767 ], [ -117.01382, 32.83981 ], [ -117.00758, 32.84059 ], [ -117.00542, 32.84149 ], [ -117.00543, 32.83732 ], [ -117.00499, 32.83744 ], [ -117.00535, 32.83702 ], [ -117.01292, 32.83613 ], [ -117.02236, 32.83672 ], [ -117.02229, 32.83782 ], [ -117.02399, 32.8387 ], [ -117.0249, 32.83871 ], [ -117.02677, 32.83701 ], [ -117.03666, 32.83852 ], [ -117.03727, 32.83557 ], [ -117.03841, 32.8341 ], [ -117.0366, 32.83297 ], [ -117.03817, 32.83145 ], [ -117.03427, 32.83146 ], [ -117.00595, 32.81298 ], [ -117.00606, 32.79132 ], [ -117.03717, 32.79143 ], [ -117.03687, 32.7958 ], [ -117.0355, 32.79814 ], [ -117.03987, 32.80128 ], [ -117.03848, 32.80311 ], [ -117.03784, 32.80564 ], [ -117.03837, 32.8067 ], [ -117.03947, 32.80748 ], [ -117.03924, 32.80783 ], [ -117.04019, 32.80836 ], [ -117.03959, 32.80985 ], [ -117.04009, 32.81009 ], [ -117.04087, 32.81225 ], [ -117.0432, 32.81475 ], [ -117.04291, 32.8147 ], [ -117.04273, 32.81538 ], [ -117.04555, 32.8159 ], [ -117.04629, 32.81876 ], [ -117.0477, 32.81769 ], [ -117.04946, 32.8172 ], [ -117.05606, 32.81767 ], [ -117.05584, 32.81908 ], [ -117.05229, 32.82705 ], [ -117.0517, 32.83042 ], [ -117.05077, 32.83139 ], [ -117.04877, 32.83219 ], [ -117.04631, 32.83399 ], [ -117.04586, 32.83488 ], [ -117.04571, 32.8371 ], [ -117.04531, 32.83801 ], [ -117.04453, 32.83868 ], [ -117.03908, 32.84036 ], [ -117.03899, 32.84602 ], [ -117.02713, 32.84597 ], [ -117.0233, 32.83926 ] ] ], [ [ [ -117.22874, 33.2667 ], [ -117.22397, 33.26353 ], [ -117.22203, 33.26337 ], [ -117.21842, 33.26196 ], [ -117.21747, 33.26118 ], [ -117.21492, 33.26056 ], [ -117.21258, 33.2587 ], [ -117.21247, 33.25809 ], [ -117.21286, 33.25691 ], [ -117.21454, 33.2561 ], [ -117.2156, 33.25337 ], [ -117.21758, 33.25147 ], [ -117.22173, 33.24958 ], [ -117.22412, 33.24935 ], [ -117.22798, 33.24712 ], [ -117.23167, 33.25234 ], [ -117.23743, 33.25791 ], [ -117.2362, 33.25973 ], [ -117.23541, 33.26011 ], [ -117.23317, 33.26574 ], [ -117.23306, 33.26729 ], [ -117.23091, 33.26728 ], [ -117.22874, 33.2667 ] ] ] ] } },
{ "type": "Feature", "properties": { "police_beat": 325 }, "geometry": { "type": "MultiPolygon", "coordinates": [ [ [ [ -117.05712, 32.82608 ], [ -117.05617, 32.82724 ], [ -117.05497, 32.8272 ], [ -117.05414, 32.82824 ], [ -117.05226, 32.82767 ], [ -117.05291, 32.82531 ], [ -117.05586, 32.81903 ], [ -117.05606, 32.81767 ], [ -117.04946, 32.8172 ], [ -117.0477, 32.81769 ], [ -117.04629, 32.81876 ], [ -117.04555, 32.8159 ], [ -117.04273, 32.81538 ], [ -117.04291, 32.8147 ], [ -117.0432, 32.81475 ], [ -117.04087, 32.81225 ], [ -117.04009, 32.81009 ], [ -117.03959, 32.80985 ], [ -117.04019, 32.80836 ], [ -117.03924, 32.80783 ], [ -117.03947, 32.80748 ], [ -117.03837, 32.8067 ], [ -117.03784, 32.80564 ], [ -117.03848, 32.80311 ], [ -117.03987, 32.80128 ], [ -117.0355, 32.79814 ], [ -117.03682, 32.79595 ], [ -117.03717, 32.79143 ], [ -117.03804, 32.79043 ], [ -117.03805, 32.78954 ], [ -117.03751, 32.78883 ], [ -117.0358, 32.78875 ], [ -117.03247, 32.79008 ], [ -117.03145, 32.79084 ], [ -117.03144, 32.79053 ], [ -117.03097, 32.79054 ], [ -117.03197, 32.78877 ], [ -117.03356, 32.78804 ], [ -117.0352, 32.78635 ], [ -117.03626, 32.78591 ], [ -117.0373, 32.78415 ], [ -117.03755, 32.78312 ], [ -117.03894, 32.78212 ], [ -117.03995, 32.78197 ], [ -117.03893, 32.78174 ], [ -117.03893, 32.78137 ], [ -117.03991, 32.78137 ], [ -117.03986, 32.77959 ], [ -117.04216, 32.7791 ], [ -117.04369, 32.77745 ], [ -117.04377, 32.78133 ], [ -117.04461, 32.78116 ], [ -117.04694, 32.7825 ], [ -117.04725, 32.78217 ], [ -117.04741, 32.78268 ], [ -117.04656, 32.78326 ], [ -117.04687, 32.78396 ], [ -117.0476, 32.78441 ], [ -117.04815, 32.78427 ], [ -117.04796, 32.78549 ], [ -117.04894, 32.78832 ], [ -117.04868, 32.78867 ], [ -117.05037, 32.79168 ], [ -117.05069, 32.7917 ], [ -117.0507, 32.79222 ], [ -117.0538, 32.79239 ], [ -117.05543, 32.79091 ], [ -117.05589, 32.7916 ], [ -117.05758, 32.79272 ], [ -117.0579, 32.79347 ], [ -117.05705, 32.79374 ], [ -117.05815, 32.79599 ], [ -117.05575, 32.79772 ], [ -117.05597, 32.79824 ], [ -117.05823, 32.79859 ], [ -117.06013, 32.79822 ], [ -117.06031, 32.79869 ], [ -117.06151, 32.7982 ], [ -117.06404, 32.79598 ], [ -117.06435, 32.79635 ], [ -117.06458, 32.79713 ], [ -117.06385, 32.79902 ], [ -117.06259, 32.8002 ], [ -117.06251, 32.8009 ], [ -117.06351, 32.80147 ], [ -117.06581, 32.80101 ], [ -117.06658, 32.80153 ], [ -117.06683, 32.80238 ], [ -117.06611, 32.80336 ], [ -117.06328, 32.80284 ], [ -117.06283, 32.80381 ], [ -117.06465, 32.8047 ], [ -117.06611, 32.80474 ], [ -117.06571, 32.80688 ], [ -117.06795, 32.80956 ], [ -117.07047, 32.80836 ], [ -117.07555, 32.80775 ], [ -117.07901, 32.80674 ], [ -117.08041, 32.80899 ], [ -117.07705, 32.80993 ], [ -117.07704, 32.81126 ], [ -117.07262, 32.81442 ], [ -117.07057, 32.81498 ], [ -117.06916, 32.81657 ], [ -117.0686, 32.81656 ], [ -117.06886, 32.81701 ], [ -117.06807, 32.81737 ], [ -117.06837, 32.81848 ], [ -117.06767, 32.81854 ], [ -117.06635, 32.82262 ], [ -117.06534, 32.8227 ], [ -117.06545, 32.82461 ], [ -117.06408, 32.82365 ], [ -117.06433, 32.82533 ], [ -117.06182, 32.82877 ], [ -117.06179, 32.82743 ], [ -117.063, 32.82477 ], [ -117.06143, 32.82394 ], [ -117.05712, 32.82608 ] ] ], [ [ [ -117.19517, 33.25228 ], [ -117.19002, 33.25317 ], [ -117.18508, 33.25247 ], [ -117.1801, 33.2536 ], [ -117.1784, 33.25325 ], [ -117.17557, 33.25179 ], [ -117.17337, 33.25144 ], [ -117.16851, 33.2519 ], [ -117.1632, 33.25313 ], [ -117.15878, 33.25324 ], [ -117.15593, 33.2529 ], [ -117.15483, 33.25071 ], [ -117.1539, 33.24774 ], [ -117.15264, 33.2455 ], [ -117.15756, 33.24467 ], [ -117.15818, 33.2443 ], [ -117.15982, 33.24259 ], [ -117.16069, 33.24017 ], [ -117.16302, 33.2377 ], [ -117.16847, 33.23448 ], [ -117.17474, 33.23276 ], [ -117.18035, 33.23043 ], [ -117.18718, 33.22225 ], [ -117.18723, 33.22114 ], [ -117.18661, 33.22015 ], [ -117.17607, 33.21237 ], [ -117.17539, 33.21152 ], [ -117.17343, 33.18543 ], [ -117.17378, 33.18473 ], [ -117.17546, 33.18374 ], [ -117.17618, 33.18238 ], [ -117.18046, 33.18407 ], [ -117.18173, 33.18605 ], [ -117.18352, 33.18772 ], [ -117.18351, 33.18988 ], [ -117.18563, 33.1901 ], [ -117.18573, 33.19392 ], [ -117.18368, 33.19404 ], [ -117.18376, 33.19951 ], [ -117.18317, 33.19999 ], [ -117.1815, 33.19846 ], [ -117.18024, 33.1978 ], [ -117.18014, 33.19841 ], [ -117.18065, 33.19922 ], [ -117.18016, 33.19991 ], [ -117.17908, 33.20036 ], [ -117.17904, 33.20128 ], [ -117.17967, 33.20173 ], [ -117.17986, 33.20456 ], [ -117.18043, 33.20461 ], [ -117.18103, 33.20273 ], [ -117.18184, 33.20242 ], [ -117.18234, 33.20181 ], [ -117.18355, 33.20165 ], [ -117.18353, 33.20131 ], [ -117.184, 33.20141 ], [ -117.1848, 33.20312 ], [ -117.18485, 33.20416 ], [ -117.18608, 33.20495 ], [ -117.18721, 33.20682 ], [ -117.18741, 33.20825 ], [ -117.1871, 33.20932 ], [ -117.18882, 33.21179 ], [ -117.18802, 33.21282 ], [ -117.18846, 33.21298 ], [ -117.18854, 33.21339 ], [ -117.18935, 33.21335 ], [ -117.19041, 33.21444 ], [ -117.19458, 33.21608 ], [ -117.19611, 33.21768 ], [ -117.19801, 33.2184 ], [ -117.20035, 33.21829 ], [ -117.20149, 33.21806 ], [ -117.20207, 33.21747 ], [ -117.20311, 33.21719 ], [ -117.20367, 33.21641 ], [ -117.20805, 33.21655 ], [ -117.20805, 33.21798 ], [ -117.20723, 33.21762 ], [ -117.20663, 33.21772 ], [ -117.20666, 33.21931 ], [ -117.20582, 33.21932 ], [ -117.20574, 33.21994 ], [ -117.20495, 33.22076 ], [ -117.20365, 33.22075 ], [ -117.20364, 33.22205 ], [ -117.20527, 33.22205 ], [ -117.20525, 33.22148 ], [ -117.20571, 33.22138 ], [ -117.20576, 33.22109 ], [ -117.20659, 33.22117 ], [ -117.20659, 33.22078 ], [ -117.20731, 33.2206 ], [ -117.20743, 33.2212 ], [ -117.20704, 33.22151 ], [ -117.20705, 33.22232 ], [ -117.2066, 33.22234 ], [ -117.2066, 33.22298 ], [ -117.20486, 33.22298 ], [ -117.20483, 33.22653 ], [ -117.20811, 33.22647 ], [ -117.20815, 33.22744 ], [ -117.209, 33.22731 ], [ -117.21157, 33.22663 ], [ -117.21379, 33.22562 ], [ -117.21464, 33.22479 ], [ -117.21533, 33.22486 ], [ -117.21506, 33.22796 ], [ -117.2157, 33.22784 ], [ -117.21643, 33.22889 ], [ -117.21608, 33.22907 ], [ -117.21509, 33.22826 ], [ -117.21469, 33.22848 ], [ -117.21401, 33.22947 ], [ -117.21451, 33.22979 ], [ -117.21394, 33.23031 ], [ -117.2157, 33.23036 ], [ -117.21591, 33.22972 ], [ -117.21638, 33.23083 ], [ -117.21516, 33.2312 ], [ -117.21516, 33.23158 ], [ -117.21685, 33.23129 ], [ -117.21715, 33.22903 ], [ -117.21872, 33.22924 ], [ -117.21902, 33.22967 ], [ -117.21884, 33.23007 ], [ -117.22229, 33.23033 ], [ -117.22225, 33.23218 ], [ -117.22125, 33.23199 ], [ -117.22122, 33.23317 ], [ -117.2201, 33.23391 ], [ -117.21906, 33.23393 ], [ -117.21908, 33.23479 ], [ -117.22037, 33.23494 ], [ -117.22029, 33.23557 ], [ -117.218, 33.23581 ], [ -117.21732, 33.2356 ], [ -117.21727, 33.23764 ], [ -117.21967, 33.23765 ], [ -117.21967, 33.23724 ], [ -117.22078, 33.23724 ], [ -117.22096, 33.23598 ], [ -117.2217, 33.23579 ], [ -117.22433, 33.23582 ], [ -117.22418, 33.23669 ], [ -117.22626, 33.23669 ], [ -117.2262, 33.24256 ], [ -117.22798, 33.24712 ], [ -117.22414, 33.24934 ], [ -117.22162, 33.24962 ], [ -117.21716, 33.25174 ], [ -117.2156, 33.25337 ], [ -117.21481, 33.2557 ], [ -117.21403, 33.25653 ], [ -117.21299, 33.2569 ], [ -117.21196, 33.25681 ], [ -117.20925, 33.25593 ], [ -117.2072, 33.25444 ], [ -117.20389, 33.25333 ], [ -117.19517, 33.25228 ] ] ] ] } },
{ "type": "Feature", "properties": { "police_beat": 326 }, "geometry": { "type": "MultiPolygon", "coordinates": [ [ [ [ -117.06631, 32.77946 ], [ -117.0678, 32.77701 ], [ -117.06793, 32.77438 ], [ -117.06995, 32.77245 ], [ -117.06972, 32.77042 ], [ -117.06693, 32.76581 ], [ -117.06698, 32.76188 ], [ -117.06771, 32.76202 ], [ -117.06815, 32.76156 ], [ -117.06881, 32.76157 ], [ -117.06881, 32.76106 ], [ -117.07028, 32.76075 ], [ -117.07028, 32.76035 ], [ -117.07128, 32.76018 ], [ -117.07127, 32.75993 ], [ -117.07175, 32.75992 ], [ -117.07171, 32.75955 ], [ -117.07246, 32.75919 ], [ -117.07602, 32.75911 ], [ -117.07612, 32.7587 ], [ -117.07937, 32.75837 ], [ -117.07961, 32.75903 ], [ -117.08203, 32.761 ], [ -117.08275, 32.76201 ], [ -117.08334, 32.76322 ], [ -117.08381, 32.76673 ], [ -117.0853, 32.76862 ], [ -117.08599, 32.77005 ], [ -117.0881, 32.76959 ], [ -117.09029, 32.76974 ], [ -117.09198, 32.77031 ], [ -117.09435, 32.77171 ], [ -117.09707, 32.77241 ], [ -117.09801, 32.77458 ], [ -117.10004, 32.77696 ], [ -117.10126, 32.77921 ], [ -117.09283, 32.78065 ], [ -117.08709, 32.78113 ], [ -117.08397, 32.78097 ], [ -117.07472, 32.77943 ], [ -117.06631, 32.77946 ] ] ], [ [ [ -117.13019, 33.19449 ], [ -117.13356, 33.19519 ], [ -117.13568, 33.19526 ], [ -117.14077, 33.1946 ], [ -117.15069, 33.19434 ], [ -117.15138, 33.19396 ], [ -117.1517, 33.19336 ], [ -117.15108, 33.18896 ], [ -117.15183, 33.18694 ], [ -117.15255, 33.18825 ], [ -117.15328, 33.18797 ], [ -117.15328, 33.18823 ], [ -117.15646, 33.18822 ], [ -117.15658, 33.18687 ], [ -117.16199, 33.18672 ], [ -117.16181, 33.1831 ], [ -117.17437, 33.18287 ], [ -117.17618, 33.18238 ], [ -117.17546, 33.18374 ], [ -117.17378, 33.18473 ], [ -117.17343, 33.18543 ], [ -117.17539, 33.21152 ], [ -117.17607, 33.21237 ], [ -117.18664, 33.22018 ], [ -117.18725, 33.22121 ], [ -117.18712, 33.22239 ], [ -117.18035, 33.23043 ], [ -117.17474, 33.23276 ], [ -117.16847, 33.23448 ], [ -117.16302, 33.2377 ], [ -117.16069, 33.24017 ], [ -117.15982, 33.24259 ], [ -117.15818, 33.2443 ], [ -117.15756, 33.24467 ], [ -117.15264, 33.2455 ], [ -117.1422, 33.22195 ], [ -117.13982, 33.21804 ], [ -117.12864, 33.20253 ], [ -117.12558, 33.19736 ], [ -117.1273, 33.19641 ], [ -117.12852, 33.19522 ], [ -117.13019, 33.19449 ] ] ] ] } },
{ "type": "Feature", "properties": { "police_beat": 327 }, "geometry": { "type": "MultiPolygon", "coordinates": [ [ [ [ -117.0411, 32.77089 ], [ -117.03991, 32.77138 ], [ -117.03965, 32.77036 ], [ -117.03909, 32.77037 ], [ -117.03907, 32.7696 ], [ -117.04044, 32.76955 ], [ -117.04045, 32.76989 ], [ -117.0471, 32.76977 ], [ -117.04708, 32.76925 ], [ -117.05369, 32.76913 ], [ -117.05371, 32.76989 ], [ -117.05508, 32.76988 ], [ -117.05604, 32.77037 ], [ -117.05653, 32.76901 ], [ -117.05553, 32.76881 ], [ -117.0555, 32.76838 ], [ -117.05642, 32.76795 ], [ -117.05626, 32.76781 ], [ -117.05856, 32.76705 ], [ -117.05861, 32.76754 ], [ -117.05976, 32.76734 ], [ -117.06107, 32.76605 ], [ -117.06072, 32.76573 ], [ -117.06317, 32.76407 ], [ -117.06303, 32.76518 ], [ -117.06685, 32.76518 ], [ -117.06735, 32.76667 ], [ -117.06974, 32.77047 ], [ -117.06995, 32.77246 ], [ -117.06794, 32.77437 ], [ -117.0678, 32.77701 ], [ -117.06631, 32.77946 ], [ -117.06456, 32.77951 ], [ -117.0528, 32.77704 ], [ -117.04878, 32.77565 ], [ -117.04878, 32.7744 ], [ -117.04648, 32.77349 ], [ -117.04683, 32.77253 ], [ -117.04686, 32.77091 ], [ -117.0411, 32.77089 ] ] ], [ [ [ -117.20844, 33.2048 ], [ -117.20848, 33.20242 ], [ -117.20724, 33.20243 ], [ -117.20726, 33.2018 ], [ -117.20605, 33.20178 ], [ -117.20608, 33.20078 ], [ -117.20398, 33.20109 ], [ -117.20402, 33.19925 ], [ -117.20369, 33.19836 ], [ -117.20515, 33.19635 ], [ -117.2048, 33.19455 ], [ -117.20418, 33.1936 ], [ -117.20415, 33.19029 ], [ -117.20552, 33.19063 ], [ -117.20958, 33.19028 ], [ -117.20956, 33.19249 ], [ -117.2107, 33.19249 ], [ -117.21068, 33.1939 ], [ -117.20864, 33.1939 ], [ -117.20864, 33.19468 ], [ -117.21086, 33.19474 ], [ -117.21087, 33.1942 ], [ -117.21129, 33.1942 ], [ -117.21125, 33.1939 ], [ -117.21217, 33.19389 ], [ -117.21194, 33.19486 ], [ -117.21286, 33.19502 ], [ -117.21287, 33.19571 ], [ -117.21345, 33.19568 ], [ -117.21337, 33.19751 ], [ -117.21429, 33.19819 ], [ -117.21436, 33.19908 ], [ -117.21353, 33.2012 ], [ -117.21301, 33.2012 ], [ -117.21315, 33.20209 ], [ -117.21454, 33.20262 ], [ -117.21486, 33.20173 ], [ -117.21552, 33.20108 ], [ -117.21681, 33.20109 ], [ -117.21585, 33.20411 ], [ -117.2142, 33.20375 ], [ -117.2141, 33.20405 ], [ -117.21361, 33.20403 ], [ -117.21364, 33.20356 ], [ -117.21243, 33.20349 ], [ -117.21271, 33.20399 ], [ -117.21344, 33.20402 ], [ -117.21339, 33.20476 ], [ -117.20844, 33.2048 ] ] ] ] } },
{ "type": "Feature", "properties": { "police_beat": 328 }, "geometry": { "type": "Polygon", "coordinates": [ [ [ -117.1958, 33.21752 ], [ -117.19458, 33.21608 ], [ -117.19041, 33.21444 ], [ -117.18935, 33.21335 ], [ -117.18854, 33.21339 ], [ -117.18846, 33.21298 ], [ -117.18802, 33.21282 ], [ -117.18882, 33.21179 ], [ -117.1871, 33.20932 ], [ -117.18741, 33.20825 ], [ -117.18721, 33.20682 ], [ -117.18608, 33.20495 ], [ -117.18485, 33.20416 ], [ -117.1848, 33.20312 ], [ -117.18399, 33.2014 ], [ -117.18353, 33.20131 ], [ -117.18355, 33.20165 ], [ -117.18234, 33.20181 ], [ -117.18184, 33.20242 ], [ -117.18104, 33.20272 ], [ -117.18043, 33.20461 ], [ -117.17982, 33.20451 ], [ -117.17967, 33.20173 ], [ -117.17923, 33.20159 ], [ -117.179, 33.20109 ], [ -117.1791, 33.20032 ], [ -117.18016, 33.19991 ], [ -117.18066, 33.19918 ], [ -117.18014, 33.19788 ], [ -117.18148, 33.19844 ], [ -117.18317, 33.19999 ], [ -117.18349, 33.1998 ], [ -117.18393, 33.19893 ], [ -117.18361, 33.19775 ], [ -117.18368, 33.19404 ], [ -117.18573, 33.19392 ], [ -117.18563, 33.1901 ], [ -117.18351, 33.18988 ], [ -117.18352, 33.18772 ], [ -117.18772, 33.18996 ], [ -117.18972, 33.19024 ], [ -117.19637, 33.18696 ], [ -117.19766, 33.18582 ], [ -117.20024, 33.19008 ], [ -117.20415, 33.19029 ], [ -117.20418, 33.1936 ], [ -117.2048, 33.19455 ], [ -117.20515, 33.19635 ], [ -117.20369, 33.19837 ], [ -117.20403, 33.1994 ], [ -117.20392, 33.20244 ], [ -117.19982, 33.20242 ], [ -117.19985, 33.20215 ], [ -117.19822, 33.20281 ], [ -117.1978, 33.2011 ], [ -117.19228, 33.20109 ], [ -117.19227, 33.20698 ], [ -117.19398, 33.20611 ], [ -117.19674, 33.20612 ], [ -117.19649, 33.20666 ], [ -117.19706, 33.20711 ], [ -117.19568, 33.20726 ], [ -117.19587, 33.20822 ], [ -117.19867, 33.20825 ], [ -117.19892, 33.21003 ], [ -117.20061, 33.21004 ], [ -117.20073, 33.20829 ], [ -117.19997, 33.20828 ], [ -117.19973, 33.20601 ], [ -117.20087, 33.20603 ], [ -117.2009, 33.20553 ], [ -117.20201, 33.20553 ], [ -117.20199, 33.20594 ], [ -117.2016, 33.20594 ], [ -117.20157, 33.20652 ], [ -117.20307, 33.20653 ], [ -117.20309, 33.20612 ], [ -117.20452, 33.20584 ], [ -117.20452, 33.20631 ], [ -117.20517, 33.20631 ], [ -117.20513, 33.20838 ], [ -117.20445, 33.20836 ], [ -117.20625, 33.20962 ], [ -117.20622, 33.21022 ], [ -117.20175, 33.20977 ], [ -117.20155, 33.21182 ], [ -117.20666, 33.21203 ], [ -117.20668, 33.21112 ], [ -117.208, 33.21116 ], [ -117.20805, 33.21565 ], [ -117.20572, 33.21562 ], [ -117.20574, 33.21646 ], [ -117.20361, 33.21643 ], [ -117.20315, 33.21716 ], [ -117.20209, 33.21746 ], [ -117.20128, 33.21812 ], [ -117.19801, 33.21832 ], [ -117.1958, 33.21752 ] ] ] } },
{ "type": "Feature", "properties": { "police_beat": 329 }, "geometry": { "type": "MultiPolygon", "coordinates": [ [ [ [ -117.24596, 33.17453 ], [ -117.24571, 33.17376 ], [ -117.24475, 33.17386 ], [ -117.24475, 33.17348 ], [ -117.24549, 33.17329 ], [ -117.24474, 33.17334 ], [ -117.24475, 33.16832 ], [ -117.24643, 33.16833 ], [ -117.2464, 33.17022 ], [ -117.24834, 33.17021 ], [ -117.24844, 33.17159 ], [ -117.25295, 33.17366 ], [ -117.2531, 33.17427 ], [ -117.25261, 33.17439 ], [ -117.25221, 33.17506 ], [ -117.25337, 33.17677 ], [ -117.24972, 33.17734 ], [ -117.24974, 33.17775 ], [ -117.2493, 33.17783 ], [ -117.24914, 33.17904 ], [ -117.24854, 33.17902 ], [ -117.24844, 33.17787 ], [ -117.24779, 33.17619 ], [ -117.24716, 33.1755 ], [ -117.24693, 33.17439 ], [ -117.24596, 33.17453 ] ] ], [ [ [ -117.26421, 33.18658 ], [ -117.26355, 33.18658 ], [ -117.26348, 33.18515 ], [ -117.26428, 33.18514 ], [ -117.26429, 33.1848 ], [ -117.26315, 33.18479 ], [ -117.26329, 33.1843 ], [ -117.26423, 33.1843 ], [ -117.26423, 33.18365 ], [ -117.26142, 33.18443 ], [ -117.26143, 33.18296 ], [ -117.26085, 33.18296 ], [ -117.26086, 33.18447 ], [ -117.26008, 33.18453 ], [ -117.26008, 33.18296 ], [ -117.25931, 33.18296 ], [ -117.25915, 33.18171 ], [ -117.25417, 33.18077 ], [ -117.25498, 33.17935 ], [ -117.2539, 33.17871 ], [ -117.25391, 33.17784 ], [ -117.25494, 33.17716 ], [ -117.25604, 33.17749 ], [ -117.25608, 33.17681 ], [ -117.25544, 33.17659 ], [ -117.25563, 33.17647 ], [ -117.25521, 33.17606 ], [ -117.25462, 33.17639 ], [ -117.25418, 33.17585 ], [ -117.25372, 33.17402 ], [ -117.27294, 33.18298 ], [ -117.27378, 33.18321 ], [ -117.27518, 33.18135 ], [ -117.27638, 33.18191 ], [ -117.27838, 33.18102 ], [ -117.27886, 33.18153 ], [ -117.27886, 33.1821 ], [ -117.27737, 33.18209 ], [ -117.27737, 33.1835 ], [ -117.27599, 33.18422 ], [ -117.27617, 33.1847 ], [ -117.27512, 33.1847 ], [ -117.27512, 33.1852 ], [ -117.27387, 33.18526 ], [ -117.27417, 33.18627 ], [ -117.27135, 33.18628 ], [ -117.27133, 33.18294 ], [ -117.26959, 33.18298 ], [ -117.26978, 33.18239 ], [ -117.2694, 33.18227 ], [ -117.26812, 33.18266 ], [ -117.26819, 33.18298 ], [ -117.26643, 33.18297 ], [ -117.26641, 33.18667 ], [ -117.26514, 33.18667 ], [ -117.26531, 33.1859 ], [ -117.26436, 33.18602 ], [ -117.26421, 33.18658 ] ] ], [ [ [ -117.25349, 33.18151 ], [ -117.25398, 33.18146 ], [ -117.25401, 33.18088 ], [ -117.25608, 33.18118 ], [ -117.2562, 33.1827 ], [ -117.25497, 33.18248 ], [ -117.25439, 33.18187 ], [ -117.25399, 33.18211 ], [ -117.25349, 33.18151 ] ] ] ] } },
{ "type": "Feature", "properties": { "police_beat": 330 }, "geometry": { "type": "Polygon", "coordinates": [ [ [ -117.21562, 33.17894 ], [ -117.21355, 33.17637 ], [ -117.2094, 33.17376 ], [ -117.21056, 33.17165 ], [ -117.21137, 33.17087 ], [ -117.21203, 33.17125 ], [ -117.21268, 33.17056 ], [ -117.21416, 33.17067 ], [ -117.21395, 33.17386 ], [ -117.21512, 33.17389 ], [ -117.21571, 33.17554 ], [ -117.21699, 33.1755 ], [ -117.21791, 33.17589 ], [ -117.21856, 33.17422 ], [ -117.21722, 33.17361 ], [ -117.21857, 33.17331 ], [ -117.21924, 33.1735 ], [ -117.21962, 33.17406 ], [ -117.22159, 33.17379 ], [ -117.22231, 33.1733 ], [ -117.22265, 33.17399 ], [ -117.2238, 33.1737 ], [ -117.22447, 33.17425 ], [ -117.22493, 33.17375 ], [ -117.22735, 33.17728 ], [ -117.22843, 33.17946 ], [ -117.22593, 33.17953 ], [ -117.22593, 33.1802 ], [ -117.22514, 33.17999 ], [ -117.22465, 33.18082 ], [ -117.22403, 33.18085 ], [ -117.22407, 33.18125 ], [ -117.22315, 33.181 ], [ -117.22301, 33.18019 ], [ -117.2218, 33.17999 ], [ -117.22181, 33.18113 ], [ -117.22066, 33.18117 ], [ -117.22123, 33.18139 ], [ -117.22123, 33.18179 ], [ -117.21993, 33.18163 ], [ -117.21966, 33.18185 ], [ -117.21883, 33.18106 ], [ -117.21905, 33.18079 ], [ -117.21747, 33.18197 ], [ -117.21562, 33.17894 ] ] ] } },
{ "type": "Feature", "properties": { "police_beat": 331 }, "geometry": { "type": "Polygon", "coordinates": [ [ [ -117.21537, 33.1903 ], [ -117.21348, 33.19034 ], [ -117.21373, 33.18986 ], [ -117.21343, 33.18875 ], [ -117.21365, 33.18818 ], [ -117.21299, 33.18816 ], [ -117.21299, 33.18781 ], [ -117.2138, 33.18776 ], [ -117.21355, 33.18678 ], [ -117.2131, 33.18643 ], [ -117.21306, 33.18667 ], [ -117.21183, 33.18665 ], [ -117.21183, 33.1874 ], [ -117.21128, 33.1874 ], [ -117.21129, 33.18665 ], [ -117.2096, 33.18664 ], [ -117.20958, 33.19028 ], [ -117.20543, 33.19063 ], [ -117.20404, 33.19027 ], [ -117.20027, 33.19009 ], [ -117.19766, 33.18582 ], [ -117.20137, 33.18295 ], [ -117.20275, 33.18287 ], [ -117.20345, 33.18241 ], [ -117.20469, 33.17687 ], [ -117.20552, 33.17475 ], [ -117.20654, 33.17381 ], [ -117.20774, 33.17365 ], [ -117.20812, 33.17329 ], [ -117.2094, 33.17376 ], [ -117.21344, 33.17627 ], [ -117.21562, 33.17894 ], [ -117.21737, 33.18204 ], [ -117.21904, 33.1831 ], [ -117.21849, 33.18526 ], [ -117.21938, 33.18509 ], [ -117.22115, 33.18601 ], [ -117.22108, 33.18622 ], [ -117.22054, 33.18603 ], [ -117.22037, 33.18664 ], [ -117.22136, 33.18693 ], [ -117.22011, 33.19069 ], [ -117.21757, 33.19064 ], [ -117.21734, 33.18855 ], [ -117.21681, 33.18854 ], [ -117.21588, 33.18954 ], [ -117.2157, 33.19031 ], [ -117.21748, 33.19033 ], [ -117.21751, 33.19065 ], [ -117.21536, 33.19137 ], [ -117.21537, 33.1903 ] ] ] } },
{ "type": "Feature", "properties": { "police_beat": 332 }, "geometry": { "type": "Polygon", "coordinates": [ [ [ -117.18539, 33.18893 ], [ -117.1833, 33.18758 ], [ -117.18169, 33.186 ], [ -117.1805, 33.1841 ], [ -117.17792, 33.18288 ], [ -117.17612, 33.18125 ], [ -117.17543, 33.17942 ], [ -117.17634, 33.1788 ], [ -117.17671, 33.17787 ], [ -117.17601, 33.17689 ], [ -117.17973, 33.17633 ], [ -117.17841, 33.17927 ], [ -117.17845, 33.18111 ], [ -117.17809, 33.1828 ], [ -117.17865, 33.18111 ], [ -117.1786, 33.17931 ], [ -117.18, 33.17626 ], [ -117.18164, 33.17422 ], [ -117.18238, 33.1748 ], [ -117.18335, 33.17458 ], [ -117.18489, 33.17513 ], [ -117.18464, 33.1772 ], [ -117.18333, 33.17933 ], [ -117.18359, 33.17934 ], [ -117.18719, 33.17466 ], [ -117.18715, 33.17212 ], [ -117.19134, 33.1721 ], [ -117.1914, 33.16847 ], [ -117.19555, 33.16408 ], [ -117.19553, 33.16262 ], [ -117.19991, 33.16381 ], [ -117.20124, 33.16328 ], [ -117.20175, 33.16377 ], [ -117.20196, 33.16332 ], [ -117.20341, 33.16384 ], [ -117.20433, 33.16204 ], [ -117.20508, 33.16178 ], [ -117.20538, 33.16272 ], [ -117.20532, 33.16564 ], [ -117.20613, 33.16855 ], [ -117.20812, 33.17329 ], [ -117.20774, 33.17365 ], [ -117.20647, 33.17385 ], [ -117.20547, 33.17484 ], [ -117.20411, 33.17897 ], [ -117.20348, 33.18236 ], [ -117.20277, 33.18287 ], [ -117.20134, 33.18296 ], [ -117.19637, 33.18696 ], [ -117.19071, 33.18996 ], [ -117.18913, 33.19027 ], [ -117.18539, 33.18893 ] ] ] } },
{ "type": "Feature", "properties": { "police_beat": 333 }, "geometry": { "type": "Polygon", "coordinates": [ [ [ -117.20529, 33.16549 ], [ -117.20538, 33.16275 ], [ -117.20508, 33.16178 ], [ -117.20916, 33.15378 ], [ -117.21125, 33.15449 ], [ -117.21313, 33.15072 ], [ -117.21454, 33.15122 ], [ -117.21245, 33.15491 ], [ -117.21442, 33.15592 ], [ -117.21616, 33.15214 ], [ -117.21866, 33.15355 ], [ -117.21682, 33.15728 ], [ -117.21591, 33.15817 ], [ -117.21635, 33.15803 ], [ -117.21689, 33.15837 ], [ -117.2181, 33.15816 ], [ -117.21857, 33.15846 ], [ -117.21899, 33.15967 ], [ -117.21853, 33.16016 ], [ -117.21813, 33.15992 ], [ -117.21739, 33.16081 ], [ -117.21648, 33.15935 ], [ -117.21572, 33.16003 ], [ -117.21519, 33.1595 ], [ -117.21531, 33.15862 ], [ -117.21466, 33.15845 ], [ -117.21299, 33.15917 ], [ -117.21397, 33.16024 ], [ -117.21463, 33.15992 ], [ -117.21608, 33.16236 ], [ -117.21645, 33.16193 ], [ -117.21703, 33.16226 ], [ -117.21729, 33.16194 ], [ -117.21786, 33.16228 ], [ -117.2176, 33.1626 ], [ -117.218, 33.16284 ], [ -117.21569, 33.16557 ], [ -117.2136, 33.16512 ], [ -117.21496, 33.16651 ], [ -117.21418, 33.16743 ], [ -117.21378, 33.1668 ], [ -117.21248, 33.16657 ], [ -117.21242, 33.16752 ], [ -117.21093, 33.1674 ], [ -117.21061, 33.16795 ], [ -117.20962, 33.1679 ], [ -117.2096, 33.16859 ], [ -117.2113, 33.16869 ], [ -117.21112, 33.16971 ], [ -117.21155, 33.17056 ], [ -117.21055, 33.17166 ], [ -117.2094, 33.17376 ], [ -117.20789, 33.17306 ], [ -117.20529, 33.16549 ] ] ] } },
{ "type": "Feature", "properties": { "police_beat": 349 }, "geometry": { "type": "Polygon", "coordinates": [ [ [ -117.18653, 33.11326 ], [ -117.18504, 33.11353 ], [ -117.1829, 33.11327 ], [ -117.18219, 33.1126 ], [ -117.17934, 33.11143 ], [ -117.1779, 33.10962 ], [ -117.17603, 33.10932 ], [ -117.1755, 33.10888 ], [ -117.17533, 33.1065 ], [ -117.17491, 33.10595 ], [ -117.17325, 33.10709 ], [ -117.17201, 33.10753 ], [ -117.1672, 33.10715 ], [ -117.1652, 33.10779 ], [ -117.16401, 33.1094 ], [ -117.16371, 33.11327 ], [ -117.15889, 33.11324 ], [ -117.15889, 33.11372 ], [ -117.15807, 33.11371 ], [ -117.15808, 33.11324 ], [ -117.15597, 33.11322 ], [ -117.15624, 33.10216 ], [ -117.16237, 33.1023 ], [ -117.16237, 33.09999 ], [ -117.1657, 33.10002 ], [ -117.16572, 33.09858 ], [ -117.17071, 33.09862 ], [ -117.17066, 33.10245 ], [ -117.17271, 33.10245 ], [ -117.1738, 33.10072 ], [ -117.17727, 33.10064 ], [ -117.17721, 33.09802 ], [ -117.17788, 33.09761 ], [ -117.17855, 33.09776 ], [ -117.17875, 33.09606 ], [ -117.17815, 33.09618 ], [ -117.17963, 33.09537 ], [ -117.17969, 33.09508 ], [ -117.18036, 33.09578 ], [ -117.18203, 33.0955 ], [ -117.18312, 33.0958 ], [ -117.18306, 33.09493 ], [ -117.19065, 33.09493 ], [ -117.19071, 33.08405 ], [ -117.19939, 33.08403 ], [ -117.19941, 33.08154 ], [ -117.20029, 33.08073 ], [ -117.19954, 33.08043 ], [ -117.20231, 33.08044 ], [ -117.2021, 33.08068 ], [ -117.2052, 33.08267 ], [ -117.20472, 33.08325 ], [ -117.20502, 33.08387 ], [ -117.20416, 33.08466 ], [ -117.20505, 33.08598 ], [ -117.2037, 33.08765 ], [ -117.20371, 33.09263 ], [ -117.20445, 33.09351 ], [ -117.20622, 33.09417 ], [ -117.20808, 33.09548 ], [ -117.20808, 33.09508 ], [ -117.21127, 33.09508 ], [ -117.2102, 33.09182 ], [ -117.2117, 33.09076 ], [ -117.2167, 33.09115 ], [ -117.21669, 33.09518 ], [ -117.22102, 33.09511 ], [ -117.22108, 33.10259 ], [ -117.22272, 33.10247 ], [ -117.22511, 33.10496 ], [ -117.22549, 33.10638 ], [ -117.2254, 33.11038 ], [ -117.22664, 33.11338 ], [ -117.21684, 33.1133 ], [ -117.21682, 33.10968 ], [ -117.20951, 33.10954 ], [ -117.2092, 33.10878 ], [ -117.20815, 33.10878 ], [ -117.20817, 33.11498 ], [ -117.19035, 33.11496 ], [ -117.19036, 33.11625 ], [ -117.18653, 33.11326 ] ] ] } },
{ "type": "Feature", "properties": { "police_beat": 350 }, "geometry": { "type": "MultiPolygon", "coordinates": [ [ [ [ -117.16265, 33.14387 ], [ -117.16382, 33.14105 ], [ -117.16361, 33.13724 ], [ -117.17186, 33.13675 ], [ -117.17389, 33.13704 ], [ -117.17631, 33.13791 ], [ -117.17563, 33.13809 ], [ -117.17595, 33.13832 ], [ -117.18144, 33.13995 ], [ -117.18008, 33.14303 ], [ -117.18071, 33.14359 ], [ -117.18417, 33.14483 ], [ -117.18323, 33.14674 ], [ -117.17502, 33.14564 ], [ -117.17199, 33.14495 ], [ -117.17173, 33.14589 ], [ -117.16687, 33.14474 ], [ -117.1668, 33.14577 ], [ -117.1647, 33.14519 ], [ -117.16444, 33.14685 ], [ -117.16396, 33.1468 ], [ -117.16344, 33.1487 ], [ -117.16205, 33.14859 ], [ -117.16265, 33.14387 ] ] ], [ [ [ -117.17173, 33.14589 ], [ -117.17306, 33.14625 ], [ -117.17285, 33.14726 ], [ -117.17224, 33.1478 ], [ -117.17088, 33.14749 ], [ -117.17173, 33.14589 ] ] ] ] } },
{ "type": "Feature", "properties": { "police_beat": 351 }, "geometry": { "type": "Polygon", "coordinates": [ [ [ -117.17199, 33.14495 ], [ -117.18398, 33.14687 ], [ -117.18892, 33.14835 ], [ -117.19216, 33.15072 ], [ -117.19321, 33.15091 ], [ -117.19459, 33.152 ], [ -117.19723, 33.15546 ], [ -117.20195, 33.15772 ], [ -117.20508, 33.16178 ], [ -117.20433, 33.16204 ], [ -117.20341, 33.16384 ], [ -117.20196, 33.16332 ], [ -117.20175, 33.16377 ], [ -117.20124, 33.16328 ], [ -117.19991, 33.16381 ], [ -117.19553, 33.16262 ], [ -117.19555, 33.16408 ], [ -117.1914, 33.16847 ], [ -117.19134, 33.1721 ], [ -117.18715, 33.17212 ], [ -117.18719, 33.17466 ], [ -117.18359, 33.17934 ], [ -117.18333, 33.17933 ], [ -117.18464, 33.1772 ], [ -117.18489, 33.17513 ], [ -117.18335, 33.17458 ], [ -117.18238, 33.1748 ], [ -117.18164, 33.17422 ], [ -117.18, 33.17626 ], [ -117.1786, 33.17931 ], [ -117.17865, 33.18111 ], [ -117.17809, 33.1828 ], [ -117.17845, 33.18111 ], [ -117.17841, 33.17927 ], [ -117.18031, 33.17544 ], [ -117.18072, 33.17327 ], [ -117.17717, 33.17312 ], [ -117.17541, 33.17436 ], [ -117.17364, 33.17421 ], [ -117.17405, 33.17506 ], [ -117.17432, 33.17497 ], [ -117.17483, 33.17564 ], [ -117.16813, 33.17565 ], [ -117.16603, 33.17464 ], [ -117.16608, 33.17565 ], [ -117.16392, 33.17565 ], [ -117.16391, 33.17428 ], [ -117.16197, 33.17405 ], [ -117.16197, 33.1746 ], [ -117.15814, 33.18308 ], [ -117.1618, 33.18299 ], [ -117.16199, 33.18672 ], [ -117.15658, 33.18687 ], [ -117.15646, 33.18822 ], [ -117.15328, 33.18823 ], [ -117.15328, 33.18797 ], [ -117.15255, 33.18825 ], [ -117.15188, 33.18682 ], [ -117.15498, 33.18489 ], [ -117.16089, 33.17157 ], [ -117.16094, 33.1566 ], [ -117.16205, 33.14859 ], [ -117.16355, 33.14866 ], [ -117.16396, 33.1468 ], [ -117.16444, 33.14685 ], [ -117.1647, 33.14519 ], [ -117.1668, 33.14577 ], [ -117.16687, 33.14474 ], [ -117.17174, 33.14585 ], [ -117.17199, 33.14495 ] ], [ [ -117.17098, 33.14758 ], [ -117.17224, 33.1478 ], [ -117.17284, 33.14728 ], [ -117.17306, 33.14625 ], [ -117.17173, 33.14589 ], [ -117.17098, 33.14758 ] ] ] } },
{ "type": "Feature", "properties": { "police_beat": 352 }, "geometry": { "type": "Polygon", "coordinates": [ [ [ -117.15051, 33.18111 ], [ -117.14745, 33.18017 ], [ -117.14846, 33.17832 ], [ -117.1454, 33.17731 ], [ -117.1427, 33.17753 ], [ -117.14112, 33.1773 ], [ -117.14024, 33.17644 ], [ -117.13954, 33.17634 ], [ -117.13977, 33.17204 ], [ -117.14648, 33.17208 ], [ -117.14781, 33.17019 ], [ -117.14569, 33.16954 ], [ -117.14611, 33.16745 ], [ -117.14588, 33.16443 ], [ -117.14135, 33.15947 ], [ -117.1413, 33.15789 ], [ -117.13982, 33.15478 ], [ -117.14101, 33.15431 ], [ -117.13983, 33.15093 ], [ -117.13883, 33.1467 ], [ -117.13718, 33.14696 ], [ -117.14018, 33.14207 ], [ -117.1478, 33.14523 ], [ -117.15311, 33.14407 ], [ -117.15587, 33.14239 ], [ -117.15753, 33.14195 ], [ -117.15961, 33.14194 ], [ -117.16313, 33.14278 ], [ -117.16261, 33.14403 ], [ -117.16095, 33.15643 ], [ -117.16089, 33.17159 ], [ -117.15498, 33.18489 ], [ -117.1521, 33.18651 ], [ -117.15045, 33.18414 ], [ -117.15242, 33.17967 ], [ -117.1513, 33.17931 ], [ -117.15051, 33.18111 ] ] ] } },
{ "type": "Feature", "properties": { "police_beat": 353 }, "geometry": { "type": "Polygon", "coordinates": [ [ [ -117.13595, 33.1604 ], [ -117.13508, 33.15797 ], [ -117.13409, 33.15829 ], [ -117.12919, 33.15947 ], [ -117.12893, 33.15949 ], [ -117.12849, 33.15791 ], [ -117.12895, 33.157 ], [ -117.12138, 33.15258 ], [ -117.12198, 33.15151 ], [ -117.12227, 33.14617 ], [ -117.12358, 33.14486 ], [ -117.12934, 33.13542 ], [ -117.13256, 33.13795 ], [ -117.1346, 33.1388 ], [ -117.13668, 33.14054 ], [ -117.14018, 33.14207 ], [ -117.13718, 33.14696 ], [ -117.13883, 33.1467 ], [ -117.13983, 33.15093 ], [ -117.14101, 33.15431 ], [ -117.13982, 33.15478 ], [ -117.14129, 33.15785 ], [ -117.14132, 33.15857 ], [ -117.1383, 33.15916 ], [ -117.13814, 33.15869 ], [ -117.1384, 33.15816 ], [ -117.13796, 33.15828 ], [ -117.13763, 33.15733 ], [ -117.1365, 33.15762 ], [ -117.13748, 33.16051 ], [ -117.13595, 33.1604 ] ] ] } },
{ "type": "Feature", "properties": { "police_beat": 354 }, "geometry": { "type": "Polygon", "coordinates": [ [ [ -117.11587, 33.1384 ], [ -117.1146, 33.13725 ], [ -117.1158, 33.13725 ], [ -117.11655, 33.13603 ], [ -117.11636, 33.13566 ], [ -117.11569, 33.13537 ], [ -117.11547, 33.13557 ], [ -117.11531, 33.13513 ], [ -117.11457, 33.13488 ], [ -117.11542, 33.13349 ], [ -117.11365, 33.13274 ], [ -117.11231, 33.13488 ], [ -117.11209, 33.13396 ], [ -117.11101, 33.13393 ], [ -117.11017, 33.13452 ], [ -117.11029, 33.13382 ], [ -117.11371, 33.12845 ], [ -117.12361, 33.13268 ], [ -117.12431, 33.13151 ], [ -117.12668, 33.13301 ], [ -117.12934, 33.13542 ], [ -117.12358, 33.14486 ], [ -117.12236, 33.146 ], [ -117.12217, 33.14708 ], [ -117.1126, 33.14127 ], [ -117.11444, 33.13982 ], [ -117.11571, 33.13931 ], [ -117.11657, 33.13833 ], [ -117.11587, 33.1384 ] ] ] } },
{ "type": "Feature", "properties": { "police_beat": 355 }, "geometry": { "type": "Polygon", "coordinates": [ [ [ -117.19069, 33.14377 ], [ -117.18814, 33.14222 ], [ -117.17336, 33.1369 ], [ -117.17186, 33.13675 ], [ -117.16361, 33.13724 ], [ -117.16445, 33.13227 ], [ -117.17311, 33.12996 ], [ -117.1756, 33.13691 ], [ -117.17728, 33.13765 ], [ -117.20037, 33.1315 ], [ -117.2083, 33.13135 ], [ -117.206, 33.13489 ], [ -117.20239, 33.14203 ], [ -117.20461, 33.14281 ], [ -117.20408, 33.14396 ], [ -117.21474, 33.14778 ], [ -117.21125, 33.15449 ], [ -117.20916, 33.15378 ], [ -117.20703, 33.15797 ], [ -117.19069, 33.14377 ] ] ] } },
{ "type": "Feature", "properties": { "police_beat": 356 }, "geometry": { "type": "Polygon", "coordinates": [ [ [ -117.18786, 33.14211 ], [ -117.19077, 33.14384 ], [ -117.20703, 33.15797 ], [ -117.20508, 33.16178 ], [ -117.20205, 33.1578 ], [ -117.19715, 33.1554 ], [ -117.19502, 33.15243 ], [ -117.19325, 33.15093 ], [ -117.19218, 33.15073 ], [ -117.18892, 33.14835 ], [ -117.18323, 33.14674 ], [ -117.18417, 33.14483 ], [ -117.18071, 33.14359 ], [ -117.18005, 33.14297 ], [ -117.18144, 33.13995 ], [ -117.17563, 33.13809 ], [ -117.17631, 33.13791 ], [ -117.18786, 33.14211 ] ] ] } },
{ "type": "Feature", "properties": { "police_beat": 357 }, "geometry": { "type": "Polygon", "coordinates": [ [ [ -117.13681, 33.14061 ], [ -117.13452, 33.13875 ], [ -117.13244, 33.13786 ], [ -117.12668, 33.13301 ], [ -117.12431, 33.13151 ], [ -117.12452, 33.13117 ], [ -117.12842, 33.13275 ], [ -117.12786, 33.13354 ], [ -117.12873, 33.13436 ], [ -117.12961, 33.13327 ], [ -117.12956, 33.12742 ], [ -117.13653, 33.12746 ], [ -117.13654, 33.12929 ], [ -117.13822, 33.12885 ], [ -117.13924, 33.12892 ], [ -117.14341, 33.12758 ], [ -117.14704, 33.12746 ], [ -117.15091, 33.12883 ], [ -117.15165, 33.1321 ], [ -117.15395, 33.13506 ], [ -117.16445, 33.13227 ], [ -117.16354, 33.13762 ], [ -117.16382, 33.14104 ], [ -117.16313, 33.14278 ], [ -117.15961, 33.14194 ], [ -117.15753, 33.14195 ], [ -117.15587, 33.14239 ], [ -117.15311, 33.14407 ], [ -117.1478, 33.14523 ], [ -117.13681, 33.14061 ] ] ] } },
{ "type": "Feature", "properties": { "police_beat": 358 }, "geometry": { "type": "Polygon", "coordinates": [ [ [ -117.206, 33.13489 ], [ -117.20824, 33.13142 ], [ -117.21124, 33.12878 ], [ -117.21183, 33.12952 ], [ -117.212, 33.12937 ], [ -117.21246, 33.13001 ], [ -117.21283, 33.13003 ], [ -117.21706, 33.12629 ], [ -117.21735, 33.12603 ], [ -117.21576, 33.12476 ], [ -117.22063, 33.12043 ], [ -117.22124, 33.11996 ], [ -117.2213, 33.12063 ], [ -117.22559, 33.12071 ], [ -117.22557, 33.11936 ], [ -117.22448, 33.11926 ], [ -117.2238, 33.11845 ], [ -117.22553, 33.11708 ], [ -117.22666, 33.11704 ], [ -117.22667, 33.11773 ], [ -117.22982, 33.11772 ], [ -117.22986, 33.13121 ], [ -117.22825, 33.13156 ], [ -117.22433, 33.13153 ], [ -117.22125, 33.13199 ], [ -117.22129, 33.13692 ], [ -117.21899, 33.13988 ], [ -117.21865, 33.14089 ], [ -117.21912, 33.14117 ], [ -117.2168, 33.14347 ], [ -117.21474, 33.14778 ], [ -117.20408, 33.14396 ], [ -117.20461, 33.14281 ], [ -117.20239, 33.14203 ], [ -117.206, 33.13489 ] ] ] } },
{ "type": "Feature", "properties": { "police_beat": 359 }, "geometry": { "type": "Polygon", "coordinates": [ [ [ -117.18265, 33.12992 ], [ -117.18408, 33.12954 ], [ -117.18488, 33.12967 ], [ -117.18529, 33.1307 ], [ -117.18421, 33.13102 ], [ -117.18433, 33.13136 ], [ -117.18651, 33.13077 ], [ -117.18638, 33.12975 ], [ -117.18741, 33.12764 ], [ -117.1898, 33.12859 ], [ -117.19057, 33.12969 ], [ -117.19245, 33.1292 ], [ -117.19182, 33.12755 ], [ -117.19173, 33.12463 ], [ -117.1905, 33.1244 ], [ -117.19043, 33.12366 ], [ -117.18876, 33.12394 ], [ -117.18876, 33.12267 ], [ -117.19126, 33.12267 ], [ -117.19214, 33.12195 ], [ -117.19224, 33.12093 ], [ -117.19329, 33.12081 ], [ -117.19416, 33.12108 ], [ -117.19516, 33.12042 ], [ -117.19597, 33.12686 ], [ -117.20054, 33.13056 ], [ -117.20266, 33.1304 ], [ -117.20388, 33.12937 ], [ -117.20388, 33.12767 ], [ -117.20837, 33.12759 ], [ -117.2083, 33.13135 ], [ -117.20055, 33.13147 ], [ -117.18199, 33.13637 ], [ -117.1805, 33.13239 ], [ -117.18332, 33.13164 ], [ -117.18265, 33.12992 ] ] ] } },
{ "type": "Feature", "properties": { "police_beat": 360 }, "geometry": { "type": "Polygon", "coordinates": [ [ [ -117.16445, 33.13227 ], [ -117.16619, 33.12168 ], [ -117.1657, 33.12017 ], [ -117.16369, 33.11738 ], [ -117.16348, 33.11527 ], [ -117.16397, 33.10953 ], [ -117.16496, 33.10797 ], [ -117.16703, 33.10716 ], [ -117.17218, 33.1075 ], [ -117.17491, 33.10595 ], [ -117.17533, 33.1065 ], [ -117.1755, 33.10888 ], [ -117.17603, 33.10932 ], [ -117.1779, 33.10962 ], [ -117.17934, 33.11143 ], [ -117.18219, 33.1126 ], [ -117.1829, 33.11327 ], [ -117.18504, 33.11353 ], [ -117.18653, 33.11326 ], [ -117.19036, 33.11625 ], [ -117.19033, 33.12042 ], [ -117.19516, 33.12042 ], [ -117.19416, 33.12108 ], [ -117.19329, 33.12081 ], [ -117.19224, 33.12093 ], [ -117.19214, 33.12195 ], [ -117.19126, 33.12267 ], [ -117.18876, 33.12267 ], [ -117.18876, 33.12394 ], [ -117.19043, 33.12366 ], [ -117.1905, 33.1244 ], [ -117.19173, 33.12463 ], [ -117.19182, 33.12755 ], [ -117.19245, 33.1292 ], [ -117.19057, 33.12969 ], [ -117.1898, 33.12859 ], [ -117.18741, 33.12764 ], [ -117.18638, 33.12975 ], [ -117.18651, 33.13077 ], [ -117.18433, 33.13136 ], [ -117.18421, 33.13102 ], [ -117.18529, 33.1307 ], [ -117.18488, 33.12967 ], [ -117.18409, 33.12954 ], [ -117.1827, 33.12989 ], [ -117.18332, 33.13164 ], [ -117.1805, 33.13239 ], [ -117.18199, 33.13637 ], [ -117.17728, 33.13765 ], [ -117.17584, 33.13711 ], [ -117.17311, 33.12997 ], [ -117.16445, 33.13227 ] ] ] } },
{ "type": "Feature", "properties": { "police_beat": 361 }, "geometry": { "type": "Polygon", "coordinates": [ [ [ -117.14341, 33.12758 ], [ -117.13924, 33.12892 ], [ -117.13822, 33.12885 ], [ -117.13654, 33.12929 ], [ -117.13653, 33.12746 ], [ -117.13972, 33.12744 ], [ -117.13972, 33.11296 ], [ -117.15808, 33.11324 ], [ -117.15807, 33.11371 ], [ -117.15889, 33.11372 ], [ -117.15889, 33.11324 ], [ -117.16371, 33.11327 ], [ -117.16357, 33.11706 ], [ -117.16578, 33.12031 ], [ -117.1662, 33.12183 ], [ -117.16445, 33.13227 ], [ -117.15395, 33.13506 ], [ -117.15165, 33.1321 ], [ -117.15091, 33.12883 ], [ -117.14704, 33.12746 ], [ -117.14341, 33.12758 ] ] ] } },
{ "type": "Feature", "properties": { "police_beat": 362 }, "geometry": { "type": "Polygon", "coordinates": [ [ [ -117.12546, 33.26774 ], [ -117.1238, 33.2683 ], [ -117.12011, 33.26862 ], [ -117.11844, 33.26814 ], [ -117.11538, 33.26826 ], [ -117.1132, 33.26747 ], [ -117.11176, 33.26757 ], [ -117.11138, 33.26306 ], [ -117.11096, 33.26204 ], [ -117.11118, 33.2602 ], [ -117.11086, 33.25651 ], [ -117.11187, 33.25595 ], [ -117.113, 33.25407 ], [ -117.11603, 33.25287 ], [ -117.1174, 33.25177 ], [ -117.11838, 33.2514 ], [ -117.13287, 33.2517 ], [ -117.13406, 33.25139 ], [ -117.13607, 33.25011 ], [ -117.13863, 33.24955 ], [ -117.14163, 33.24997 ], [ -117.14578, 33.24956 ], [ -117.14837, 33.25075 ], [ -117.14975, 33.25102 ], [ -117.15341, 33.25048 ], [ -117.15387, 33.2528 ], [ -117.15593, 33.2529 ], [ -117.15795, 33.25849 ], [ -117.15838, 33.26214 ], [ -117.15809, 33.26645 ], [ -117.1566, 33.27128 ], [ -117.15117, 33.28078 ], [ -117.15009, 33.28327 ], [ -117.14913, 33.28836 ], [ -117.14947, 33.29505 ], [ -117.13924, 33.29301 ], [ -117.13812, 33.29194 ], [ -117.13749, 33.2907 ], [ -117.13634, 33.28693 ], [ -117.13559, 33.28559 ], [ -117.13205, 33.28282 ], [ -117.12752, 33.28108 ], [ -117.12776, 33.28022 ], [ -117.12741, 33.27934 ], [ -117.12651, 33.27853 ], [ -117.12559, 33.27853 ], [ -117.12546, 33.26774 ] ] ] } },
{ "type": "Feature", "properties": { "police_beat": 363 }, "geometry": { "type": "Polygon", "coordinates": [ [ [ -117.10824, 33.24872 ], [ -117.10709, 33.24556 ], [ -117.10673, 33.24228 ], [ -117.10713, 33.23926 ], [ -117.10434, 33.23871 ], [ -117.10264, 33.23901 ], [ -117.09979, 33.23732 ], [ -117.09788, 33.23692 ], [ -117.09708, 33.23612 ], [ -117.09643, 33.23405 ], [ -117.09545, 33.23361 ], [ -117.09416, 33.2337 ], [ -117.09266, 33.23295 ], [ -117.09203, 33.23324 ], [ -117.09112, 33.23292 ], [ -117.08944, 33.23168 ], [ -117.08854, 33.22991 ], [ -117.08771, 33.22956 ], [ -117.0865, 33.2283 ], [ -117.08527, 33.22755 ], [ -117.08364, 33.22755 ], [ -117.083, 33.22623 ], [ -117.086, 33.22622 ], [ -117.0863, 33.22533 ], [ -117.08742, 33.22464 ], [ -117.08714, 33.22353 ], [ -117.0876, 33.22264 ], [ -117.08861, 33.22246 ], [ -117.08943, 33.22174 ], [ -117.08976, 33.22082 ], [ -117.08967, 33.21981 ], [ -117.09059, 33.21776 ], [ -117.09145, 33.21722 ], [ -117.09531, 33.21743 ], [ -117.09533, 33.21944 ], [ -117.09638, 33.22089 ], [ -117.09839, 33.22134 ], [ -117.10092, 33.22134 ], [ -117.10173, 33.22081 ], [ -117.10191, 33.21899 ], [ -117.10365, 33.21859 ], [ -117.10506, 33.21753 ], [ -117.10568, 33.21685 ], [ -117.10572, 33.21584 ], [ -117.1061, 33.21536 ], [ -117.10799, 33.21516 ], [ -117.10911, 33.21556 ], [ -117.11049, 33.21555 ], [ -117.11027, 33.21463 ], [ -117.10879, 33.21295 ], [ -117.10857, 33.21127 ], [ -117.10809, 33.21067 ], [ -117.11121, 33.2052 ], [ -117.11226, 33.20443 ], [ -117.11631, 33.20319 ], [ -117.11783, 33.20227 ], [ -117.11845, 33.20159 ], [ -117.11905, 33.19992 ], [ -117.11988, 33.19921 ], [ -117.12335, 33.19845 ], [ -117.12558, 33.19736 ], [ -117.12864, 33.20253 ], [ -117.13982, 33.21804 ], [ -117.1422, 33.22195 ], [ -117.15274, 33.24572 ], [ -117.1539, 33.24774 ], [ -117.15483, 33.25071 ], [ -117.15593, 33.2529 ], [ -117.15387, 33.2528 ], [ -117.15341, 33.25048 ], [ -117.14949, 33.251 ], [ -117.14557, 33.24954 ], [ -117.14168, 33.24997 ], [ -117.13798, 33.24962 ], [ -117.136, 33.25014 ], [ -117.13406, 33.25139 ], [ -117.13287, 33.2517 ], [ -117.11847, 33.25138 ], [ -117.11743, 33.25175 ], [ -117.11604, 33.25286 ], [ -117.11288, 33.25418 ], [ -117.11016, 33.2516 ], [ -117.10824, 33.24872 ] ] ] } },
{ "type": "Feature", "properties": { "police_beat": 364 }, "geometry": { "type": "MultiPolygon", "coordinates": [ [ [ [ -117.13508, 33.15797 ], [ -117.13595, 33.1604 ], [ -117.13292, 33.16097 ], [ -117.1323, 33.16059 ], [ -117.13126, 33.16052 ], [ -117.13026, 33.16118 ], [ -117.12886, 33.16104 ], [ -117.12893, 33.15949 ], [ -117.13508, 33.15797 ] ] ], [ [ [ -117.14339, 33.16406 ], [ -117.14166, 33.16334 ], [ -117.14181, 33.16274 ], [ -117.14154, 33.16229 ], [ -117.14003, 33.16216 ], [ -117.13972, 33.16119 ], [ -117.13748, 33.16051 ], [ -117.1365, 33.15762 ], [ -117.13763, 33.15733 ], [ -117.13796, 33.15828 ], [ -117.1384, 33.15816 ], [ -117.13814, 33.15869 ], [ -117.1383, 33.15916 ], [ -117.14132, 33.15857 ], [ -117.14136, 33.1595 ], [ -117.14591, 33.16454 ], [ -117.14409, 33.16391 ], [ -117.14339, 33.16406 ] ] ], [ [ [ -117.13977, 33.17204 ], [ -117.13996, 33.16833 ], [ -117.14582, 33.16839 ], [ -117.14569, 33.16954 ], [ -117.14781, 33.17019 ], [ -117.14648, 33.17208 ], [ -117.13977, 33.17204 ] ] ], [ [ [ -117.10829, 33.16741 ], [ -117.11018, 33.16738 ], [ -117.11025, 33.1635 ], [ -117.10574, 33.16354 ], [ -117.1058, 33.16007 ], [ -117.10919, 33.16 ], [ -117.1084, 33.16114 ], [ -117.10936, 33.16132 ], [ -117.10962, 33.16053 ], [ -117.11027, 33.16052 ], [ -117.11026, 33.16101 ], [ -117.11244, 33.15989 ], [ -117.11351, 33.15987 ], [ -117.11359, 33.16111 ], [ -117.11311, 33.16152 ], [ -117.11303, 33.16248 ], [ -117.1163, 33.16215 ], [ -117.11631, 33.1616 ], [ -117.11891, 33.16157 ], [ -117.11868, 33.17834 ], [ -117.11577, 33.17837 ], [ -117.118, 33.18199 ], [ -117.13583, 33.18284 ], [ -117.13593, 33.18005 ], [ -117.13451, 33.18018 ], [ -117.13471, 33.17463 ], [ -117.13608, 33.17468 ], [ -117.13619, 33.17192 ], [ -117.13977, 33.17204 ], [ -117.13954, 33.17634 ], [ -117.14024, 33.17644 ], [ -117.14071, 33.17711 ], [ -117.1427, 33.17753 ], [ -117.1454, 33.17731 ], [ -117.14846, 33.17832 ], [ -117.14745, 33.18017 ], [ -117.15051, 33.18111 ], [ -117.1513, 33.17931 ], [ -117.15242, 33.17967 ], [ -117.15045, 33.1841 ], [ -117.1521, 33.18651 ], [ -117.15108, 33.18891 ], [ -117.1517, 33.19337 ], [ -117.15081, 33.1943 ], [ -117.14075, 33.1946 ], [ -117.13568, 33.19526 ], [ -117.13362, 33.19519 ], [ -117.12996, 33.19451 ], [ -117.12892, 33.19488 ], [ -117.12733, 33.1964 ], [ -117.12558, 33.19736 ], [ -117.10829, 33.16741 ] ] ] ] } },
{ "type": "Feature", "properties": { "police_beat": 365 }, "geometry": { "type": "Polygon", "coordinates": [ [ [ -117.07119, 33.21583 ], [ -117.07089, 33.2113 ], [ -117.08608, 33.21111 ], [ -117.08548, 33.20722 ], [ -117.08616, 33.20684 ], [ -117.08604, 33.20611 ], [ -117.08637, 33.20566 ], [ -117.08582, 33.20441 ], [ -117.08611, 33.20378 ], [ -117.0858, 33.20325 ], [ -117.08626, 33.20223 ], [ -117.08544, 33.2018 ], [ -117.08533, 33.20071 ], [ -117.08478, 33.20037 ], [ -117.08498, 33.19979 ], [ -117.08427, 33.19938 ], [ -117.08474, 33.19882 ], [ -117.08444, 33.19839 ], [ -117.08474, 33.19806 ], [ -117.08468, 33.19361 ], [ -117.08364, 33.19121 ], [ -117.08392, 33.18715 ], [ -117.08359, 33.184 ], [ -117.08424, 33.18176 ], [ -117.08463, 33.17821 ], [ -117.08343, 33.17505 ], [ -117.08475, 33.17466 ], [ -117.08445, 33.17669 ], [ -117.08418, 33.17672 ], [ -117.08529, 33.17943 ], [ -117.0856, 33.17949 ], [ -117.08647, 33.17483 ], [ -117.08587, 33.17476 ], [ -117.08574, 33.17438 ], [ -117.08734, 33.17393 ], [ -117.08756, 33.17445 ], [ -117.08779, 33.17433 ], [ -117.08759, 33.17386 ], [ -117.08785, 33.17378 ], [ -117.08802, 33.1742 ], [ -117.08825, 33.17407 ], [ -117.0881, 33.17371 ], [ -117.08902, 33.17344 ], [ -117.08869, 33.17454 ], [ -117.08977, 33.17454 ], [ -117.09057, 33.17594 ], [ -117.09273, 33.17533 ], [ -117.09273, 33.1764 ], [ -117.09481, 33.1764 ], [ -117.09499, 33.17453 ], [ -117.09272, 33.17455 ], [ -117.09272, 33.17091 ], [ -117.09711, 33.1709 ], [ -117.09708, 33.16732 ], [ -117.09282, 33.16755 ], [ -117.0928, 33.16359 ], [ -117.10147, 33.16357 ], [ -117.10142, 33.16741 ], [ -117.10829, 33.16741 ], [ -117.12558, 33.19736 ], [ -117.12335, 33.19845 ], [ -117.11988, 33.19921 ], [ -117.11905, 33.19992 ], [ -117.11845, 33.20159 ], [ -117.11783, 33.20227 ], [ -117.11641, 33.20315 ], [ -117.11244, 33.20435 ], [ -117.1114, 33.205 ], [ -117.10809, 33.21067 ], [ -117.10857, 33.21127 ], [ -117.10879, 33.21295 ], [ -117.11027, 33.21463 ], [ -117.11049, 33.21555 ], [ -117.10911, 33.21556 ], [ -117.10798, 33.21516 ], [ -117.10609, 33.21537 ], [ -117.10571, 33.21586 ], [ -117.10568, 33.21685 ], [ -117.10507, 33.21752 ], [ -117.10366, 33.21858 ], [ -117.10189, 33.21901 ], [ -117.10176, 33.22073 ], [ -117.10122, 33.22127 ], [ -117.09842, 33.22135 ], [ -117.09624, 33.22082 ], [ -117.09531, 33.2194 ], [ -117.09531, 33.21743 ], [ -117.09428, 33.21718 ], [ -117.09174, 33.21714 ], [ -117.09059, 33.21776 ], [ -117.08966, 33.21986 ], [ -117.08976, 33.22081 ], [ -117.08945, 33.22169 ], [ -117.08878, 33.22233 ], [ -117.07689, 33.2206 ], [ -117.07418, 33.21972 ], [ -117.07213, 33.21796 ], [ -117.07119, 33.21583 ] ] ] } },
{ "type": "Feature", "properties": { "police_beat": 366 }, "geometry": { "type": "MultiPolygon", "coordinates": [ [ [ [ -117.09914, 33.1465 ], [ -117.09917, 33.14747 ], [ -117.09837, 33.14741 ], [ -117.09835, 33.14651 ], [ -117.09914, 33.1465 ] ] ], [ [ [ -117.0998, 33.14975 ], [ -117.09981, 33.15028 ], [ -117.09953, 33.15029 ], [ -117.09934, 33.14926 ], [ -117.10056, 33.14924 ], [ -117.10057, 33.14974 ], [ -117.0998, 33.14975 ] ] ], [ [ [ -117.10094, 33.15108 ], [ -117.10169, 33.15105 ], [ -117.10171, 33.15202 ], [ -117.10064, 33.15201 ], [ -117.10094, 33.15108 ] ] ], [ [ [ -117.10682, 33.15099 ], [ -117.10686, 33.15276 ], [ -117.10474, 33.15273 ], [ -117.10477, 33.15183 ], [ -117.10595, 33.15181 ], [ -117.10592, 33.15099 ], [ -117.10682, 33.15099 ] ] ], [ [ [ -117.1028, 33.1524 ], [ -117.10281, 33.15162 ], [ -117.10356, 33.15161 ], [ -117.10352, 33.1524 ], [ -117.1028, 33.1524 ] ] ], [ [ [ -117.10207, 33.15295 ], [ -117.10174, 33.15296 ], [ -117.10173, 33.15263 ], [ -117.10207, 33.15262 ], [ -117.10207, 33.15295 ] ] ], [ [ [ -117.09769, 33.1484 ], [ -117.09673, 33.14841 ], [ -117.09683, 33.14764 ], [ -117.09765, 33.1475 ], [ -117.09769, 33.1484 ] ] ], [ [ [ -117.0992, 33.14852 ], [ -117.09922, 33.14927 ], [ -117.09759, 33.14928 ], [ -117.0974, 33.15024 ], [ -117.09608, 33.15052 ], [ -117.0965, 33.14857 ], [ -117.0992, 33.14852 ] ] ], [ [ [ -117.08252, 33.16154 ], [ -117.08184, 33.16069 ], [ -117.0861, 33.15822 ], [ -117.08419, 33.15585 ], [ -117.08345, 33.15627 ], [ -117.08403, 33.157 ], [ -117.08325, 33.15744 ], [ -117.08175, 33.15556 ], [ -117.0789, 33.15722 ], [ -117.07777, 33.15582 ], [ -117.07817, 33.15559 ], [ -117.07739, 33.15394 ], [ -117.07973, 33.15349 ], [ -117.08017, 33.15285 ], [ -117.08162, 33.15258 ], [ -117.08388, 33.15113 ], [ -117.08477, 33.14962 ], [ -117.08398, 33.14924 ], [ -117.08456, 33.14763 ], [ -117.08403, 33.14729 ], [ -117.08378, 33.14653 ], [ -117.08665, 33.14502 ], [ -117.08667, 33.14545 ], [ -117.08729, 33.1454 ], [ -117.08733, 33.14568 ], [ -117.08695, 33.14573 ], [ -117.08699, 33.14601 ], [ -117.08738, 33.14596 ], [ -117.08744, 33.14659 ], [ -117.08622, 33.14672 ], [ -117.08645, 33.14807 ], [ -117.08553, 33.14819 ], [ -117.08565, 33.14898 ], [ -117.0866, 33.14889 ], [ -117.08721, 33.15268 ], [ -117.08622, 33.15279 ], [ -117.08647, 33.15431 ], [ -117.0833, 33.15467 ], [ -117.08245, 33.15506 ], [ -117.08294, 33.15565 ], [ -117.08357, 33.15527 ], [ -117.08392, 33.15569 ], [ -117.08478, 33.15532 ], [ -117.08533, 33.15598 ], [ -117.08496, 33.15525 ], [ -117.08518, 33.15516 ], [ -117.08624, 33.1567 ], [ -117.08658, 33.15658 ], [ -117.08708, 33.15754 ], [ -117.08671, 33.15673 ], [ -117.0877, 33.15635 ], [ -117.08822, 33.15886 ], [ -117.08676, 33.15906 ], [ -117.08742, 33.15987 ], [ -117.08727, 33.16036 ], [ -117.08654, 33.16039 ], [ -117.08392, 33.16207 ], [ -117.08321, 33.16116 ], [ -117.08252, 33.16154 ] ] ], [ [ [ -117.09492, 33.15429 ], [ -117.09739, 33.15473 ], [ -117.09738, 33.15507 ], [ -117.09847, 33.15506 ], [ -117.09851, 33.15444 ], [ -117.10034, 33.1565 ], [ -117.09734, 33.15653 ], [ -117.09631, 33.15615 ], [ -117.0963, 33.15654 ], [ -117.09424, 33.15651 ], [ -117.09492, 33.15429 ] ] ], [ [ [ -117.08018, 33.16018 ], [ -117.0791, 33.16062 ], [ -117.07869, 33.16014 ], [ -117.07971, 33.15961 ], [ -117.08018, 33.16018 ] ] ], [ [ [ -117.06701, 33.17082 ], [ -117.05841, 33.17062 ], [ -117.05853, 33.16691 ], [ -117.05248, 33.16692 ], [ -117.05294, 33.16633 ], [ -117.05238, 33.16484 ], [ -117.05231, 33.16327 ], [ -117.0738, 33.16347 ], [ -117.07405, 33.16453 ], [ -117.07452, 33.16482 ], [ -117.07613, 33.16411 ], [ -117.07616, 33.16598 ], [ -117.07719, 33.16598 ], [ -117.0772, 33.16722 ], [ -117.0792, 33.1673 ], [ -117.07988, 33.16907 ], [ -117.08106, 33.16908 ], [ -117.0835, 33.17502 ], [ -117.08387, 33.17492 ], [ -117.08343, 33.17505 ], [ -117.08462, 33.17808 ], [ -117.08424, 33.18175 ], [ -117.08359, 33.184 ], [ -117.08392, 33.18715 ], [ -117.08364, 33.19118 ], [ -117.08468, 33.19361 ], [ -117.08474, 33.19806 ], [ -117.08444, 33.19839 ], [ -117.08474, 33.19882 ], [ -117.08427, 33.19938 ], [ -117.08498, 33.19979 ], [ -117.08478, 33.20037 ], [ -117.08533, 33.20071 ], [ -117.08544, 33.2018 ], [ -117.08626, 33.20223 ], [ -117.0858, 33.20325 ], [ -117.08611, 33.20378 ], [ -117.08582, 33.20441 ], [ -117.08638, 33.2056 ], [ -117.08604, 33.20611 ], [ -117.08616, 33.20684 ], [ -117.08548, 33.20722 ], [ -117.08493, 33.20375 ], [ -117.07638, 33.20345 ], [ -117.07576, 33.19623 ], [ -117.07137, 33.19611 ], [ -117.07137, 33.19257 ], [ -117.06697, 33.19248 ], [ -117.06701, 33.17082 ] ] ] ] } },
{ "type": "Feature", "properties": { "police_beat": 367 }, "geometry": { "type": "Polygon", "coordinates": [ [ [ -117.15814, 33.18308 ], [ -117.16197, 33.1746 ], [ -117.16197, 33.17405 ], [ -117.16391, 33.17428 ], [ -117.16392, 33.17565 ], [ -117.16608, 33.17565 ], [ -117.16603, 33.17464 ], [ -117.16813, 33.17565 ], [ -117.17483, 33.17564 ], [ -117.17432, 33.17497 ], [ -117.17405, 33.17506 ], [ -117.17364, 33.17421 ], [ -117.17541, 33.17436 ], [ -117.17717, 33.17312 ], [ -117.18072, 33.17327 ], [ -117.18032, 33.17542 ], [ -117.17973, 33.17633 ], [ -117.17601, 33.17689 ], [ -117.17668, 33.17818 ], [ -117.17631, 33.17884 ], [ -117.17548, 33.17927 ], [ -117.17559, 33.18015 ], [ -117.17612, 33.18125 ], [ -117.17792, 33.18288 ], [ -117.17626, 33.18238 ], [ -117.17435, 33.18287 ], [ -117.15814, 33.18308 ] ] ] } },
{ "type": "Feature", "properties": { "police_beat": 369 }, "geometry": { "type": "MultiPolygon", "coordinates": [ [ [ [ -116.94635, 33.0874 ], [ -116.94531, 33.08741 ], [ -116.94526, 33.08369 ], [ -116.94628, 33.08373 ], [ -116.94627, 33.08265 ], [ -116.95482, 33.08262 ], [ -116.95485, 33.08395 ], [ -116.9541, 33.08396 ], [ -116.95416, 33.08577 ], [ -116.95497, 33.08589 ], [ -116.95495, 33.08774 ], [ -116.95064, 33.08775 ], [ -116.9508, 33.09519 ], [ -116.94645, 33.0951 ], [ -116.94635, 33.0874 ] ] ], [ [ [ -116.89271, 33.11201 ], [ -116.89294, 33.11124 ], [ -116.89313, 33.09578 ], [ -116.89288, 33.09018 ], [ -116.89438, 33.09017 ], [ -116.89606, 33.09164 ], [ -116.89721, 33.09194 ], [ -116.89748, 33.09156 ], [ -116.89729, 33.0886 ], [ -116.89786, 33.08792 ], [ -116.90057, 33.08822 ], [ -116.90245, 33.08967 ], [ -116.90456, 33.08923 ], [ -116.90546, 33.08975 ], [ -116.90557, 33.09088 ], [ -116.90967, 33.0906 ], [ -116.92761, 33.09148 ], [ -116.93229, 33.09121 ], [ -116.93227, 33.09507 ], [ -116.9417, 33.09509 ], [ -116.94151, 33.09872 ], [ -116.95495, 33.09883 ], [ -116.95511, 33.09368 ], [ -116.95702, 33.09363 ], [ -116.95935, 33.09291 ], [ -116.95952, 33.09139 ], [ -116.96238, 33.09133 ], [ -116.96132, 33.09388 ], [ -116.961, 33.10019 ], [ -116.95881, 33.1073 ], [ -116.95734, 33.10933 ], [ -116.95671, 33.11081 ], [ -116.9559, 33.11487 ], [ -116.95408, 33.11571 ], [ -116.95107, 33.1161 ], [ -116.95007, 33.11791 ], [ -116.94753, 33.12016 ], [ -116.94557, 33.12069 ], [ -116.94519, 33.12197 ], [ -116.94412, 33.1218 ], [ -116.9434, 33.1221 ], [ -116.94303, 33.12363 ], [ -116.94209, 33.12438 ], [ -116.89299, 33.12482 ], [ -116.89271, 33.11201 ] ] ] ] } },
{ "type": "Feature", "properties": { "police_beat": 371 }, "geometry": { "type": "Polygon", "coordinates": [ [ [ -117.1102, 33.14974 ], [ -117.10936, 33.14921 ], [ -117.1103, 33.14903 ], [ -117.11028, 33.1483 ], [ -117.10863, 33.14732 ], [ -117.1092, 33.14678 ], [ -117.10873, 33.14618 ], [ -117.10947, 33.14631 ], [ -117.1088, 33.14574 ], [ -117.10917, 33.1454 ], [ -117.10898, 33.14499 ], [ -117.10822, 33.14482 ], [ -117.1078, 33.14516 ], [ -117.10725, 33.14457 ], [ -117.10747, 33.1442 ], [ -117.10713, 33.14234 ], [ -117.10638, 33.14159 ], [ -117.10787, 33.14024 ], [ -117.1066, 33.13905 ], [ -117.10923, 33.13677 ], [ -117.10944, 33.13698 ], [ -117.10998, 33.13658 ], [ -117.1096, 33.13623 ], [ -117.10911, 33.13659 ], [ -117.10852, 33.13604 ], [ -117.10751, 33.13643 ], [ -117.10408, 33.13348 ], [ -117.10605, 33.13202 ], [ -117.10616, 33.13153 ], [ -117.10469, 33.13089 ], [ -117.10336, 33.12974 ], [ -117.10338, 33.12931 ], [ -117.10399, 33.12957 ], [ -117.10433, 33.12902 ], [ -117.10344, 33.12851 ], [ -117.10381, 33.12841 ], [ -117.10471, 33.12688 ], [ -117.11268, 33.13015 ], [ -117.11029, 33.13382 ], [ -117.11017, 33.13452 ], [ -117.11101, 33.13393 ], [ -117.11209, 33.13396 ], [ -117.11231, 33.13488 ], [ -117.11365, 33.13274 ], [ -117.11542, 33.13349 ], [ -117.11457, 33.13488 ], [ -117.11531, 33.13513 ], [ -117.11547, 33.13557 ], [ -117.11569, 33.13537 ], [ -117.11636, 33.13566 ], [ -117.11655, 33.13603 ], [ -117.1158, 33.13725 ], [ -117.1146, 33.13725 ], [ -117.11587, 33.1384 ], [ -117.11658, 33.13832 ], [ -117.11571, 33.13931 ], [ -117.11444, 33.13982 ], [ -117.1126, 33.14127 ], [ -117.12217, 33.14708 ], [ -117.12207, 33.14975 ], [ -117.11901, 33.14795 ], [ -117.1185, 33.14855 ], [ -117.11799, 33.14824 ], [ -117.1167, 33.14978 ], [ -117.11519, 33.14888 ], [ -117.1139, 33.15044 ], [ -117.11476, 33.15095 ], [ -117.11473, 33.15261 ], [ -117.11041, 33.15271 ], [ -117.1102, 33.14974 ] ] ] } },
{ "type": "Feature", "properties": { "police_beat": 372 }, "geometry": { "type": "Polygon", "coordinates": [ [ [ -116.9434, 33.1221 ], [ -116.94412, 33.1218 ], [ -116.94519, 33.12197 ], [ -116.94557, 33.12069 ], [ -116.94753, 33.12016 ], [ -116.95007, 33.11791 ], [ -116.95107, 33.1161 ], [ -116.95408, 33.11571 ], [ -116.9559, 33.11487 ], [ -116.95671, 33.11081 ], [ -116.95734, 33.10933 ], [ -116.95881, 33.1073 ], [ -116.961, 33.10019 ], [ -116.96132, 33.09388 ], [ -116.96238, 33.09133 ], [ -116.96372, 33.0913 ], [ -116.96374, 33.10593 ], [ -116.96774, 33.10561 ], [ -116.98096, 33.10542 ], [ -116.98097, 33.10899 ], [ -116.99399, 33.10914 ], [ -116.99411, 33.11282 ], [ -117.00279, 33.11275 ], [ -117.00285, 33.11641 ], [ -116.99863, 33.11653 ], [ -116.99917, 33.12375 ], [ -116.98087, 33.12362 ], [ -116.94209, 33.12438 ], [ -116.94284, 33.12385 ], [ -116.9434, 33.1221 ] ] ] } },
{ "type": "Feature", "properties": { "police_beat": 373 }, "geometry": { "type": "MultiPolygon", "coordinates": [ [ [ [ -117.20837, 33.12759 ], [ -117.20388, 33.12767 ], [ -117.20388, 33.12937 ], [ -117.20266, 33.1304 ], [ -117.20054, 33.13056 ], [ -117.19597, 33.12686 ], [ -117.19516, 33.12042 ], [ -117.19033, 33.12042 ], [ -117.19035, 33.11496 ], [ -117.20817, 33.11498 ], [ -117.20815, 33.10878 ], [ -117.2092, 33.10878 ], [ -117.20951, 33.10954 ], [ -117.21682, 33.10968 ], [ -117.21684, 33.1133 ], [ -117.22664, 33.11338 ], [ -117.22536, 33.11009 ], [ -117.22536, 33.10859 ], [ -117.22635, 33.10861 ], [ -117.22654, 33.10984 ], [ -117.22722, 33.10984 ], [ -117.22743, 33.1109 ], [ -117.22788, 33.11091 ], [ -117.22793, 33.11118 ], [ -117.22735, 33.11134 ], [ -117.22763, 33.11215 ], [ -117.22835, 33.11278 ], [ -117.22807, 33.11303 ], [ -117.2283, 33.1136 ], [ -117.22976, 33.11358 ], [ -117.22982, 33.11772 ], [ -117.22667, 33.11773 ], [ -117.22666, 33.11704 ], [ -117.22553, 33.11708 ], [ -117.2238, 33.11845 ], [ -117.22448, 33.11926 ], [ -117.22557, 33.11936 ], [ -117.22559, 33.12071 ], [ -117.2213, 33.12063 ], [ -117.22115, 33.12003 ], [ -117.21576, 33.12476 ], [ -117.21735, 33.12603 ], [ -117.21283, 33.13003 ], [ -117.21246, 33.13001 ], [ -117.212, 33.12937 ], [ -117.21183, 33.12952 ], [ -117.21124, 33.12878 ], [ -117.2083, 33.13135 ], [ -117.20837, 33.12759 ] ] ], [ [ [ -117.22131, 33.13866 ], [ -117.21996, 33.13865 ], [ -117.22129, 33.13692 ], [ -117.22131, 33.13866 ] ] ] ] } },
{ "type": "Feature", "properties": { "police_beat": 375 }, "geometry": { "type": "Polygon", "coordinates": [ [ [ -117.12324, 33.12714 ], [ -117.12274, 33.12707 ], [ -117.12257, 33.12734 ], [ -117.12079, 33.12556 ], [ -117.12077, 33.12393 ], [ -117.12245, 33.12392 ], [ -117.12321, 33.12154 ], [ -117.12533, 33.12154 ], [ -117.12532, 33.1203 ], [ -117.12661, 33.1203 ], [ -117.12649, 33.11927 ], [ -117.12743, 33.11918 ], [ -117.12742, 33.11846 ], [ -117.12655, 33.11847 ], [ -117.12635, 33.11787 ], [ -117.12578, 33.11789 ], [ -117.12576, 33.11664 ], [ -117.12509, 33.11667 ], [ -117.12512, 33.11604 ], [ -117.12714, 33.11603 ], [ -117.12602, 33.11441 ], [ -117.12419, 33.11301 ], [ -117.12348, 33.11205 ], [ -117.123, 33.10961 ], [ -117.12013, 33.10939 ], [ -117.12209, 33.10656 ], [ -117.12228, 33.10436 ], [ -117.12357, 33.1026 ], [ -117.12414, 33.10034 ], [ -117.12666, 33.09974 ], [ -117.12761, 33.09919 ], [ -117.13053, 33.09975 ], [ -117.13366, 33.09973 ], [ -117.13756, 33.0987 ], [ -117.13854, 33.09763 ], [ -117.13861, 33.09637 ], [ -117.13714, 33.09478 ], [ -117.13643, 33.09166 ], [ -117.13794, 33.08905 ], [ -117.13854, 33.08877 ], [ -117.14004, 33.08903 ], [ -117.14173, 33.08857 ], [ -117.1441, 33.08758 ], [ -117.14547, 33.08737 ], [ -117.14818, 33.08593 ], [ -117.15195, 33.08615 ], [ -117.15393, 33.08529 ], [ -117.15479, 33.08419 ], [ -117.15513, 33.08221 ], [ -117.15673, 33.07899 ], [ -117.16077, 33.07676 ], [ -117.16406, 33.07378 ], [ -117.16346, 33.07291 ], [ -117.1626, 33.0725 ], [ -117.16365, 33.07236 ], [ -117.16437, 33.07153 ], [ -117.16543, 33.07108 ], [ -117.16791, 33.07124 ], [ -117.16942, 33.07058 ], [ -117.16977, 33.06988 ], [ -117.16959, 33.06863 ], [ -117.17014, 33.06683 ], [ -117.17127, 33.06587 ], [ -117.17214, 33.06457 ], [ -117.17205, 33.06206 ], [ -117.17569, 33.06042 ], [ -117.17994, 33.06028 ], [ -117.18041, 33.06375 ], [ -117.18097, 33.06411 ], [ -117.1806, 33.06545 ], [ -117.18219, 33.06659 ], [ -117.18373, 33.06686 ], [ -117.18346, 33.0677 ], [ -117.18471, 33.06804 ], [ -117.18557, 33.06793 ], [ -117.18572, 33.06829 ], [ -117.18525, 33.06869 ], [ -117.18559, 33.07065 ], [ -117.18819, 33.06942 ], [ -117.18937, 33.06835 ], [ -117.19011, 33.06886 ], [ -117.19051, 33.06997 ], [ -117.1922, 33.0698 ], [ -117.19349, 33.07064 ], [ -117.19422, 33.07065 ], [ -117.19473, 33.07031 ], [ -117.19552, 33.0689 ], [ -117.19577, 33.06758 ], [ -117.19792, 33.06937 ], [ -117.19786, 33.07294 ], [ -117.19575, 33.07289 ], [ -117.19569, 33.08043 ], [ -117.19861, 33.08043 ], [ -117.19922, 33.07966 ], [ -117.19883, 33.0795 ], [ -117.19929, 33.07918 ], [ -117.20046, 33.07911 ], [ -117.20097, 33.07956 ], [ -117.20047, 33.08043 ], [ -117.19954, 33.08043 ], [ -117.20029, 33.08073 ], [ -117.19941, 33.08154 ], [ -117.19939, 33.08403 ], [ -117.19071, 33.08405 ], [ -117.19065, 33.09493 ], [ -117.18306, 33.09493 ], [ -117.18312, 33.0958 ], [ -117.18203, 33.0955 ], [ -117.18036, 33.09578 ], [ -117.17969, 33.09508 ], [ -117.17963, 33.09537 ], [ -117.17815, 33.09618 ], [ -117.17875, 33.09606 ], [ -117.17855, 33.09776 ], [ -117.17788, 33.09761 ], [ -117.17721, 33.09802 ], [ -117.17727, 33.10064 ], [ -117.1738, 33.10072 ], [ -117.17271, 33.10245 ], [ -117.17066, 33.10245 ], [ -117.17071, 33.09862 ], [ -117.16572, 33.09858 ], [ -117.1657, 33.10002 ], [ -117.16237, 33.09999 ], [ -117.16237, 33.1023 ], [ -117.15624, 33.10216 ], [ -117.15597, 33.11322 ], [ -117.13972, 33.11296 ], [ -117.13972, 33.12744 ], [ -117.13187, 33.12747 ], [ -117.13189, 33.12561 ], [ -117.13415, 33.12561 ], [ -117.13416, 33.12386 ], [ -117.12751, 33.12395 ], [ -117.12746, 33.12633 ], [ -117.12703, 33.12709 ], [ -117.12606, 33.12759 ], [ -117.12325, 33.12786 ], [ -117.12324, 33.12714 ] ] ] } },
{ "type": "Feature", "properties": { "police_beat": 376 }, "geometry": { "type": "Polygon", "coordinates": [ [ [ -117.11764, 33.10304 ], [ -117.11762, 33.10135 ], [ -117.11872, 33.10136 ], [ -117.11884, 33.09667 ], [ -117.121, 33.09665 ], [ -117.12097, 33.09847 ], [ -117.12314, 33.09846 ], [ -117.12313, 33.08756 ], [ -117.13958, 33.08754 ], [ -117.13956, 33.08391 ], [ -117.13632, 33.08387 ], [ -117.13631, 33.08017 ], [ -117.12031, 33.08022 ], [ -117.12231, 33.06773 ], [ -117.12394, 33.06517 ], [ -117.1245, 33.06112 ], [ -117.12421, 33.05986 ], [ -117.12259, 33.05793 ], [ -117.12251, 33.05603 ], [ -117.12514, 33.05623 ], [ -117.12659, 33.05483 ], [ -117.12769, 33.05482 ], [ -117.12769, 33.05553 ], [ -117.12869, 33.05553 ], [ -117.12869, 33.05792 ], [ -117.12906, 33.05785 ], [ -117.12972, 33.05842 ], [ -117.13033, 33.05825 ], [ -117.13192, 33.05865 ], [ -117.13305, 33.05819 ], [ -117.13412, 33.05974 ], [ -117.13516, 33.05945 ], [ -117.13515, 33.05662 ], [ -117.13623, 33.05661 ], [ -117.13623, 33.05751 ], [ -117.1373, 33.0575 ], [ -117.1373, 33.05841 ], [ -117.1406, 33.05837 ], [ -117.14059, 33.05655 ], [ -117.14182, 33.05654 ], [ -117.14183, 33.05835 ], [ -117.14388, 33.05833 ], [ -117.14392, 33.065 ], [ -117.14424, 33.06556 ], [ -117.152, 33.06482 ], [ -117.15503, 33.06335 ], [ -117.15733, 33.06424 ], [ -117.16114, 33.06284 ], [ -117.16414, 33.06244 ], [ -117.16673, 33.06354 ], [ -117.17127, 33.06383 ], [ -117.17224, 33.06417 ], [ -117.17127, 33.06587 ], [ -117.17014, 33.06683 ], [ -117.16959, 33.06863 ], [ -117.16977, 33.06988 ], [ -117.16942, 33.07058 ], [ -117.16791, 33.07124 ], [ -117.16543, 33.07108 ], [ -117.16437, 33.07153 ], [ -117.16365, 33.07236 ], [ -117.1626, 33.0725 ], [ -117.16346, 33.07291 ], [ -117.16406, 33.07378 ], [ -117.16077, 33.07676 ], [ -117.15674, 33.07898 ], [ -117.15513, 33.08221 ], [ -117.15479, 33.08419 ], [ -117.15387, 33.08534 ], [ -117.15195, 33.08615 ], [ -117.14818, 33.08593 ], [ -117.14547, 33.08737 ], [ -117.1441, 33.08758 ], [ -117.14173, 33.08857 ], [ -117.14003, 33.08903 ], [ -117.13854, 33.08877 ], [ -117.13796, 33.08903 ], [ -117.13643, 33.09166 ], [ -117.13714, 33.09478 ], [ -117.13861, 33.09637 ], [ -117.13854, 33.09763 ], [ -117.13756, 33.0987 ], [ -117.13366, 33.09973 ], [ -117.13053, 33.09975 ], [ -117.12761, 33.09919 ], [ -117.12661, 33.09975 ], [ -117.12434, 33.10016 ], [ -117.12355, 33.10266 ], [ -117.1223, 33.1043 ], [ -117.12212, 33.10648 ], [ -117.12145, 33.10749 ], [ -117.12066, 33.10669 ], [ -117.119, 33.10626 ], [ -117.11921, 33.10579 ], [ -117.11779, 33.10446 ], [ -117.11863, 33.10303 ], [ -117.11764, 33.10304 ] ] ] } },
{ "type": "Feature", "properties": { "police_beat": 377 }, "geometry": { "type": "Polygon", "coordinates": [ [ [ -117.11488, 33.08236 ], [ -117.11475, 33.08021 ], [ -117.11442, 33.07992 ], [ -117.11513, 33.07965 ], [ -117.11607, 33.07809 ], [ -117.11763, 33.07749 ], [ -117.1181, 33.07695 ], [ -117.11813, 33.07082 ], [ -117.12019, 33.06622 ], [ -117.12015, 33.06509 ], [ -117.1193, 33.06419 ], [ -117.12013, 33.06256 ], [ -117.11886, 33.06214 ], [ -117.1189, 33.06113 ], [ -117.11808, 33.06025 ], [ -117.11907, 33.05802 ], [ -117.1176, 33.05619 ], [ -117.11843, 33.05566 ], [ -117.11799, 33.05482 ], [ -117.12212, 33.05482 ], [ -117.12249, 33.05584 ], [ -117.12258, 33.05789 ], [ -117.12422, 33.05988 ], [ -117.1245, 33.06115 ], [ -117.12394, 33.06517 ], [ -117.12231, 33.06774 ], [ -117.12047, 33.08022 ], [ -117.11975, 33.08279 ], [ -117.11888, 33.08399 ], [ -117.11889, 33.08755 ], [ -117.11517, 33.08756 ], [ -117.11446, 33.08947 ], [ -117.11324, 33.08943 ], [ -117.11404, 33.08822 ], [ -117.11488, 33.08236 ] ] ] } },
{ "type": "Feature", "properties": { "police_beat": 378 }, "geometry": { "type": "MultiPolygon", "coordinates": [ [ [ [ -117.09213, 33.09794 ], [ -117.08821, 33.09719 ], [ -117.08555, 33.09422 ], [ -117.08562, 33.09302 ], [ -117.08645, 33.09317 ], [ -117.08725, 33.09014 ], [ -117.08545, 33.0898 ], [ -117.08587, 33.08905 ], [ -117.08515, 33.08892 ], [ -117.08463, 33.08797 ], [ -117.08446, 33.08688 ], [ -117.08496, 33.08696 ], [ -117.08493, 33.08669 ], [ -117.08443, 33.08661 ], [ -117.0844, 33.08438 ], [ -117.08357, 33.08321 ], [ -117.08232, 33.08312 ], [ -117.0811, 33.08787 ], [ -117.07899, 33.08749 ], [ -117.07877, 33.08796 ], [ -117.08052, 33.08977 ], [ -117.08095, 33.08846 ], [ -117.08507, 33.08922 ], [ -117.08463, 33.09099 ], [ -117.0791, 33.09 ], [ -117.07846, 33.08923 ], [ -117.07756, 33.08906 ], [ -117.0784, 33.08936 ], [ -117.07828, 33.08993 ], [ -117.07731, 33.08976 ], [ -117.0772, 33.09022 ], [ -117.07668, 33.09014 ], [ -117.07638, 33.09135 ], [ -117.07312, 33.09078 ], [ -117.07293, 33.09022 ], [ -117.07353, 33.09021 ], [ -117.07417, 33.08971 ], [ -117.07279, 33.0895 ], [ -117.07149, 33.08336 ], [ -117.07161, 33.08163 ], [ -117.0722, 33.08067 ], [ -117.0703, 33.07527 ], [ -117.07351, 33.0759 ], [ -117.07305, 33.07733 ], [ -117.07279, 33.0773 ], [ -117.07501, 33.07874 ], [ -117.07529, 33.07623 ], [ -117.07987, 33.07709 ], [ -117.08095, 33.07598 ], [ -117.07927, 33.0749 ], [ -117.07893, 33.07293 ], [ -117.08277, 33.07303 ], [ -117.08332, 33.0733 ], [ -117.08394, 33.07314 ], [ -117.08455, 33.07219 ], [ -117.08494, 33.07243 ], [ -117.08499, 33.07198 ], [ -117.08607, 33.07189 ], [ -117.08607, 33.0716 ], [ -117.08737, 33.07192 ], [ -117.08734, 33.07262 ], [ -117.08685, 33.07299 ], [ -117.08723, 33.07438 ], [ -117.08692, 33.07524 ], [ -117.08714, 33.07513 ], [ -117.08808, 33.07148 ], [ -117.08916, 33.07157 ], [ -117.09053, 33.05865 ], [ -117.09167, 33.05921 ], [ -117.09164, 33.05979 ], [ -117.09559, 33.06127 ], [ -117.09575, 33.06156 ], [ -117.09538, 33.06198 ], [ -117.09532, 33.06297 ], [ -117.09466, 33.06338 ], [ -117.09472, 33.06364 ], [ -117.09694, 33.0634 ], [ -117.0973, 33.06373 ], [ -117.09721, 33.06435 ], [ -117.09786, 33.06422 ], [ -117.09845, 33.06454 ], [ -117.09909, 33.06712 ], [ -117.09859, 33.06733 ], [ -117.09868, 33.06762 ], [ -117.09995, 33.06782 ], [ -117.10013, 33.06824 ], [ -117.10074, 33.06823 ], [ -117.10117, 33.06894 ], [ -117.10325, 33.06971 ], [ -117.10542, 33.07191 ], [ -117.10591, 33.07386 ], [ -117.10684, 33.07312 ], [ -117.11475, 33.08021 ], [ -117.11488, 33.08237 ], [ -117.11402, 33.08833 ], [ -117.11324, 33.08943 ], [ -117.11446, 33.08947 ], [ -117.11483, 33.0914 ], [ -117.11472, 33.09255 ], [ -117.114, 33.09368 ], [ -117.11272, 33.0947 ], [ -117.11166, 33.09469 ], [ -117.11194, 33.0919 ], [ -117.11054, 33.0917 ], [ -117.11059, 33.09468 ], [ -117.10935, 33.09468 ], [ -117.10955, 33.09318 ], [ -117.11044, 33.09304 ], [ -117.10832, 33.09236 ], [ -117.1083, 33.09105 ], [ -117.10254, 33.09106 ], [ -117.10447, 33.08319 ], [ -117.10505, 33.08233 ], [ -117.10416, 33.08139 ], [ -117.10347, 33.0809 ], [ -117.10331, 33.08153 ], [ -117.10148, 33.08115 ], [ -117.10138, 33.08156 ], [ -117.1003, 33.08135 ], [ -117.10038, 33.08095 ], [ -117.09787, 33.08048 ], [ -117.09723, 33.0797 ], [ -117.09656, 33.07973 ], [ -117.09637, 33.0802 ], [ -117.09315, 33.0796 ], [ -117.09332, 33.07898 ], [ -117.09231, 33.07898 ], [ -117.09174, 33.08116 ], [ -117.0935, 33.08147 ], [ -117.09302, 33.08503 ], [ -117.09091, 33.08469 ], [ -117.08973, 33.089 ], [ -117.08849, 33.0891 ], [ -117.08861, 33.08864 ], [ -117.08786, 33.08777 ], [ -117.08739, 33.08963 ], [ -117.08947, 33.09 ], [ -117.08969, 33.09146 ], [ -117.08855, 33.09355 ], [ -117.09486, 33.0947 ], [ -117.09532, 33.09292 ], [ -117.09743, 33.09331 ], [ -117.09699, 33.09507 ], [ -117.09659, 33.095 ], [ -117.09636, 33.09591 ], [ -117.09677, 33.09597 ], [ -117.09692, 33.09537 ], [ -117.09799, 33.09588 ], [ -117.09814, 33.09529 ], [ -117.09914, 33.09546 ], [ -117.0989, 33.09637 ], [ -117.09792, 33.09619 ], [ -117.09771, 33.09707 ], [ -117.09866, 33.09724 ], [ -117.09823, 33.099 ], [ -117.09401, 33.09822 ], [ -117.09421, 33.09746 ], [ -117.09213, 33.09794 ] ] ], [ [ [ -117.10139, 33.09588 ], [ -117.10095, 33.09767 ], [ -117.10023, 33.09754 ], [ -117.10046, 33.09667 ], [ -117.09904, 33.09641 ], [ -117.09934, 33.0955 ], [ -117.10139, 33.09588 ] ] ], [ [ [ -117.0901, 33.10131 ], [ -117.09138, 33.10155 ], [ -117.09368, 33.1048 ], [ -117.09038, 33.10503 ], [ -117.09029, 33.10416 ], [ -117.09081, 33.10411 ], [ -117.09076, 33.10352 ], [ -117.09028, 33.10351 ], [ -117.0901, 33.10131 ] ] ] ] } },
{ "type": "Feature", "properties": { "police_beat": 379 }, "geometry": { "type": "MultiPolygon", "coordinates": [ [ [ [ -117.06191, 33.10559 ], [ -117.06148, 33.10546 ], [ -117.0619, 33.1054 ], [ -117.06194, 33.10464 ], [ -117.06161, 33.10453 ], [ -117.06179, 33.10392 ], [ -117.0615, 33.10204 ], [ -117.06356, 33.10174 ], [ -117.06347, 33.1014 ], [ -117.06526, 33.10123 ], [ -117.06511, 33.09961 ], [ -117.06463, 33.09966 ], [ -117.06437, 33.09794 ], [ -117.06324, 33.0974 ], [ -117.06362, 33.09675 ], [ -117.06276, 33.09769 ], [ -117.0605, 33.098 ], [ -117.06014, 33.09778 ], [ -117.06003, 33.09716 ], [ -117.05933, 33.09748 ], [ -117.05912, 33.09596 ], [ -117.05966, 33.09595 ], [ -117.05906, 33.09568 ], [ -117.05858, 33.09146 ], [ -117.05784, 33.09151 ], [ -117.05767, 33.09089 ], [ -117.05851, 33.09066 ], [ -117.05838, 33.08826 ], [ -117.05733, 33.08616 ], [ -117.06149, 33.08596 ], [ -117.06336, 33.0886 ], [ -117.06367, 33.08997 ], [ -117.06431, 33.09019 ], [ -117.06558, 33.09235 ], [ -117.06593, 33.09413 ], [ -117.06657, 33.09451 ], [ -117.06601, 33.09675 ], [ -117.0696, 33.09744 ], [ -117.06895, 33.09777 ], [ -117.06928, 33.09832 ], [ -117.06842, 33.09952 ], [ -117.06775, 33.09916 ], [ -117.06717, 33.09953 ], [ -117.0669, 33.10086 ], [ -117.06537, 33.101 ], [ -117.06539, 33.1013 ], [ -117.06484, 33.10135 ], [ -117.06489, 33.10176 ], [ -117.06359, 33.10186 ], [ -117.06405, 33.10428 ], [ -117.06527, 33.1041 ], [ -117.06536, 33.10448 ], [ -117.06598, 33.10438 ], [ -117.0666, 33.10555 ], [ -117.06214, 33.10639 ], [ -117.06191, 33.10559 ] ] ], [ [ [ -117.05032, 33.11601 ], [ -117.04994, 33.10921 ], [ -117.05047, 33.10745 ], [ -117.05162, 33.10591 ], [ -117.05409, 33.10404 ], [ -117.05517, 33.10236 ], [ -117.05868, 33.09887 ], [ -117.05929, 33.09776 ], [ -117.05967, 33.09778 ], [ -117.06041, 33.10025 ], [ -117.05928, 33.10095 ], [ -117.05838, 33.10264 ], [ -117.05944, 33.10302 ], [ -117.05918, 33.1035 ], [ -117.05967, 33.10366 ], [ -117.05994, 33.10319 ], [ -117.05963, 33.10265 ], [ -117.06014, 33.10265 ], [ -117.06035, 33.10396 ], [ -117.06002, 33.10394 ], [ -117.06006, 33.10503 ], [ -117.05889, 33.10534 ], [ -117.05833, 33.10594 ], [ -117.05902, 33.10582 ], [ -117.05988, 33.10874 ], [ -117.05852, 33.10982 ], [ -117.06035, 33.11158 ], [ -117.05972, 33.11204 ], [ -117.06006, 33.11236 ], [ -117.06137, 33.1115 ], [ -117.06148, 33.11194 ], [ -117.06106, 33.11227 ], [ -117.0614, 33.11269 ], [ -117.06244, 33.11303 ], [ -117.06211, 33.1134 ], [ -117.06229, 33.11422 ], [ -117.06402, 33.11462 ], [ -117.06374, 33.11495 ], [ -117.06382, 33.11552 ], [ -117.06483, 33.11543 ], [ -117.0664, 33.11607 ], [ -117.0651, 33.11663 ], [ -117.06478, 33.12049 ], [ -117.06172, 33.12164 ], [ -117.06197, 33.12221 ], [ -117.06148, 33.12238 ], [ -117.06106, 33.12132 ], [ -117.06032, 33.12095 ], [ -117.05972, 33.12121 ], [ -117.06005, 33.12175 ], [ -117.05913, 33.12213 ], [ -117.0589, 33.12177 ], [ -117.05759, 33.12237 ], [ -117.05723, 33.12177 ], [ -117.05791, 33.12146 ], [ -117.05715, 33.12055 ], [ -117.05653, 33.12083 ], [ -117.0567, 33.12154 ], [ -117.05521, 33.12176 ], [ -117.05529, 33.12209 ], [ -117.05385, 33.12255 ], [ -117.05362, 33.12199 ], [ -117.05294, 33.12223 ], [ -117.05188, 33.12039 ], [ -117.05154, 33.12129 ], [ -117.05043, 33.121 ], [ -117.04964, 33.12331 ], [ -117.04929, 33.12358 ], [ -117.04787, 33.12235 ], [ -117.05032, 33.11601 ] ] ] ] } },
{ "type": "Feature", "properties": { "police_beat": 380 }, "geometry": { "type": "Polygon", "coordinates": [ [ [ -117.0152, 33.12301 ], [ -117.01251, 33.12089 ], [ -117.0125, 33.11923 ], [ -117.01149, 33.11837 ], [ -117.01053, 33.11646 ], [ -117.01301, 33.11395 ], [ -117.01271, 33.11352 ], [ -117.02073, 33.10896 ], [ -117.02029, 33.10896 ], [ -117.02025, 33.10538 ], [ -117.02455, 33.10538 ], [ -117.02447, 33.0982 ], [ -117.02681, 33.09821 ], [ -117.02323, 33.09701 ], [ -117.02199, 33.09701 ], [ -117.02103, 33.09752 ], [ -117.02059, 33.09237 ], [ -117.02394, 33.09241 ], [ -117.02391, 33.09062 ], [ -117.02102, 33.09068 ], [ -117.02072, 33.09031 ], [ -117.02129, 33.08959 ], [ -117.02196, 33.08939 ], [ -117.02178, 33.08886 ], [ -117.02323, 33.08743 ], [ -117.02156, 33.08743 ], [ -117.02596, 33.08273 ], [ -117.02523, 33.08509 ], [ -117.02618, 33.08385 ], [ -117.0261, 33.08468 ], [ -117.02674, 33.08561 ], [ -117.02646, 33.08584 ], [ -117.02824, 33.08563 ], [ -117.02873, 33.08647 ], [ -117.02966, 33.08697 ], [ -117.03001, 33.08774 ], [ -117.03043, 33.08769 ], [ -117.03018, 33.08718 ], [ -117.03052, 33.08602 ], [ -117.0318, 33.0841 ], [ -117.03335, 33.08298 ], [ -117.03423, 33.08293 ], [ -117.03482, 33.08344 ], [ -117.03547, 33.08323 ], [ -117.03555, 33.08221 ], [ -117.03611, 33.08168 ], [ -117.03602, 33.08015 ], [ -117.0367, 33.07939 ], [ -117.03529, 33.07896 ], [ -117.03509, 33.07803 ], [ -117.03607, 33.07688 ], [ -117.03628, 33.07578 ], [ -117.03721, 33.07607 ], [ -117.03711, 33.07563 ], [ -117.03749, 33.07576 ], [ -117.03733, 33.0753 ], [ -117.03795, 33.07473 ], [ -117.03776, 33.07426 ], [ -117.0386, 33.07368 ], [ -117.04281, 33.07202 ], [ -117.04586, 33.0715 ], [ -117.05228, 33.07326 ], [ -117.05195, 33.07542 ], [ -117.05361, 33.07537 ], [ -117.05371, 33.07769 ], [ -117.05314, 33.07768 ], [ -117.05276, 33.0788 ], [ -117.05211, 33.07953 ], [ -117.05271, 33.07969 ], [ -117.05251, 33.08063 ], [ -117.05037, 33.08165 ], [ -117.05135, 33.08322 ], [ -117.05132, 33.0844 ], [ -117.04902, 33.08441 ], [ -117.04912, 33.0849 ], [ -117.05068, 33.08491 ], [ -117.05285, 33.08583 ], [ -117.0545, 33.08572 ], [ -117.05337, 33.08762 ], [ -117.05255, 33.08742 ], [ -117.05179, 33.08845 ], [ -117.05119, 33.08837 ], [ -117.05013, 33.08984 ], [ -117.04808, 33.08941 ], [ -117.04876, 33.09099 ], [ -117.04845, 33.09165 ], [ -117.04781, 33.09178 ], [ -117.04679, 33.09488 ], [ -117.04327, 33.09419 ], [ -117.04298, 33.09528 ], [ -117.04645, 33.09592 ], [ -117.04614, 33.097 ], [ -117.05136, 33.09699 ], [ -117.0517, 33.09651 ], [ -117.05126, 33.09577 ], [ -117.05151, 33.09483 ], [ -117.05095, 33.09425 ], [ -117.05146, 33.09341 ], [ -117.05145, 33.09245 ], [ -117.05077, 33.09231 ], [ -117.05155, 33.09168 ], [ -117.05249, 33.09018 ], [ -117.05464, 33.09147 ], [ -117.05388, 33.09275 ], [ -117.05487, 33.09332 ], [ -117.05449, 33.09459 ], [ -117.05647, 33.09496 ], [ -117.05527, 33.10224 ], [ -117.05404, 33.10408 ], [ -117.05122, 33.10632 ], [ -117.05023, 33.10804 ], [ -117.04994, 33.1098 ], [ -117.05033, 33.11596 ], [ -117.04855, 33.12059 ], [ -117.04542, 33.11952 ], [ -117.04419, 33.122 ], [ -117.04161, 33.12111 ], [ -117.04063, 33.12297 ], [ -117.03994, 33.12352 ], [ -117.03944, 33.1231 ], [ -117.03931, 33.12356 ], [ -117.03909, 33.1235 ], [ -117.03851, 33.12515 ], [ -117.03796, 33.1247 ], [ -117.03822, 33.12496 ], [ -117.03815, 33.12595 ], [ -117.03708, 33.12592 ], [ -117.03706, 33.12638 ], [ -117.0328, 33.12618 ], [ -117.02896, 33.12427 ], [ -117.02715, 33.12557 ], [ -117.02683, 33.12552 ], [ -117.02673, 33.12735 ], [ -117.02633, 33.12734 ], [ -117.02626, 33.12786 ], [ -117.02554, 33.12823 ], [ -117.02308, 33.12868 ], [ -117.021, 33.1283 ], [ -117.01797, 33.12853 ], [ -117.01741, 33.12861 ], [ -117.01714, 33.1292 ], [ -117.0152, 33.12301 ] ] ] } },
{ "type": "Feature", "properties": { "police_beat": 381 }, "geometry": { "type": "Polygon", "coordinates": [ [ [ -117.25361, 33.37666 ], [ -117.25353, 33.37282 ], [ -117.25112, 33.3696 ], [ -117.24968, 33.36542 ], [ -117.24922, 33.36096 ], [ -117.24758, 33.35833 ], [ -117.2621, 33.35841 ], [ -117.25969, 33.37673 ], [ -117.25361, 33.37666 ] ] ] } },
{ "type": "Feature", "properties": { "police_beat": 382 }, "geometry": { "type": "Polygon", "coordinates": [ [ [ -117.22778, 33.37654 ], [ -117.22768, 33.36926 ], [ -117.23631, 33.36924 ], [ -117.2363, 33.36558 ], [ -117.24932, 33.36565 ], [ -117.24968, 33.36542 ], [ -117.25118, 33.36971 ], [ -117.25351, 33.37278 ], [ -117.25361, 33.37666 ], [ -117.22778, 33.37654 ] ] ] } },
{ "type": "Feature", "properties": { "police_beat": 383 }, "geometry": { "type": "Polygon", "coordinates": [ [ [ -117.22755, 33.3601 ], [ -117.22808, 33.35892 ], [ -117.22897, 33.3584 ], [ -117.23093, 33.35801 ], [ -117.23397, 33.35447 ], [ -117.23541, 33.35341 ], [ -117.23908, 33.34965 ], [ -117.24427, 33.34934 ], [ -117.24651, 33.35365 ], [ -117.24724, 33.35775 ], [ -117.24921, 33.36093 ], [ -117.24968, 33.36542 ], [ -117.24932, 33.36565 ], [ -117.2363, 33.36558 ], [ -117.23631, 33.36924 ], [ -117.22768, 33.36926 ], [ -117.22755, 33.3601 ] ] ] } },
{ "type": "Feature", "properties": { "police_beat": 384 }, "geometry": { "type": "Polygon", "coordinates": [ [ [ -117.24067, 33.3911 ], [ -117.22787, 33.39121 ], [ -117.22761, 33.38558 ], [ -117.22781, 33.38203 ], [ -117.23101, 33.38252 ], [ -117.23276, 33.38199 ], [ -117.25897, 33.38214 ], [ -117.25776, 33.39137 ], [ -117.25359, 33.39124 ], [ -117.25301, 33.39098 ], [ -117.25272, 33.39075 ], [ -117.25238, 33.38753 ], [ -117.2481, 33.38749 ], [ -117.24813, 33.38933 ], [ -117.2492, 33.38934 ], [ -117.24909, 33.39117 ], [ -117.24446, 33.39108 ], [ -117.24423, 33.39289 ], [ -117.24067, 33.39295 ], [ -117.24067, 33.3911 ] ] ] } },
{ "type": "Feature", "properties": { "police_beat": 385 }, "geometry": { "type": "Polygon", "coordinates": [ [ [ -117.22778, 33.37654 ], [ -117.25969, 33.37673 ], [ -117.25897, 33.38214 ], [ -117.23276, 33.38199 ], [ -117.23101, 33.38252 ], [ -117.22781, 33.38203 ], [ -117.22778, 33.37654 ] ] ] } },
{ "type": "Feature", "properties": { "police_beat": 386 }, "geometry": { "type": "Polygon", "coordinates": [ [ [ -117.21449, 33.39124 ], [ -117.21455, 33.38754 ], [ -117.20849, 33.38756 ], [ -117.20791, 33.38667 ], [ -117.20827, 33.38566 ], [ -117.20828, 33.38355 ], [ -117.20764, 33.38242 ], [ -117.20998, 33.37984 ], [ -117.20987, 33.37543 ], [ -117.20839, 33.37265 ], [ -117.20851, 33.37128 ], [ -117.20799, 33.36945 ], [ -117.20837, 33.36786 ], [ -117.20809, 33.36646 ], [ -117.20999, 33.36804 ], [ -117.21294, 33.36915 ], [ -117.22768, 33.36926 ], [ -117.22783, 33.38853 ], [ -117.22698, 33.38908 ], [ -117.22495, 33.38962 ], [ -117.2202, 33.38907 ], [ -117.21921, 33.39012 ], [ -117.21703, 33.39152 ], [ -117.21449, 33.39124 ] ] ] } },
{ "type": "Feature", "properties": { "police_beat": 387 }, "geometry": { "type": "Polygon", "coordinates": [ [ [ -117.19555, 33.39179 ], [ -117.19311, 33.39221 ], [ -117.19187, 33.39167 ], [ -117.1884, 33.39105 ], [ -117.18314, 33.39052 ], [ -117.18191, 33.38965 ], [ -117.17976, 33.39022 ], [ -117.1786, 33.38992 ], [ -117.17694, 33.38712 ], [ -117.17448, 33.38714 ], [ -117.17415, 33.3837 ], [ -117.17311, 33.38024 ], [ -117.17141, 33.377 ], [ -117.16911, 33.37407 ], [ -117.17586, 33.37007 ], [ -117.17837, 33.36809 ], [ -117.18272, 33.36741 ], [ -117.19488, 33.36234 ], [ -117.19806, 33.36143 ], [ -117.20104, 33.36124 ], [ -117.20561, 33.36194 ], [ -117.20817, 33.36443 ], [ -117.20799, 33.36609 ], [ -117.20837, 33.36786 ], [ -117.20799, 33.36943 ], [ -117.20851, 33.37128 ], [ -117.20839, 33.37265 ], [ -117.20988, 33.37551 ], [ -117.20998, 33.37984 ], [ -117.20764, 33.38242 ], [ -117.20828, 33.38355 ], [ -117.20827, 33.38566 ], [ -117.20791, 33.38669 ], [ -117.20849, 33.38756 ], [ -117.21455, 33.38754 ], [ -117.21449, 33.39124 ], [ -117.21317, 33.39128 ], [ -117.21178, 33.39184 ], [ -117.20994, 33.39377 ], [ -117.20857, 33.39388 ], [ -117.20459, 33.39504 ], [ -117.20325, 33.39492 ], [ -117.19555, 33.39179 ] ] ] } },
{ "type": "Feature", "properties": { "police_beat": 388 }, "geometry": { "type": "Polygon", "coordinates": [ [ [ -117.13482, 33.43236 ], [ -117.1044, 33.43025 ], [ -117.09104, 33.43025 ], [ -117.09126, 33.42148 ], [ -117.09263, 33.41214 ], [ -117.09516, 33.40296 ], [ -117.09686, 33.39847 ], [ -117.10095, 33.39049 ], [ -117.10349, 33.38404 ], [ -117.10507, 33.38153 ], [ -117.10575, 33.37995 ], [ -117.10572, 33.37931 ], [ -117.10607, 33.37897 ], [ -117.10702, 33.37911 ], [ -117.10814, 33.37848 ], [ -117.10967, 33.37861 ], [ -117.11105, 33.37808 ], [ -117.11153, 33.37752 ], [ -117.11215, 33.37755 ], [ -117.11292, 33.37678 ], [ -117.11341, 33.37715 ], [ -117.11504, 33.3757 ], [ -117.11599, 33.37421 ], [ -117.11846, 33.37422 ], [ -117.12029, 33.37363 ], [ -117.12146, 33.3723 ], [ -117.12402, 33.3725 ], [ -117.12507, 33.37188 ], [ -117.1268, 33.37147 ], [ -117.12761, 33.36953 ], [ -117.1276, 33.36803 ], [ -117.12864, 33.36724 ], [ -117.13041, 33.36475 ], [ -117.13216, 33.36437 ], [ -117.1334, 33.36351 ], [ -117.13463, 33.3617 ], [ -117.13655, 33.36121 ], [ -117.13582, 33.35901 ], [ -117.13637, 33.35539 ], [ -117.1359, 33.35458 ], [ -117.13535, 33.34977 ], [ -117.13563, 33.34689 ], [ -117.13464, 33.34456 ], [ -117.133, 33.3427 ], [ -117.13296, 33.33978 ], [ -117.13331, 33.33817 ], [ -117.13573, 33.33725 ], [ -117.13984, 33.3399 ], [ -117.14178, 33.34023 ], [ -117.14517, 33.33623 ], [ -117.14907, 33.33334 ], [ -117.14665, 33.33135 ], [ -117.14506, 33.32895 ], [ -117.14432, 33.32627 ], [ -117.14452, 33.32336 ], [ -117.14573, 33.32063 ], [ -117.1477, 33.31843 ], [ -117.15031, 33.31677 ], [ -117.1534, 33.31578 ], [ -117.1574, 33.32221 ], [ -117.15899, 33.32778 ], [ -117.1587, 33.35647 ], [ -117.15937, 33.36092 ], [ -117.16066, 33.36418 ], [ -117.16271, 33.36753 ], [ -117.16952, 33.37451 ], [ -117.17218, 33.37829 ], [ -117.17334, 33.38085 ], [ -117.17412, 33.38356 ], [ -117.17446, 33.38618 ], [ -117.17441, 33.38901 ], [ -117.17382, 33.39233 ], [ -117.17301, 33.39445 ], [ -117.17138, 33.39776 ], [ -117.16937, 33.4009 ], [ -117.1642, 33.40713 ], [ -117.15125, 33.42517 ], [ -117.1431, 33.43257 ], [ -117.13482, 33.43236 ] ] ] } },
{ "type": "Feature", "properties": { "police_beat": 389 }, "geometry": { "type": "Polygon", "coordinates": [ [ [ -117.24147, 33.44882 ], [ -117.24135, 33.43193 ], [ -117.14314, 33.43257 ], [ -117.15125, 33.42517 ], [ -117.1642, 33.40713 ], [ -117.16976, 33.40035 ], [ -117.17198, 33.39664 ], [ -117.17368, 33.39275 ], [ -117.17429, 33.39007 ], [ -117.17448, 33.38714 ], [ -117.17694, 33.38712 ], [ -117.17821, 33.38956 ], [ -117.17913, 33.39016 ], [ -117.18187, 33.38964 ], [ -117.18314, 33.39052 ], [ -117.1884, 33.39105 ], [ -117.19187, 33.39167 ], [ -117.19307, 33.3922 ], [ -117.19557, 33.3918 ], [ -117.19906, 33.39347 ], [ -117.20426, 33.39507 ], [ -117.20997, 33.39376 ], [ -117.21121, 33.39221 ], [ -117.21309, 33.3913 ], [ -117.21702, 33.39153 ], [ -117.21923, 33.39011 ], [ -117.22015, 33.38908 ], [ -117.22495, 33.38962 ], [ -117.22698, 33.38908 ], [ -117.22783, 33.38853 ], [ -117.22787, 33.39121 ], [ -117.24067, 33.3911 ], [ -117.24067, 33.39295 ], [ -117.24423, 33.39289 ], [ -117.24446, 33.39108 ], [ -117.24912, 33.39113 ], [ -117.2492, 33.38934 ], [ -117.24813, 33.38933 ], [ -117.2481, 33.38749 ], [ -117.25238, 33.38753 ], [ -117.25272, 33.39075 ], [ -117.25301, 33.39098 ], [ -117.25359, 33.39124 ], [ -117.25776, 33.39137 ], [ -117.25682, 33.39851 ], [ -117.25613, 33.40204 ], [ -117.25582, 33.40204 ], [ -117.25524, 33.4065 ], [ -117.2616, 33.40639 ], [ -117.27428, 33.40738 ], [ -117.29541, 33.41786 ], [ -117.31347, 33.40793 ], [ -117.31356, 33.41307 ], [ -117.31803, 33.41316 ], [ -117.31798, 33.41677 ], [ -117.32233, 33.41678 ], [ -117.32273, 33.40617 ], [ -117.33201, 33.40625 ], [ -117.33202, 33.40253 ], [ -117.3402, 33.40266 ], [ -117.33935, 33.41677 ], [ -117.33962, 33.43085 ], [ -117.38837, 33.4294 ], [ -117.39487, 33.43795 ], [ -117.3975, 33.44539 ], [ -117.36377, 33.44541 ], [ -117.3638, 33.48397 ], [ -117.37079, 33.49066 ], [ -117.24147, 33.44882 ] ] ] } },
{ "type": "Feature", "properties": { "police_beat": 390 }, "geometry": { "type": "Polygon", "coordinates": [ [ [ -117.23599, 33.32625 ], [ -117.23504, 33.32375 ], [ -117.23528, 33.32085 ], [ -117.23425, 33.31869 ], [ -117.23204, 33.31719 ], [ -117.23133, 33.3163 ], [ -117.22939, 33.31116 ], [ -117.22756, 33.30764 ], [ -117.22707, 33.30463 ], [ -117.22522, 33.2984 ], [ -117.22318, 33.29542 ], [ -117.2233, 33.29393 ], [ -117.2256, 33.29125 ], [ -117.22552, 33.28898 ], [ -117.23373, 33.29031 ], [ -117.23489, 33.2918 ], [ -117.23558, 33.29339 ], [ -117.23834, 33.29251 ], [ -117.24315, 33.29363 ], [ -117.24315, 33.29471 ], [ -117.24272, 33.2957 ], [ -117.24292, 33.29704 ], [ -117.24212, 33.30005 ], [ -117.24243, 33.30253 ], [ -117.24287, 33.30323 ], [ -117.24479, 33.30452 ], [ -117.24564, 33.30765 ], [ -117.24815, 33.31116 ], [ -117.24894, 33.31284 ], [ -117.24919, 33.31417 ], [ -117.2492, 33.32183 ], [ -117.26008, 33.32185 ], [ -117.26008, 33.3292 ], [ -117.24966, 33.32924 ], [ -117.24931, 33.3295 ], [ -117.24937, 33.34015 ], [ -117.25368, 33.34017 ], [ -117.25367, 33.35836 ], [ -117.24758, 33.35833 ], [ -117.24738, 33.35803 ], [ -117.24649, 33.3536 ], [ -117.24402, 33.34886 ], [ -117.24195, 33.34583 ], [ -117.24104, 33.3434 ], [ -117.23961, 33.34167 ], [ -117.2374, 33.33719 ], [ -117.23588, 33.33304 ], [ -117.23633, 33.3307 ], [ -117.23599, 33.32625 ] ] ] } },
{ "type": "Feature", "properties": { "police_beat": 391 }, "geometry": { "type": "Polygon", "coordinates": [ [ [ -117.21455, 33.36914 ], [ -117.21393, 33.36698 ], [ -117.21487, 33.36596 ], [ -117.21509, 33.36438 ], [ -117.21667, 33.36156 ], [ -117.21677, 33.35949 ], [ -117.21508, 33.35405 ], [ -117.21582, 33.34986 ], [ -117.21677, 33.34814 ], [ -117.21756, 33.34778 ], [ -117.21838, 33.34687 ], [ -117.2202, 33.34611 ], [ -117.22179, 33.34454 ], [ -117.22507, 33.34289 ], [ -117.22902, 33.33899 ], [ -117.22994, 33.33738 ], [ -117.23129, 33.33677 ], [ -117.23306, 33.3347 ], [ -117.23588, 33.33304 ], [ -117.23743, 33.33728 ], [ -117.23957, 33.3416 ], [ -117.24104, 33.3434 ], [ -117.24196, 33.34585 ], [ -117.24427, 33.34934 ], [ -117.23908, 33.34965 ], [ -117.23541, 33.35341 ], [ -117.23397, 33.35447 ], [ -117.23093, 33.35801 ], [ -117.22895, 33.35841 ], [ -117.22804, 33.35896 ], [ -117.22755, 33.36013 ], [ -117.22768, 33.36926 ], [ -117.21455, 33.36914 ] ] ] } },
{ "type": "Feature", "properties": { "police_beat": 392 }, "geometry": { "type": "Polygon", "coordinates": [ [ [ -117.20376, 33.36181 ], [ -117.20374, 33.36053 ], [ -117.20291, 33.35804 ], [ -117.20177, 33.35633 ], [ -117.20097, 33.3559 ], [ -117.199, 33.35565 ], [ -117.19815, 33.35503 ], [ -117.19555, 33.3497 ], [ -117.19463, 33.34864 ], [ -117.19392, 33.34626 ], [ -117.19147, 33.34502 ], [ -117.19067, 33.34412 ], [ -117.19029, 33.34116 ], [ -117.18906, 33.33794 ], [ -117.18987, 33.3351 ], [ -117.1901, 33.33223 ], [ -117.19172, 33.32937 ], [ -117.19218, 33.32767 ], [ -117.19367, 33.32527 ], [ -117.19346, 33.32225 ], [ -117.19439, 33.3193 ], [ -117.19512, 33.31533 ], [ -117.19684, 33.31482 ], [ -117.19853, 33.31287 ], [ -117.20244, 33.31062 ], [ -117.20508, 33.30973 ], [ -117.20855, 33.30744 ], [ -117.21052, 33.30668 ], [ -117.2141, 33.30359 ], [ -117.21629, 33.30256 ], [ -117.21924, 33.29851 ], [ -117.22054, 33.29572 ], [ -117.2238, 33.2933 ], [ -117.22314, 33.29431 ], [ -117.22318, 33.29542 ], [ -117.22529, 33.2986 ], [ -117.22707, 33.30463 ], [ -117.22767, 33.30794 ], [ -117.22938, 33.31115 ], [ -117.23142, 33.31647 ], [ -117.23425, 33.31869 ], [ -117.23531, 33.32094 ], [ -117.23504, 33.32375 ], [ -117.236, 33.32627 ], [ -117.23633, 33.33041 ], [ -117.23588, 33.33304 ], [ -117.23306, 33.3347 ], [ -117.23129, 33.33677 ], [ -117.22994, 33.33738 ], [ -117.22902, 33.33899 ], [ -117.22507, 33.34289 ], [ -117.22179, 33.34454 ], [ -117.22021, 33.3461 ], [ -117.21837, 33.34688 ], [ -117.21659, 33.34835 ], [ -117.21581, 33.34988 ], [ -117.21508, 33.35397 ], [ -117.21677, 33.35951 ], [ -117.21667, 33.36157 ], [ -117.21509, 33.36438 ], [ -117.21487, 33.36596 ], [ -117.21393, 33.36698 ], [ -117.21455, 33.36914 ], [ -117.21269, 33.3691 ], [ -117.20959, 33.3678 ], [ -117.20809, 33.36646 ], [ -117.2082, 33.3646 ], [ -117.20796, 33.36404 ], [ -117.20568, 33.362 ], [ -117.20376, 33.36181 ] ] ] } },
{ "type": "Feature", "properties": { "police_beat": 393 }, "geometry": { "type": "Polygon", "coordinates": [ [ [ -117.1587, 33.35647 ], [ -117.15909, 33.33137 ], [ -117.16447, 33.32641 ], [ -117.16732, 33.32322 ], [ -117.16999, 33.32265 ], [ -117.1716, 33.32184 ], [ -117.17336, 33.32013 ], [ -117.17457, 33.31807 ], [ -117.1768, 33.3162 ], [ -117.17953, 33.31559 ], [ -117.18182, 33.31585 ], [ -117.18809, 33.31453 ], [ -117.19118, 33.31451 ], [ -117.19512, 33.31533 ], [ -117.19439, 33.3193 ], [ -117.19346, 33.32225 ], [ -117.19369, 33.32522 ], [ -117.19219, 33.32765 ], [ -117.19172, 33.32937 ], [ -117.19013, 33.33211 ], [ -117.18987, 33.33506 ], [ -117.18914, 33.33705 ], [ -117.18911, 33.33838 ], [ -117.19027, 33.34109 ], [ -117.19076, 33.34428 ], [ -117.1915, 33.34504 ], [ -117.19399, 33.34635 ], [ -117.19463, 33.34864 ], [ -117.19555, 33.3497 ], [ -117.19826, 33.35516 ], [ -117.19908, 33.35567 ], [ -117.20129, 33.35601 ], [ -117.2024, 33.35704 ], [ -117.20372, 33.36043 ], [ -117.20376, 33.36181 ], [ -117.20116, 33.36124 ], [ -117.19785, 33.36148 ], [ -117.19453, 33.36246 ], [ -117.18267, 33.36743 ], [ -117.17853, 33.36803 ], [ -117.17585, 33.37007 ], [ -117.16911, 33.37407 ], [ -117.16294, 33.36783 ], [ -117.16089, 33.36464 ], [ -117.1596, 33.36165 ], [ -117.1587, 33.35647 ] ] ] } },
{ "type": "Feature", "properties": { "police_beat": 394 }, "geometry": { "type": "Polygon", "coordinates": [ [ [ -117.26008, 33.3292 ], [ -117.26008, 33.32185 ], [ -117.2492, 33.32183 ], [ -117.24905, 33.31319 ], [ -117.24816, 33.31118 ], [ -117.2458, 33.30794 ], [ -117.24519, 33.30642 ], [ -117.2457, 33.30609 ], [ -117.24567, 33.30493 ], [ -117.24723, 33.30346 ], [ -117.24712, 33.30275 ], [ -117.24626, 33.30205 ], [ -117.24638, 33.3015 ], [ -117.24707, 33.30121 ], [ -117.24816, 33.30152 ], [ -117.24994, 33.30126 ], [ -117.25137, 33.30192 ], [ -117.25407, 33.30162 ], [ -117.25796, 33.30212 ], [ -117.26065, 33.30183 ], [ -117.26242, 33.30291 ], [ -117.26241, 33.30227 ], [ -117.26752, 33.30143 ], [ -117.26809, 33.30085 ], [ -117.26815, 33.29999 ], [ -117.26982, 33.29999 ], [ -117.26577, 33.32921 ], [ -117.26008, 33.3292 ] ] ] } },
{ "type": "Feature", "properties": { "police_beat": 395 }, "geometry": { "type": "Polygon", "coordinates": [ [ [ -117.24212, 33.3 ], [ -117.24292, 33.29705 ], [ -117.24272, 33.29568 ], [ -117.24318, 33.29369 ], [ -117.24108, 33.29321 ], [ -117.241, 33.29234 ], [ -117.2423, 33.2903 ], [ -117.24251, 33.28815 ], [ -117.24454, 33.28661 ], [ -117.24499, 33.28573 ], [ -117.24611, 33.28466 ], [ -117.24622, 33.28399 ], [ -117.24692, 33.28336 ], [ -117.24721, 33.28255 ], [ -117.24647, 33.28207 ], [ -117.24754, 33.28108 ], [ -117.24678, 33.28086 ], [ -117.24709, 33.28023 ], [ -117.24646, 33.27904 ], [ -117.24565, 33.27905 ], [ -117.24585, 33.27803 ], [ -117.2536, 33.27815 ], [ -117.25361, 33.28151 ], [ -117.25286, 33.28123 ], [ -117.25251, 33.28223 ], [ -117.25152, 33.28222 ], [ -117.25153, 33.28176 ], [ -117.24935, 33.28172 ], [ -117.2493, 33.28537 ], [ -117.26225, 33.28552 ], [ -117.26225, 33.29274 ], [ -117.25794, 33.2927 ], [ -117.25796, 33.29633 ], [ -117.26131, 33.29633 ], [ -117.26119, 33.29549 ], [ -117.26346, 33.29464 ], [ -117.26419, 33.29497 ], [ -117.26409, 33.29721 ], [ -117.2623, 33.29793 ], [ -117.26232, 33.29997 ], [ -117.26815, 33.29999 ], [ -117.26809, 33.30085 ], [ -117.26752, 33.30143 ], [ -117.26241, 33.30227 ], [ -117.26242, 33.30291 ], [ -117.26068, 33.30183 ], [ -117.25792, 33.30212 ], [ -117.25404, 33.30162 ], [ -117.25144, 33.30193 ], [ -117.25002, 33.30127 ], [ -117.24816, 33.30152 ], [ -117.24693, 33.30123 ], [ -117.2462, 33.30186 ], [ -117.24714, 33.30279 ], [ -117.24721, 33.30352 ], [ -117.24567, 33.30493 ], [ -117.2457, 33.30609 ], [ -117.24519, 33.30642 ], [ -117.24474, 33.30445 ], [ -117.24255, 33.30284 ], [ -117.24212, 33.3 ] ] ] } },
{ "type": "Feature", "properties": { "police_beat": 396 }, "geometry": { "type": "Polygon", "coordinates": [ [ [ -117.15232, 33.31397 ], [ -117.15067, 33.30976 ], [ -117.15014, 33.30662 ], [ -117.14911, 33.28968 ], [ -117.1493, 33.28666 ], [ -117.15009, 33.28327 ], [ -117.15117, 33.28078 ], [ -117.1566, 33.27128 ], [ -117.15809, 33.26645 ], [ -117.15838, 33.26214 ], [ -117.15795, 33.25849 ], [ -117.15593, 33.2529 ], [ -117.15878, 33.25324 ], [ -117.1632, 33.25313 ], [ -117.16851, 33.2519 ], [ -117.17338, 33.25144 ], [ -117.17557, 33.25179 ], [ -117.1784, 33.25325 ], [ -117.18008, 33.2536 ], [ -117.18511, 33.25247 ], [ -117.18998, 33.25317 ], [ -117.19522, 33.25228 ], [ -117.20142, 33.25282 ], [ -117.20719, 33.25444 ], [ -117.20938, 33.25599 ], [ -117.21286, 33.25691 ], [ -117.21247, 33.25809 ], [ -117.21259, 33.25871 ], [ -117.21505, 33.26062 ], [ -117.21747, 33.26118 ], [ -117.21842, 33.26196 ], [ -117.22205, 33.26338 ], [ -117.22398, 33.26354 ], [ -117.22893, 33.26679 ], [ -117.23063, 33.26727 ], [ -117.23289, 33.26729 ], [ -117.23319, 33.26569 ], [ -117.23547, 33.26002 ], [ -117.2362, 33.25973 ], [ -117.23685, 33.25854 ], [ -117.23959, 33.25604 ], [ -117.24372, 33.25351 ], [ -117.24497, 33.25313 ], [ -117.24497, 33.25478 ], [ -117.24287, 33.25531 ], [ -117.24285, 33.25979 ], [ -117.245, 33.25978 ], [ -117.245, 33.25894 ], [ -117.24926, 33.25888 ], [ -117.24929, 33.26355 ], [ -117.24522, 33.26349 ], [ -117.24503, 33.26575 ], [ -117.23736, 33.26552 ], [ -117.23662, 33.26726 ], [ -117.2356, 33.27236 ], [ -117.23582, 33.27394 ], [ -117.23563, 33.27562 ], [ -117.23467, 33.27658 ], [ -117.2299, 33.27869 ], [ -117.22788, 33.27997 ], [ -117.22574, 33.28223 ], [ -117.22485, 33.28698 ], [ -117.22557, 33.28916 ], [ -117.2256, 33.29125 ], [ -117.2238, 33.2933 ], [ -117.22055, 33.29571 ], [ -117.21924, 33.29851 ], [ -117.21631, 33.30255 ], [ -117.2141, 33.30359 ], [ -117.21049, 33.3067 ], [ -117.20864, 33.30738 ], [ -117.20516, 33.30968 ], [ -117.20244, 33.31062 ], [ -117.19873, 33.31273 ], [ -117.19716, 33.31457 ], [ -117.19614, 33.31515 ], [ -117.19481, 33.31532 ], [ -117.19118, 33.31451 ], [ -117.18804, 33.31454 ], [ -117.18182, 33.31585 ], [ -117.1795, 33.31559 ], [ -117.17669, 33.31625 ], [ -117.17456, 33.31808 ], [ -117.17336, 33.32013 ], [ -117.1716, 33.32184 ], [ -117.16999, 33.32265 ], [ -117.16732, 33.32322 ], [ -117.16447, 33.32641 ], [ -117.15909, 33.33137 ], [ -117.15891, 33.32723 ], [ -117.15769, 33.32289 ], [ -117.15232, 33.31397 ] ] ] } },
{ "type": "Feature", "properties": { "police_beat": 397 }, "geometry": { "type": "Polygon", "coordinates": [ [ [ -117.23486, 33.29176 ], [ -117.23365, 33.29028 ], [ -117.22552, 33.28898 ], [ -117.22484, 33.28708 ], [ -117.2255, 33.28269 ], [ -117.22784, 33.27999 ], [ -117.2299, 33.27869 ], [ -117.23467, 33.27658 ], [ -117.23548, 33.27585 ], [ -117.23582, 33.27494 ], [ -117.2356, 33.27236 ], [ -117.23662, 33.26726 ], [ -117.23689, 33.26701 ], [ -117.23795, 33.26765 ], [ -117.23939, 33.26797 ], [ -117.23938, 33.26713 ], [ -117.24496, 33.26708 ], [ -117.24499, 33.27801 ], [ -117.24585, 33.27803 ], [ -117.24565, 33.27905 ], [ -117.24646, 33.27904 ], [ -117.24709, 33.28023 ], [ -117.24678, 33.28086 ], [ -117.24754, 33.28108 ], [ -117.24647, 33.28207 ], [ -117.24721, 33.28244 ], [ -117.24696, 33.28327 ], [ -117.24454, 33.28661 ], [ -117.24251, 33.28815 ], [ -117.24234, 33.29018 ], [ -117.24106, 33.29214 ], [ -117.24108, 33.29321 ], [ -117.23821, 33.29251 ], [ -117.23571, 33.29342 ], [ -117.23529, 33.29318 ], [ -117.23486, 33.29176 ] ] ] } },
{ "type": "Feature", "properties": { "police_beat": 398 }, "geometry": { "type": "Polygon", "coordinates": [ [ [ -117.39808, 33.50527 ], [ -117.36427, 33.5049 ], [ -117.3708, 33.49066 ], [ -117.3638, 33.48397 ], [ -117.36377, 33.44541 ], [ -117.3975, 33.44539 ], [ -117.40049, 33.4557 ], [ -117.40845, 33.46048 ], [ -117.45089, 33.47298 ], [ -117.46258, 33.47672 ], [ -117.46566, 33.47741 ], [ -117.46602, 33.47625 ], [ -117.4657, 33.47386 ], [ -117.46749, 33.47308 ], [ -117.46975, 33.47087 ], [ -117.47577, 33.47089 ], [ -117.47232, 33.48785 ], [ -117.48573, 33.50152 ], [ -117.4859, 33.50505 ], [ -117.45886, 33.50534 ], [ -117.39808, 33.50527 ] ] ] } },
{ "type": "Feature", "properties": { "police_beat": 399 }, "geometry": { "type": "Polygon", "coordinates": [ [ [ -117.48573, 33.50152 ], [ -117.48778, 33.5037 ], [ -117.50938, 33.48403 ], [ -117.50972, 33.50518 ], [ -117.4859, 33.50505 ], [ -117.48573, 33.50152 ] ] ] } },
{ "type": "Feature", "properties": { "police_beat": 401 }, "geometry": { "type": "Polygon", "coordinates": [ [ [ -117.01001, 33.06257 ], [ -117.00996, 33.05899 ], [ -117.00545, 33.0591 ], [ -117.0086, 33.05882 ], [ -117.00918, 33.05791 ], [ -117.01103, 33.05734 ], [ -117.01202, 33.05775 ], [ -117.01259, 33.05617 ], [ -117.01372, 33.05516 ], [ -117.01468, 33.05361 ], [ -117.01628, 33.05236 ], [ -117.01781, 33.05167 ], [ -117.01889, 33.04974 ], [ -117.01948, 33.04736 ], [ -117.02288, 33.04389 ], [ -117.02207, 33.04218 ], [ -117.02183, 33.03963 ], [ -117.0228, 33.03651 ], [ -117.0244, 33.03643 ], [ -117.02494, 33.0368 ], [ -117.02731, 33.03677 ], [ -117.02861, 33.0371 ], [ -117.02951, 33.03776 ], [ -117.0314, 33.03803 ], [ -117.0317, 33.03939 ], [ -117.035, 33.03938 ], [ -117.03635, 33.03972 ], [ -117.03739, 33.03954 ], [ -117.03997, 33.04117 ], [ -117.04086, 33.04229 ], [ -117.04079, 33.04287 ], [ -117.04157, 33.0431 ], [ -117.04105, 33.04401 ], [ -117.03976, 33.04402 ], [ -117.03858, 33.04498 ], [ -117.03887, 33.0452 ], [ -117.0383, 33.04558 ], [ -117.03855, 33.04575 ], [ -117.03842, 33.04668 ], [ -117.03774, 33.04683 ], [ -117.03817, 33.04729 ], [ -117.0378, 33.04819 ], [ -117.03815, 33.0482 ], [ -117.03826, 33.0491 ], [ -117.03774, 33.05005 ], [ -117.03686, 33.05006 ], [ -117.03641, 33.0508 ], [ -117.03524, 33.05167 ], [ -117.03535, 33.05196 ], [ -117.03485, 33.05208 ], [ -117.03535, 33.05209 ], [ -117.03564, 33.05265 ], [ -117.03547, 33.0533 ], [ -117.03372, 33.05402 ], [ -117.0332, 33.0535 ], [ -117.0322, 33.05358 ], [ -117.03082, 33.05168 ], [ -117.03078, 33.05199 ], [ -117.02965, 33.05276 ], [ -117.03029, 33.05384 ], [ -117.0299, 33.05429 ], [ -117.0301, 33.0548 ], [ -117.02954, 33.05553 ], [ -117.02842, 33.05665 ], [ -117.02686, 33.05741 ], [ -117.02634, 33.05727 ], [ -117.02652, 33.05738 ], [ -117.02602, 33.05749 ], [ -117.02568, 33.05815 ], [ -117.02419, 33.05874 ], [ -117.02444, 33.05987 ], [ -117.02316, 33.05984 ], [ -117.02316, 33.05863 ], [ -117.01882, 33.05867 ], [ -117.01863, 33.0625 ], [ -117.01762, 33.06251 ], [ -117.01862, 33.0647 ], [ -117.0176, 33.06518 ], [ -117.01486, 33.06548 ], [ -117.0141, 33.06636 ], [ -117.01216, 33.06635 ], [ -117.01211, 33.0627 ], [ -117.01001, 33.06257 ] ] ] } },
{ "type": "Feature", "properties": { "police_beat": 402 }, "geometry": { "type": "Polygon", "coordinates": [ [ [ -117.03635, 33.03972 ], [ -117.035, 33.03938 ], [ -117.0317, 33.03939 ], [ -117.0314, 33.03803 ], [ -117.02951, 33.03776 ], [ -117.02861, 33.0371 ], [ -117.02731, 33.03677 ], [ -117.02494, 33.0368 ], [ -117.0244, 33.03643 ], [ -117.0228, 33.03651 ], [ -117.0232, 33.03489 ], [ -117.02289, 33.03449 ], [ -117.02388, 33.0328 ], [ -117.02376, 33.03057 ], [ -117.02457, 33.02844 ], [ -117.02474, 33.02642 ], [ -117.0297, 33.02069 ], [ -117.02964, 33.01998 ], [ -117.02881, 33.01888 ], [ -117.0288, 33.0182 ], [ -117.03267, 33.01858 ], [ -117.05371, 33.01875 ], [ -117.05235, 33.02389 ], [ -117.04648, 33.03486 ], [ -117.04627, 33.03478 ], [ -117.04157, 33.0431 ], [ -117.04079, 33.04287 ], [ -117.04086, 33.04229 ], [ -117.03996, 33.04116 ], [ -117.03725, 33.03951 ], [ -117.03635, 33.03972 ] ] ] } },
{ "type": "Feature", "properties": { "police_beat": 403 }, "geometry": { "type": "Polygon", "coordinates": [ [ [ -117.00541, 33.05175 ], [ -116.99665, 33.05207 ], [ -116.9965, 33.03012 ], [ -117.00102, 33.03009 ], [ -117.00114, 33.02272 ], [ -116.99934, 33.02267 ], [ -117.00022, 33.02133 ], [ -117.00141, 33.02058 ], [ -117.00376, 33.0205 ], [ -117.00609, 33.01976 ], [ -117.00635, 33.01874 ], [ -117.00563, 33.0191 ], [ -117.00466, 33.01907 ], [ -117.00404, 33.01855 ], [ -117.00466, 33.01853 ], [ -117.00492, 33.0178 ], [ -117.00639, 33.01624 ], [ -117.01245, 33.01679 ], [ -117.01367, 33.01647 ], [ -117.01565, 33.01516 ], [ -117.01623, 33.01557 ], [ -117.01646, 33.0163 ], [ -117.01697, 33.01647 ], [ -117.01939, 33.01644 ], [ -117.022, 33.0157 ], [ -117.02403, 33.01579 ], [ -117.02457, 33.01687 ], [ -117.02556, 33.01763 ], [ -117.0288, 33.0182 ], [ -117.02883, 33.01893 ], [ -117.02974, 33.02048 ], [ -117.02767, 33.02287 ], [ -117.02715, 33.0239 ], [ -117.02589, 33.0248 ], [ -117.02466, 33.02665 ], [ -117.02457, 33.02844 ], [ -117.02376, 33.03057 ], [ -117.02387, 33.03284 ], [ -117.02289, 33.03449 ], [ -117.0232, 33.03489 ], [ -117.02283, 33.03568 ], [ -117.02276, 33.03717 ], [ -117.02183, 33.03951 ], [ -117.02207, 33.04218 ], [ -117.02288, 33.04389 ], [ -117.01948, 33.04736 ], [ -117.01889, 33.04974 ], [ -117.01781, 33.05167 ], [ -117.01628, 33.05236 ], [ -117.01468, 33.05361 ], [ -117.01372, 33.05516 ], [ -117.01259, 33.05617 ], [ -117.01202, 33.05775 ], [ -117.01103, 33.05734 ], [ -117.00918, 33.05791 ], [ -117.0086, 33.05882 ], [ -117.00545, 33.05896 ], [ -117.00541, 33.05175 ] ] ] } },
{ "type": "Feature", "properties": { "police_beat": 404 }, "geometry": { "type": "Polygon", "coordinates": [ [ [ -117.03982, 33.01865 ], [ -117.03974, 33.01459 ], [ -117.03835, 33.01284 ], [ -117.03821, 33.00657 ], [ -117.0377, 33.00609 ], [ -117.03563, 33.00604 ], [ -117.03463, 33.00556 ], [ -117.03491, 33.00324 ], [ -117.04042, 33.0032 ], [ -117.04071, 32.99927 ], [ -117.04268, 32.99965 ], [ -117.04344, 33.00056 ], [ -117.04674, 33.00043 ], [ -117.0482, 33.00097 ], [ -117.04883, 33.00162 ], [ -117.04916, 33.00256 ], [ -117.04894, 33.00309 ], [ -117.04815, 33.00313 ], [ -117.04816, 33.00411 ], [ -117.04846, 33.00451 ], [ -117.04964, 33.00401 ], [ -117.05765, 33.0041 ], [ -117.05371, 33.01875 ], [ -117.03982, 33.01865 ] ] ] } },
{ "type": "Feature", "properties": { "police_beat": 405 }, "geometry": { "type": "Polygon", "coordinates": [ [ [ -117.05857, 32.98765 ], [ -117.05938, 32.98618 ], [ -117.06187, 32.98349 ], [ -117.06647, 32.98731 ], [ -117.06634, 32.99325 ], [ -117.0621, 32.99322 ], [ -117.06208, 32.99488 ], [ -117.0601, 32.9947 ], [ -117.05832, 33.0015 ], [ -117.05788, 32.99877 ], [ -117.05857, 32.98765 ] ] ] } },
{ "type": "Feature", "properties": { "police_beat": 406 }, "geometry": { "type": "Polygon", "coordinates": [ [ [ -117.02625, 33.0179 ], [ -117.02481, 33.01712 ], [ -117.02405, 33.01587 ], [ -117.02387, 33.00981 ], [ -117.0241, 33.00603 ], [ -117.02367, 33.00339 ], [ -117.02363, 32.99664 ], [ -117.02494, 32.99345 ], [ -117.02511, 32.99222 ], [ -117.02338, 32.98576 ], [ -117.02328, 32.97807 ], [ -117.03625, 32.97827 ], [ -117.03847, 32.97728 ], [ -117.04053, 32.97491 ], [ -117.04227, 32.97443 ], [ -117.04348, 32.97473 ], [ -117.0492, 32.9777 ], [ -117.05521, 32.97842 ], [ -117.05733, 32.97921 ], [ -117.06187, 32.98349 ], [ -117.05923, 32.98637 ], [ -117.0584, 32.98828 ], [ -117.05787, 32.99854 ], [ -117.05832, 33.0015 ], [ -117.05765, 33.0041 ], [ -117.04964, 33.00401 ], [ -117.04846, 33.00451 ], [ -117.04816, 33.00411 ], [ -117.04815, 33.00313 ], [ -117.04894, 33.00309 ], [ -117.04916, 33.00256 ], [ -117.04883, 33.00162 ], [ -117.0482, 33.00097 ], [ -117.04674, 33.00043 ], [ -117.04344, 33.00056 ], [ -117.04267, 32.99964 ], [ -117.04064, 32.99929 ], [ -117.04042, 33.0032 ], [ -117.03504, 33.00319 ], [ -117.03451, 33.00528 ], [ -117.03541, 33.00598 ], [ -117.03762, 33.00608 ], [ -117.03819, 33.0065 ], [ -117.03835, 33.01284 ], [ -117.03974, 33.01459 ], [ -117.03982, 33.01865 ], [ -117.03396, 33.01858 ], [ -117.02625, 33.0179 ] ] ] } },
{ "type": "Feature", "properties": { "police_beat": 407 }, "geometry": { "type": "Polygon", "coordinates": [ [ [ -116.99612, 33.00753 ], [ -116.99176, 33.00753 ], [ -116.9918, 33.01127 ], [ -116.98318, 33.01121 ], [ -116.98315, 33.01496 ], [ -116.97017, 33.01493 ], [ -116.9702, 33.0112 ], [ -116.9788, 33.01116 ], [ -116.97875, 33.00755 ], [ -116.9793, 33.00015 ], [ -116.96188, 33.00007 ], [ -116.9619, 32.99835 ], [ -116.96521, 32.99787 ], [ -116.96903, 32.99636 ], [ -116.97141, 32.99625 ], [ -116.97483, 32.99526 ], [ -116.97759, 32.99361 ], [ -116.9788, 32.99226 ], [ -116.97933, 32.99068 ], [ -116.97922, 32.98922 ], [ -116.9786, 32.98832 ], [ -116.97634, 32.9868 ], [ -116.97537, 32.98562 ], [ -116.97343, 32.97847 ], [ -116.97966, 32.97769 ], [ -116.98705, 32.97853 ], [ -116.98934, 32.9775 ], [ -116.99281, 32.97676 ], [ -116.99706, 32.97608 ], [ -116.99958, 32.97613 ], [ -117.00419, 32.97367 ], [ -117.00776, 32.97264 ], [ -117.01206, 32.97212 ], [ -117.01587, 32.96981 ], [ -117.0171, 32.97286 ], [ -117.02203, 32.97504 ], [ -117.02284, 32.97582 ], [ -117.02323, 32.97683 ], [ -117.02338, 32.98574 ], [ -117.02511, 32.99222 ], [ -117.02494, 32.99345 ], [ -117.02363, 32.99664 ], [ -117.02367, 33.00339 ], [ -117.0241, 33.00604 ], [ -117.02387, 33.00981 ], [ -117.02403, 33.01579 ], [ -117.022, 33.0157 ], [ -117.01939, 33.01644 ], [ -117.01697, 33.01647 ], [ -117.01646, 33.0163 ], [ -117.01623, 33.01557 ], [ -117.01565, 33.01516 ], [ -117.01367, 33.01647 ], [ -117.01245, 33.01679 ], [ -117.00639, 33.01624 ], [ -117.00492, 33.0178 ], [ -117.00466, 33.01853 ], [ -117.00404, 33.01855 ], [ -117.00466, 33.01907 ], [ -117.00563, 33.0191 ], [ -117.00635, 33.01874 ], [ -117.00604, 33.01979 ], [ -117.00376, 33.0205 ], [ -117.00141, 33.02058 ], [ -117.00022, 33.02133 ], [ -116.99934, 33.02267 ], [ -116.99658, 33.02259 ], [ -116.99612, 33.00753 ] ] ] } },
{ "type": "Feature", "properties": { "police_beat": 408 }, "geometry": { "type": "Polygon", "coordinates": [ [ [ -116.96203, 32.99245 ], [ -116.95777, 32.99241 ], [ -116.95776, 32.9887 ], [ -116.96204, 32.98869 ], [ -116.96207, 32.97747 ], [ -116.95777, 32.97762 ], [ -116.95777, 32.98135 ], [ -116.95346, 32.98145 ], [ -116.95344, 32.9887 ], [ -116.94487, 32.9887 ], [ -116.94484, 32.98514 ], [ -116.94042, 32.9852 ], [ -116.94037, 32.97069 ], [ -116.95348, 32.97048 ], [ -116.9535, 32.96325 ], [ -116.95779, 32.9631 ], [ -116.95779, 32.9667 ], [ -116.9621, 32.96655 ], [ -116.96212, 32.96295 ], [ -116.97236, 32.96296 ], [ -116.97016, 32.96945 ], [ -116.97013, 32.97061 ], [ -116.97179, 32.97354 ], [ -116.97376, 32.97947 ], [ -116.97521, 32.98529 ], [ -116.97623, 32.9867 ], [ -116.97902, 32.98882 ], [ -116.97938, 32.98995 ], [ -116.97918, 32.99135 ], [ -116.97788, 32.99337 ], [ -116.97474, 32.9953 ], [ -116.9714, 32.99625 ], [ -116.96904, 32.99636 ], [ -116.96521, 32.99787 ], [ -116.9619, 32.99835 ], [ -116.96203, 32.99245 ] ] ] } },
{ "type": "Feature", "properties": { "police_beat": 409 }, "geometry": { "type": "Polygon", "coordinates": [ [ [ -117.06478, 32.9693 ], [ -117.06679, 32.97045 ], [ -117.06647, 32.98731 ], [ -117.06187, 32.98349 ], [ -117.06234, 32.98174 ], [ -117.06247, 32.96914 ], [ -117.06478, 32.9693 ] ] ] } },
{ "type": "Feature", "properties": { "police_beat": 410 }, "geometry": { "type": "Polygon", "coordinates": [ [ [ -117.04082, 32.97475 ], [ -117.04059, 32.97391 ], [ -117.0407, 32.95643 ], [ -117.05331, 32.95653 ], [ -117.05476, 32.95591 ], [ -117.05961, 32.9523 ], [ -117.06091, 32.95185 ], [ -117.06252, 32.9518 ], [ -117.06234, 32.98169 ], [ -117.06187, 32.98349 ], [ -117.05823, 32.97987 ], [ -117.05676, 32.97891 ], [ -117.05503, 32.97839 ], [ -117.04923, 32.97771 ], [ -117.04347, 32.97473 ], [ -117.04221, 32.97443 ], [ -117.04082, 32.97475 ] ] ] } },
{ "type": "Feature", "properties": { "police_beat": 411 }, "geometry": { "type": "Polygon", "coordinates": [ [ [ -117.02328, 32.97807 ], [ -117.02312, 32.9764 ], [ -117.02237, 32.9753 ], [ -117.01753, 32.97314 ], [ -117.01689, 32.97256 ], [ -117.01587, 32.96981 ], [ -117.01922, 32.96764 ], [ -117.02274, 32.96348 ], [ -117.02316, 32.96215 ], [ -117.02318, 32.95766 ], [ -117.02407, 32.95651 ], [ -117.02516, 32.95625 ], [ -117.0407, 32.95643 ], [ -117.04048, 32.96277 ], [ -117.04058, 32.97373 ], [ -117.04082, 32.97475 ], [ -117.03804, 32.97758 ], [ -117.03648, 32.97822 ], [ -117.02328, 32.97807 ] ] ] } },
{ "type": "Feature", "properties": { "police_beat": 412 }, "geometry": { "type": "Polygon", "coordinates": [ [ [ -116.97169, 32.97326 ], [ -116.97037, 32.97122 ], [ -116.97008, 32.97023 ], [ -116.97236, 32.96296 ], [ -116.98853, 32.96307 ], [ -116.98875, 32.95952 ], [ -116.99782, 32.95961 ], [ -116.99778, 32.94308 ], [ -117.00005, 32.94457 ], [ -117.00148, 32.94458 ], [ -117.00421, 32.94754 ], [ -117.0048, 32.94939 ], [ -117.00628, 32.9516 ], [ -117.00647, 32.9561 ], [ -117.02405, 32.9564 ], [ -117.02318, 32.95766 ], [ -117.02316, 32.96215 ], [ -117.02274, 32.96348 ], [ -117.01891, 32.9679 ], [ -117.01212, 32.9721 ], [ -117.00776, 32.97264 ], [ -117.00419, 32.97367 ], [ -116.99971, 32.9761 ], [ -116.99705, 32.97608 ], [ -116.99281, 32.97676 ], [ -116.98931, 32.97751 ], [ -116.98729, 32.97851 ], [ -116.97966, 32.97769 ], [ -116.97343, 32.97847 ], [ -116.97169, 32.97326 ] ] ] } },
{ "type": "Feature", "properties": { "police_beat": 413 }, "geometry": { "type": "Polygon", "coordinates": [ [ [ -117.06247, 32.96914 ], [ -117.06252, 32.9518 ], [ -117.06579, 32.95148 ], [ -117.06907, 32.95025 ], [ -117.07319, 32.94935 ], [ -117.07538, 32.94854 ], [ -117.07539, 32.94964 ], [ -117.08397, 32.94974 ], [ -117.08426, 32.96458 ], [ -117.06688, 32.96437 ], [ -117.06679, 32.97045 ], [ -117.06478, 32.9693 ], [ -117.06247, 32.96914 ] ] ] } },
{ "type": "Feature", "properties": { "police_beat": 414 }, "geometry": { "type": "Polygon", "coordinates": [ [ [ -117.0626, 32.94783 ], [ -117.06434, 32.94511 ], [ -117.06437, 32.94246 ], [ -117.06245, 32.93818 ], [ -117.06037, 32.93556 ], [ -117.05903, 32.93181 ], [ -117.05822, 32.93065 ], [ -117.05818, 32.92782 ], [ -117.06668, 32.92772 ], [ -117.0667, 32.93509 ], [ -117.06732, 32.93508 ], [ -117.06671, 32.93655 ], [ -117.06676, 32.94232 ], [ -117.07106, 32.94233 ], [ -117.07108, 32.94596 ], [ -117.07537, 32.94599 ], [ -117.07538, 32.94854 ], [ -117.07319, 32.94935 ], [ -117.06907, 32.95025 ], [ -117.06579, 32.95148 ], [ -117.06252, 32.9518 ], [ -117.0626, 32.94783 ] ] ] } },
{ "type": "Feature", "properties": { "police_beat": 415 }, "geometry": { "type": "Polygon", "coordinates": [ [ [ -117.0407, 32.95637 ], [ -117.041, 32.95152 ], [ -117.04267, 32.949 ], [ -117.04864, 32.94923 ], [ -117.05141, 32.94833 ], [ -117.06272, 32.94745 ], [ -117.06252, 32.9518 ], [ -117.0609, 32.95186 ], [ -117.05957, 32.95232 ], [ -117.05401, 32.95632 ], [ -117.05261, 32.95661 ], [ -117.0407, 32.95637 ] ] ] } },
{ "type": "Feature", "properties": { "police_beat": 416 }, "geometry": { "type": "Polygon", "coordinates": [ [ [ -117.02514, 32.95625 ], [ -117.02407, 32.95651 ], [ -117.02386, 32.95626 ], [ -117.02234, 32.95625 ], [ -117.02246, 32.94764 ], [ -117.02353, 32.94669 ], [ -117.02523, 32.94216 ], [ -117.02355, 32.94179 ], [ -117.0228, 32.94126 ], [ -117.02315, 32.94019 ], [ -117.02289, 32.93914 ], [ -117.02398, 32.9387 ], [ -117.02616, 32.93883 ], [ -117.02826, 32.93809 ], [ -117.03656, 32.93832 ], [ -117.03651, 32.93472 ], [ -117.03212, 32.93469 ], [ -117.03326, 32.92953 ], [ -117.03307, 32.92916 ], [ -117.034, 32.92809 ], [ -117.03656, 32.92802 ], [ -117.03748, 32.92735 ], [ -117.04411, 32.9277 ], [ -117.04641, 32.92722 ], [ -117.04801, 32.9279 ], [ -117.05018, 32.92766 ], [ -117.05556, 32.92902 ], [ -117.0573, 32.93066 ], [ -117.05822, 32.93102 ], [ -117.05822, 32.93065 ], [ -117.05903, 32.93181 ], [ -117.06041, 32.93562 ], [ -117.06238, 32.93806 ], [ -117.06425, 32.94192 ], [ -117.06438, 32.94496 ], [ -117.06272, 32.94745 ], [ -117.05141, 32.94833 ], [ -117.04864, 32.94923 ], [ -117.04267, 32.949 ], [ -117.04103, 32.9514 ], [ -117.0407, 32.95643 ], [ -117.02514, 32.95625 ] ] ] } },
{ "type": "Feature", "properties": { "police_beat": 417 }, "geometry": { "type": "Polygon", "coordinates": [ [ [ -117.00647, 32.9561 ], [ -117.00625, 32.95149 ], [ -117.00481, 32.94941 ], [ -117.00421, 32.94754 ], [ -117.00148, 32.94458 ], [ -117.00812, 32.94215 ], [ -117.00862, 32.94164 ], [ -117.01056, 32.94142 ], [ -117.01061, 32.94048 ], [ -117.0126, 32.93886 ], [ -117.01304, 32.93738 ], [ -117.0149, 32.93727 ], [ -117.0178, 32.93457 ], [ -117.02617, 32.93199 ], [ -117.02794, 32.93087 ], [ -117.02988, 32.93051 ], [ -117.03307, 32.92916 ], [ -117.03326, 32.92953 ], [ -117.03212, 32.93469 ], [ -117.03651, 32.93472 ], [ -117.03656, 32.93832 ], [ -117.02829, 32.93809 ], [ -117.02613, 32.93884 ], [ -117.02398, 32.9387 ], [ -117.02295, 32.93906 ], [ -117.0228, 32.93951 ], [ -117.02315, 32.94025 ], [ -117.0228, 32.94126 ], [ -117.02355, 32.94179 ], [ -117.02523, 32.94216 ], [ -117.02353, 32.94669 ], [ -117.02246, 32.94764 ], [ -117.02234, 32.95625 ], [ -117.00647, 32.9561 ] ] ] } },
{ "type": "Feature", "properties": { "police_beat": 418 }, "geometry": { "type": "Polygon", "coordinates": [ [ [ -117.11823, 33.02657 ], [ -117.11931, 33.02208 ], [ -117.15247, 33.02177 ], [ -117.15244, 33.00731 ], [ -117.16984, 33.00729 ], [ -117.16992, 33.01123 ], [ -117.174, 33.01125 ], [ -117.17458, 33.01299 ], [ -117.1766, 33.01462 ], [ -117.17753, 33.01581 ], [ -117.17814, 33.0179 ], [ -117.17812, 33.01887 ], [ -117.17741, 33.02053 ], [ -117.17583, 33.02258 ], [ -117.17424, 33.02368 ], [ -117.17166, 33.02435 ], [ -117.16927, 33.02454 ], [ -117.16748, 33.02661 ], [ -117.16605, 33.02742 ], [ -117.16565, 33.02803 ], [ -117.1636, 33.02869 ], [ -117.16331, 33.02973 ], [ -117.16354, 33.03113 ], [ -117.16279, 33.03307 ], [ -117.1594, 33.03736 ], [ -117.15723, 33.04105 ], [ -117.15629, 33.0418 ], [ -117.1524, 33.04276 ], [ -117.14931, 33.04197 ], [ -117.14533, 33.0419 ], [ -117.14094, 33.04031 ], [ -117.13777, 33.04073 ], [ -117.13436, 33.04057 ], [ -117.1321, 33.04156 ], [ -117.13038, 33.04382 ], [ -117.1183, 33.04384 ], [ -117.11823, 33.02657 ] ] ] } },
{ "type": "Feature", "properties": { "police_beat": 419 }, "geometry": { "type": "Polygon", "coordinates": [ [ [ -117.10981, 33.06121 ], [ -117.11032, 33.05917 ], [ -117.10177, 33.05917 ], [ -117.09482, 33.05508 ], [ -117.08989, 33.04926 ], [ -117.09671, 33.022 ], [ -117.1002, 33.02119 ], [ -117.1031, 33.02195 ], [ -117.1044, 33.02198 ], [ -117.10557, 33.02159 ], [ -117.10781, 33.02015 ], [ -117.10993, 33.02005 ], [ -117.11137, 33.01659 ], [ -117.10583, 33.0149 ], [ -117.09655, 33.00979 ], [ -117.09962, 32.99798 ], [ -117.12469, 33.00007 ], [ -117.12324, 33.00646 ], [ -117.12221, 33.00836 ], [ -117.12226, 33.01003 ], [ -117.11823, 33.02657 ], [ -117.11831, 33.04715 ], [ -117.11744, 33.0462 ], [ -117.1172, 33.04672 ], [ -117.11783, 33.04831 ], [ -117.11747, 33.04917 ], [ -117.11664, 33.04918 ], [ -117.11719, 33.04999 ], [ -117.11678, 33.05043 ], [ -117.116, 33.05058 ], [ -117.11559, 33.05152 ], [ -117.11468, 33.0515 ], [ -117.11496, 33.05268 ], [ -117.11451, 33.05354 ], [ -117.11373, 33.05362 ], [ -117.11339, 33.05421 ], [ -117.11393, 33.05444 ], [ -117.11387, 33.05491 ], [ -117.11298, 33.05604 ], [ -117.11241, 33.0561 ], [ -117.11304, 33.05662 ], [ -117.11327, 33.05743 ], [ -117.11282, 33.05789 ], [ -117.11314, 33.05834 ], [ -117.11279, 33.05947 ], [ -117.11302, 33.05984 ], [ -117.11282, 33.06118 ], [ -117.11348, 33.06145 ], [ -117.11338, 33.06182 ], [ -117.114, 33.06255 ], [ -117.1143, 33.06376 ], [ -117.11403, 33.06402 ], [ -117.11507, 33.06636 ], [ -117.11384, 33.06793 ], [ -117.11284, 33.06791 ], [ -117.11215, 33.0674 ], [ -117.11175, 33.06661 ], [ -117.11189, 33.06577 ], [ -117.11272, 33.06493 ], [ -117.11281, 33.06347 ], [ -117.11191, 33.06198 ], [ -117.11096, 33.06134 ], [ -117.10981, 33.06121 ] ] ] } },
{ "type": "Feature", "properties": { "police_beat": 420 }, "geometry": { "type": "Polygon", "coordinates": [ [ [ -116.97764, 33.0737 ], [ -116.97481, 33.07065 ], [ -116.97249, 33.06724 ], [ -116.97222, 33.06581 ], [ -116.97136, 33.06489 ], [ -116.97096, 33.05636 ], [ -116.97153, 33.0571 ], [ -116.97297, 33.05784 ], [ -116.97366, 33.05895 ], [ -116.97749, 33.06137 ], [ -116.97856, 33.06237 ], [ -116.98004, 33.06255 ], [ -116.98069, 33.06334 ], [ -116.98201, 33.06374 ], [ -116.98235, 33.06537 ], [ -116.98395, 33.06704 ], [ -116.9932, 33.06718 ], [ -116.99474, 33.06789 ], [ -116.99674, 33.06825 ], [ -116.99956, 33.06738 ], [ -117.00047, 33.06623 ], [ -117.01407, 33.06637 ], [ -117.01486, 33.06548 ], [ -117.0176, 33.06518 ], [ -117.01862, 33.0647 ], [ -117.01762, 33.06251 ], [ -117.01863, 33.0625 ], [ -117.01882, 33.05867 ], [ -117.02316, 33.05863 ], [ -117.02314, 33.06163 ], [ -117.02414, 33.06155 ], [ -117.02506, 33.06248 ], [ -117.02798, 33.06252 ], [ -117.02885, 33.06312 ], [ -117.02895, 33.06382 ], [ -117.03006, 33.06461 ], [ -117.02944, 33.06553 ], [ -117.02974, 33.06603 ], [ -117.01879, 33.06632 ], [ -117.01874, 33.07318 ], [ -116.98857, 33.07314 ], [ -116.98837, 33.06958 ], [ -116.98417, 33.06953 ], [ -116.98003, 33.06958 ], [ -116.98016, 33.07465 ], [ -116.97837, 33.0735 ], [ -116.97764, 33.0737 ] ] ] } },
{ "type": "Feature", "properties": { "police_beat": 421 }, "geometry": { "type": "Polygon", "coordinates": [ [ [ -116.9922, 33.06736 ], [ -116.99124, 33.0671 ], [ -116.98372, 33.06697 ], [ -116.98234, 33.06536 ], [ -116.98201, 33.06374 ], [ -116.98069, 33.06334 ], [ -116.98004, 33.06255 ], [ -116.97857, 33.06238 ], [ -116.97749, 33.06137 ], [ -116.97365, 33.05894 ], [ -116.97284, 33.05773 ], [ -116.97123, 33.05681 ], [ -116.97041, 33.05445 ], [ -116.97012, 33.05214 ], [ -116.97067, 33.04869 ], [ -116.9712, 33.0472 ], [ -116.97381, 33.04507 ], [ -116.97413, 33.04445 ], [ -116.97145, 33.04287 ], [ -116.97134, 33.04167 ], [ -116.97238, 33.04038 ], [ -116.97098, 33.03953 ], [ -116.97132, 33.03871 ], [ -116.97099, 33.03845 ], [ -116.97151, 33.03771 ], [ -116.97137, 33.03707 ], [ -116.97266, 33.03659 ], [ -116.97546, 33.03783 ], [ -116.98171, 33.03855 ], [ -116.98533, 33.03932 ], [ -116.98643, 33.03812 ], [ -116.98681, 33.03695 ], [ -116.98842, 33.03518 ], [ -116.98838, 33.03447 ], [ -116.9891, 33.03382 ], [ -116.98968, 33.03256 ], [ -116.99131, 33.03153 ], [ -116.99265, 33.02941 ], [ -116.99934, 33.02267 ], [ -117.00114, 33.02272 ], [ -117.00102, 33.03009 ], [ -116.9965, 33.03012 ], [ -116.99665, 33.05207 ], [ -117.00541, 33.05175 ], [ -117.00545, 33.05923 ], [ -117.00996, 33.05899 ], [ -117.01001, 33.06257 ], [ -117.01211, 33.06254 ], [ -117.01216, 33.06635 ], [ -117.00047, 33.06623 ], [ -116.99956, 33.06738 ], [ -116.99679, 33.06825 ], [ -116.99475, 33.06789 ], [ -116.9931, 33.06718 ], [ -116.9922, 33.06736 ] ] ] } },
{ "type": "Feature", "properties": { "police_beat": 422 }, "geometry": { "type": "Polygon", "coordinates": [ [ [ -117.09671, 33.022 ], [ -117.09913, 33.01234 ], [ -117.09593, 33.01214 ], [ -117.09655, 33.00979 ], [ -117.10583, 33.0149 ], [ -117.11137, 33.01659 ], [ -117.10993, 33.02005 ], [ -117.10781, 33.02015 ], [ -117.10557, 33.02159 ], [ -117.10428, 33.02199 ], [ -117.10026, 33.02119 ], [ -117.09671, 33.022 ] ] ] } },
{ "type": "Feature", "properties": { "police_beat": 423 }, "geometry": { "type": "Polygon", "coordinates": [ [ [ -116.95779, 32.9631 ], [ -116.9535, 32.96325 ], [ -116.95075, 32.94307 ], [ -116.95163, 32.94268 ], [ -116.9542, 32.94253 ], [ -116.95414, 32.9414 ], [ -116.95479, 32.94093 ], [ -116.95577, 32.94089 ], [ -116.95621, 32.94164 ], [ -116.95588, 32.94008 ], [ -116.95983, 32.94154 ], [ -116.96151, 32.94158 ], [ -116.96276, 32.94315 ], [ -116.96549, 32.94379 ], [ -116.96583, 32.94522 ], [ -116.9667, 32.94605 ], [ -116.97081, 32.94448 ], [ -116.97188, 32.94475 ], [ -116.97428, 32.94364 ], [ -116.97772, 32.94329 ], [ -116.9785, 32.94279 ], [ -116.98034, 32.94261 ], [ -116.98078, 32.9421 ], [ -116.98202, 32.94262 ], [ -116.98565, 32.94286 ], [ -116.9903, 32.94238 ], [ -116.99592, 32.94232 ], [ -116.99778, 32.94308 ], [ -116.99782, 32.95961 ], [ -116.98875, 32.95952 ], [ -116.98853, 32.96307 ], [ -116.96212, 32.96295 ], [ -116.9621, 32.96655 ], [ -116.95779, 32.9667 ], [ -116.95779, 32.9631 ] ] ] } },
{ "type": "Feature", "properties": { "police_beat": 424 }, "geometry": { "type": "Polygon", "coordinates": [ [ [ -117.17469, 33.01067 ], [ -117.174, 33.01125 ], [ -117.16992, 33.01123 ], [ -117.16987, 32.97023 ], [ -117.1786, 32.97024 ], [ -117.17861, 32.97393 ], [ -117.20019, 32.97399 ], [ -117.20025, 32.97761 ], [ -117.20324, 32.97761 ], [ -117.20451, 32.97881 ], [ -117.19658, 32.98497 ], [ -117.19567, 32.98722 ], [ -117.19583, 32.9884 ], [ -117.19742, 32.99121 ], [ -117.19891, 32.99126 ], [ -117.1978, 32.99304 ], [ -117.20321, 32.99308 ], [ -117.19924, 33.00372 ], [ -117.19805, 33.00463 ], [ -117.19616, 33.00462 ], [ -117.19527, 33.00601 ], [ -117.19414, 33.00657 ], [ -117.19332, 33.00774 ], [ -117.19218, 33.0084 ], [ -117.19172, 33.01073 ], [ -117.1913, 33.01129 ], [ -117.19038, 33.01161 ], [ -117.18821, 33.01316 ], [ -117.18709, 33.01324 ], [ -117.17469, 33.01067 ] ] ] } },
{ "type": "Feature", "properties": { "police_beat": 426 }, "geometry": { "type": "Polygon", "coordinates": [ [ [ -117.10749, 32.89808 ], [ -117.10747, 32.89579 ], [ -117.10941, 32.89436 ], [ -117.11473, 32.89321 ], [ -117.11673, 32.8933 ], [ -117.11669, 32.89818 ], [ -117.10749, 32.89808 ] ] ] } },
{ "type": "Feature", "properties": { "police_beat": 430 }, "geometry": { "type": "Polygon", "coordinates": [ [ [ -116.9036, 33.08039 ], [ -116.90294, 33.07909 ], [ -116.90325, 33.0774 ], [ -116.90272, 33.07348 ], [ -116.90205, 33.07241 ], [ -116.89648, 33.07091 ], [ -116.89516, 33.07028 ], [ -116.89269, 33.06996 ], [ -116.89143, 33.06949 ], [ -116.88707, 33.06952 ], [ -116.88551, 33.07015 ], [ -116.88469, 33.07014 ], [ -116.87839, 33.06595 ], [ -116.87389, 33.06572 ], [ -116.87216, 33.06475 ], [ -116.87162, 33.06345 ], [ -116.871, 33.04566 ], [ -116.87061, 33.04466 ], [ -116.8686, 33.04204 ], [ -116.87963, 33.0359 ], [ -116.907, 33.01438 ], [ -116.91233, 33.0175 ], [ -116.91879, 33.01764 ], [ -116.9212, 33.01817 ], [ -116.92665, 33.02272 ], [ -116.93584, 33.02731 ], [ -116.93607, 33.02776 ], [ -116.93609, 33.03293 ], [ -116.95956, 33.03309 ], [ -116.96455, 33.03203 ], [ -116.96597, 33.03111 ], [ -116.96997, 33.02977 ], [ -116.9721, 33.0301 ], [ -116.97377, 33.03142 ], [ -116.97409, 33.03244 ], [ -116.97357, 33.03638 ], [ -116.97137, 33.03707 ], [ -116.97151, 33.03771 ], [ -116.97099, 33.03846 ], [ -116.97132, 33.03874 ], [ -116.97092, 33.03934 ], [ -116.97238, 33.04038 ], [ -116.97134, 33.04167 ], [ -116.97146, 33.04289 ], [ -116.97413, 33.04445 ], [ -116.97382, 33.04506 ], [ -116.97111, 33.04735 ], [ -116.97012, 33.05141 ], [ -116.9704, 33.05441 ], [ -116.97089, 33.0554 ], [ -116.9712, 33.06437 ], [ -116.97222, 33.06581 ], [ -116.97249, 33.06724 ], [ -116.97424, 33.06993 ], [ -116.97764, 33.0737 ], [ -116.97493, 33.07498 ], [ -116.97431, 33.07584 ], [ -116.97144, 33.07522 ], [ -116.97159, 33.08012 ], [ -116.95769, 33.08012 ], [ -116.95773, 33.08256 ], [ -116.94627, 33.08265 ], [ -116.94624, 33.08016 ], [ -116.9276, 33.08021 ], [ -116.9138, 33.07962 ], [ -116.91385, 33.08329 ], [ -116.90509, 33.08321 ], [ -116.90518, 33.08685 ], [ -116.90454, 33.08713 ], [ -116.90386, 33.08684 ], [ -116.90359, 33.08606 ], [ -116.9036, 33.08039 ] ] ] } },
{ "type": "Feature", "properties": { "police_beat": 431 }, "geometry": { "type": "MultiPolygon", "coordinates": [ [ [ [ -117.06807, 32.72718 ], [ -117.06841, 32.72457 ], [ -117.06805, 32.72339 ], [ -117.06796, 32.71535 ], [ -117.06968, 32.71427 ], [ -117.07055, 32.71315 ], [ -117.071, 32.71189 ], [ -117.07107, 32.71004 ], [ -117.08501, 32.71045 ], [ -117.08493, 32.71787 ], [ -117.08204, 32.71911 ], [ -117.07127, 32.72721 ], [ -117.06807, 32.72718 ] ] ], [ [ [ -116.80603, 33.09465 ], [ -116.80602, 33.08011 ], [ -116.80679, 33.08012 ], [ -116.80694, 33.06917 ], [ -116.80915, 33.06753 ], [ -116.80916, 33.06634 ], [ -116.81124, 33.06478 ], [ -116.81145, 33.0639 ], [ -116.81288, 33.06271 ], [ -116.81449, 33.05991 ], [ -116.81607, 33.05919 ], [ -116.81817, 33.05693 ], [ -116.82016, 33.05545 ], [ -116.82039, 33.0544 ], [ -116.81997, 33.0505 ], [ -116.82033, 33.04959 ], [ -116.82514, 33.04707 ], [ -116.82855, 33.04651 ], [ -116.83279, 33.04649 ], [ -116.83356, 33.04693 ], [ -116.83438, 33.04811 ], [ -116.83772, 33.04942 ], [ -116.83883, 33.0507 ], [ -116.83976, 33.05111 ], [ -116.85226, 33.0511 ], [ -116.85481, 33.05027 ], [ -116.85901, 33.0473 ], [ -116.8686, 33.04204 ], [ -116.87061, 33.04466 ], [ -116.871, 33.04565 ], [ -116.87162, 33.06345 ], [ -116.87238, 33.06498 ], [ -116.874, 33.06574 ], [ -116.87836, 33.06593 ], [ -116.88466, 33.07013 ], [ -116.88549, 33.07015 ], [ -116.88709, 33.06951 ], [ -116.89149, 33.0695 ], [ -116.89269, 33.06996 ], [ -116.89516, 33.07028 ], [ -116.89648, 33.07091 ], [ -116.90191, 33.07234 ], [ -116.90269, 33.07334 ], [ -116.90325, 33.0774 ], [ -116.90294, 33.07912 ], [ -116.90358, 33.08032 ], [ -116.90387, 33.08222 ], [ -116.90359, 33.08606 ], [ -116.90408, 33.08701 ], [ -116.90518, 33.08685 ], [ -116.90546, 33.08975 ], [ -116.90417, 33.08915 ], [ -116.9024, 33.08966 ], [ -116.90069, 33.08827 ], [ -116.8982, 33.08785 ], [ -116.89732, 33.08842 ], [ -116.89748, 33.09156 ], [ -116.89719, 33.09195 ], [ -116.89604, 33.09164 ], [ -116.8944, 33.09018 ], [ -116.89288, 33.09018 ], [ -116.89242, 33.07967 ], [ -116.87554, 33.07994 ], [ -116.87563, 33.08728 ], [ -116.85904, 33.08712 ], [ -116.85894, 33.08854 ], [ -116.85963, 33.0904 ], [ -116.85875, 33.09512 ], [ -116.80603, 33.09465 ] ] ] ] } },
{ "type": "Feature", "properties": { "police_beat": 432 }, "geometry": { "type": "MultiPolygon", "coordinates": [ [ [ [ -117.07107, 32.70909 ], [ -117.07073, 32.70912 ], [ -117.07066, 32.70882 ], [ -117.07139, 32.70843 ], [ -117.07081, 32.708 ], [ -117.0707, 32.70713 ], [ -117.06778, 32.70584 ], [ -117.06823, 32.70441 ], [ -117.06901, 32.70319 ], [ -117.06968, 32.70276 ], [ -117.06947, 32.70133 ], [ -117.07004, 32.6994 ], [ -117.07017, 32.69372 ], [ -117.07783, 32.69159 ], [ -117.07847, 32.69319 ], [ -117.07966, 32.69273 ], [ -117.08144, 32.69329 ], [ -117.08513, 32.69237 ], [ -117.08501, 32.71045 ], [ -117.07107, 32.71004 ], [ -117.07107, 32.70909 ] ] ], [ [ [ -116.78813, 33.08379 ], [ -116.78621, 33.08321 ], [ -116.78577, 33.08238 ], [ -116.78479, 33.08171 ], [ -116.78432, 33.08067 ], [ -116.78264, 33.07936 ], [ -116.7777, 33.07837 ], [ -116.77111, 33.07491 ], [ -116.76705, 33.07142 ], [ -116.76483, 33.07062 ], [ -116.76264, 33.06906 ], [ -116.76013, 33.06597 ], [ -116.75786, 33.06537 ], [ -116.74661, 33.06543 ], [ -116.75054, 33.06217 ], [ -116.75388, 33.06045 ], [ -116.76102, 33.05832 ], [ -116.76264, 33.05747 ], [ -116.76353, 33.05741 ], [ -116.76445, 33.05785 ], [ -116.76606, 33.05764 ], [ -116.77047, 33.05798 ], [ -116.77126, 33.05773 ], [ -116.77235, 33.05663 ], [ -116.77353, 33.0562 ], [ -116.77613, 33.05619 ], [ -116.77854, 33.05554 ], [ -116.77925, 33.05506 ], [ -116.77925, 33.05462 ], [ -116.77826, 33.05395 ], [ -116.77694, 33.05378 ], [ -116.7769, 33.05347 ], [ -116.77787, 33.05338 ], [ -116.78105, 33.05202 ], [ -116.78215, 33.05086 ], [ -116.78386, 33.05061 ], [ -116.78569, 33.04923 ], [ -116.78766, 33.04938 ], [ -116.78892, 33.04895 ], [ -116.79163, 33.04888 ], [ -116.79626, 33.0509 ], [ -116.8024, 33.04962 ], [ -116.80685, 33.04969 ], [ -116.80679, 33.08012 ], [ -116.80602, 33.08011 ], [ -116.80617, 33.10192 ], [ -116.78952, 33.10183 ], [ -116.78913, 33.10051 ], [ -116.78948, 33.09992 ], [ -116.78947, 33.09722 ], [ -116.79067, 33.0938 ], [ -116.79086, 33.09171 ], [ -116.79064, 33.09044 ], [ -116.79182, 33.08565 ], [ -116.78813, 33.08379 ] ] ] ] } },
{ "type": "Feature", "properties": { "police_beat": 433 }, "geometry": { "type": "MultiPolygon", "coordinates": [ [ [ [ -117.06444, 32.72948 ], [ -117.04922, 32.72967 ], [ -117.04931, 32.71515 ], [ -117.0466, 32.71515 ], [ -117.04877, 32.71268 ], [ -117.05071, 32.71166 ], [ -117.07107, 32.70909 ], [ -117.07102, 32.7117 ], [ -117.07064, 32.71299 ], [ -117.06979, 32.71417 ], [ -117.06796, 32.71547 ], [ -117.06805, 32.72339 ], [ -117.06841, 32.72456 ], [ -117.06807, 32.72718 ], [ -117.07112, 32.72721 ], [ -117.06371, 32.73001 ], [ -117.05948, 32.73298 ], [ -117.05806, 32.73433 ], [ -117.05804, 32.73374 ], [ -117.05896, 32.73281 ], [ -117.06231, 32.73053 ], [ -117.06444, 32.72948 ] ] ], [ [ [ -116.97548, 33.03784 ], [ -116.97308, 33.03697 ], [ -116.97266, 33.03659 ], [ -116.97357, 33.03638 ], [ -116.97392, 33.03505 ], [ -116.97373, 33.03432 ], [ -116.97406, 33.03203 ], [ -116.97294, 33.03061 ], [ -116.97153, 33.0299 ], [ -116.96936, 33.02986 ], [ -116.96591, 33.03114 ], [ -116.96454, 33.03203 ], [ -116.95872, 33.03314 ], [ -116.95749, 33.0297 ], [ -116.95706, 33.02639 ], [ -116.9549, 33.02294 ], [ -116.95332, 33.01879 ], [ -116.95316, 33.01316 ], [ -116.95285, 33.01233 ], [ -116.95372, 33.01159 ], [ -116.95414, 33.00938 ], [ -116.95613, 33.00575 ], [ -116.95756, 33.00407 ], [ -116.95828, 32.99991 ], [ -116.95885, 32.99914 ], [ -116.9619, 32.99835 ], [ -116.96188, 33.00007 ], [ -116.9793, 33.00015 ], [ -116.97875, 33.00755 ], [ -116.9788, 33.01116 ], [ -116.9702, 33.0112 ], [ -116.97017, 33.01493 ], [ -116.98315, 33.01496 ], [ -116.98318, 33.01121 ], [ -116.9918, 33.01127 ], [ -116.99176, 33.00753 ], [ -116.99612, 33.00753 ], [ -116.99658, 33.02259 ], [ -116.99934, 33.02267 ], [ -116.99265, 33.02941 ], [ -116.99131, 33.03153 ], [ -116.98985, 33.03235 ], [ -116.9891, 33.03382 ], [ -116.98838, 33.03447 ], [ -116.98842, 33.03518 ], [ -116.98681, 33.03695 ], [ -116.98643, 33.03812 ], [ -116.98538, 33.03928 ], [ -116.97548, 33.03784 ] ] ] ] } },
{ "type": "Feature", "properties": { "police_beat": 434 }, "geometry": { "type": "MultiPolygon", "coordinates": [ [ [ [ -117.02949, 32.72119 ], [ -117.02847, 32.72118 ], [ -117.02847, 32.71868 ], [ -117.02299, 32.71848 ], [ -117.02316, 32.71473 ], [ -117.02044, 32.71477 ], [ -117.01816, 32.70826 ], [ -117.02112, 32.70738 ], [ -117.02083, 32.70609 ], [ -117.0217, 32.70478 ], [ -117.02275, 32.70466 ], [ -117.023, 32.70394 ], [ -117.02491, 32.70342 ], [ -117.02571, 32.70444 ], [ -117.02642, 32.70408 ], [ -117.02673, 32.70344 ], [ -117.02917, 32.70403 ], [ -117.02967, 32.70291 ], [ -117.03071, 32.70258 ], [ -117.031, 32.70417 ], [ -117.03212, 32.70692 ], [ -117.03277, 32.70749 ], [ -117.03568, 32.70876 ], [ -117.03612, 32.71058 ], [ -117.03742, 32.71241 ], [ -117.03841, 32.71211 ], [ -117.04932, 32.71208 ], [ -117.04173, 32.72057 ], [ -117.04065, 32.71994 ], [ -117.04035, 32.72028 ], [ -117.0388, 32.71957 ], [ -117.0378, 32.72068 ], [ -117.03667, 32.72029 ], [ -117.03653, 32.72107 ], [ -117.03535, 32.7212 ], [ -117.03535, 32.72016 ], [ -117.03451, 32.72026 ], [ -117.03465, 32.71668 ], [ -117.03279, 32.71534 ], [ -117.03206, 32.71554 ], [ -117.03189, 32.72028 ], [ -117.03022, 32.72025 ], [ -117.03021, 32.72172 ], [ -117.02957, 32.72171 ], [ -117.02949, 32.72119 ] ] ], [ [ [ -116.91365, 33.00917 ], [ -116.91449, 33.00887 ], [ -116.91559, 33.00891 ], [ -116.91786, 33.00981 ], [ -116.91925, 33.01 ], [ -116.92421, 33.00853 ], [ -116.92539, 33.00878 ], [ -116.92768, 33.00994 ], [ -116.93133, 33.01098 ], [ -116.94179, 33.0106 ], [ -116.94781, 33.01143 ], [ -116.95137, 33.0125 ], [ -116.95285, 33.01233 ], [ -116.95316, 33.01316 ], [ -116.95332, 33.01879 ], [ -116.9549, 33.02294 ], [ -116.95706, 33.02639 ], [ -116.95749, 33.0297 ], [ -116.95872, 33.03314 ], [ -116.93609, 33.03293 ], [ -116.93607, 33.02776 ], [ -116.93584, 33.02731 ], [ -116.92665, 33.02272 ], [ -116.9212, 33.01817 ], [ -116.91879, 33.01764 ], [ -116.91233, 33.0175 ], [ -116.907, 33.01438 ], [ -116.91365, 33.00917 ] ] ] ] } },
{ "type": "Feature", "properties": { "police_beat": 435 }, "geometry": { "type": "MultiPolygon", "coordinates": [ [ [ [ -117.05007, 32.7323 ], [ -117.05007, 32.73197 ], [ -117.04937, 32.73197 ], [ -117.04938, 32.73145 ], [ -117.04991, 32.73144 ], [ -117.04992, 32.73041 ], [ -117.05073, 32.7304 ], [ -117.05073, 32.72964 ], [ -117.06228, 32.72968 ], [ -117.06048, 32.73088 ], [ -117.05959, 32.73046 ], [ -117.05816, 32.73073 ], [ -117.05816, 32.73034 ], [ -117.05758, 32.72994 ], [ -117.05491, 32.73157 ], [ -117.05263, 32.73229 ], [ -117.05188, 32.73296 ], [ -117.05194, 32.73376 ], [ -117.05159, 32.73388 ], [ -117.05159, 32.73335 ], [ -117.04978, 32.73334 ], [ -117.0498, 32.7323 ], [ -117.05007, 32.7323 ] ] ], [ [ [ -116.87041, 33.00891 ], [ -116.8715, 33.0084 ], [ -116.87295, 33.00833 ], [ -116.8752, 33.00765 ], [ -116.87931, 33.00748 ], [ -116.87962, 33.00839 ], [ -116.90382, 33.00852 ], [ -116.90486, 33.00899 ], [ -116.90853, 33.01318 ], [ -116.87963, 33.0359 ], [ -116.8686, 33.04204 ], [ -116.865, 33.03738 ], [ -116.86466, 33.03636 ], [ -116.86647, 33.03204 ], [ -116.86654, 33.00889 ], [ -116.87041, 33.00891 ] ] ] ] } },
{ "type": "Feature", "properties": { "police_beat": 436 }, "geometry": { "type": "MultiPolygon", "coordinates": [ [ [ [ -117.02121, 32.70386 ], [ -117.01977, 32.70092 ], [ -117.01912, 32.70094 ], [ -117.01882, 32.70044 ], [ -117.02524, 32.69868 ], [ -117.02492, 32.69786 ], [ -117.02583, 32.69752 ], [ -117.02755, 32.69927 ], [ -117.0295, 32.69978 ], [ -117.03038, 32.7007 ], [ -117.03071, 32.70258 ], [ -117.02967, 32.70291 ], [ -117.02917, 32.70403 ], [ -117.02673, 32.70344 ], [ -117.02642, 32.70408 ], [ -117.02571, 32.70444 ], [ -117.02491, 32.70342 ], [ -117.023, 32.70394 ], [ -117.02275, 32.70466 ], [ -117.0217, 32.70478 ], [ -117.02084, 32.70607 ], [ -117.02117, 32.70728 ], [ -117.02069, 32.70753 ], [ -117.02002, 32.70584 ], [ -117.02079, 32.70563 ], [ -117.0212, 32.7048 ], [ -117.02121, 32.70386 ] ] ], [ [ [ -117.03603, 32.70935 ], [ -117.03561, 32.7087 ], [ -117.03279, 32.70749 ], [ -117.03212, 32.70692 ], [ -117.031, 32.70417 ], [ -117.03071, 32.70258 ], [ -117.03475, 32.7022 ], [ -117.03951, 32.70377 ], [ -117.04083, 32.70392 ], [ -117.04393, 32.70295 ], [ -117.05059, 32.70245 ], [ -117.05468, 32.70129 ], [ -117.05468, 32.7032 ], [ -117.05533, 32.70561 ], [ -117.05451, 32.70923 ], [ -117.05502, 32.71092 ], [ -117.0558, 32.71098 ], [ -117.05104, 32.71158 ], [ -117.04929, 32.71229 ], [ -117.04932, 32.71208 ], [ -117.04849, 32.71202 ], [ -117.03845, 32.71211 ], [ -117.03742, 32.71241 ], [ -117.03616, 32.71065 ], [ -117.03603, 32.70935 ] ] ], [ [ [ -116.80656, 33.02621 ], [ -116.83562, 33.02598 ], [ -116.83855, 33.02572 ], [ -116.83853, 33.02315 ], [ -116.84063, 33.02388 ], [ -116.84924, 33.02406 ], [ -116.8491, 33.01508 ], [ -116.85166, 33.01201 ], [ -116.8529, 33.01113 ], [ -116.85797, 33.00944 ], [ -116.86602, 33.00858 ], [ -116.86655, 33.01004 ], [ -116.86647, 33.03201 ], [ -116.86466, 33.03639 ], [ -116.865, 33.03738 ], [ -116.8686, 33.04204 ], [ -116.85901, 33.0473 ], [ -116.85482, 33.05026 ], [ -116.85228, 33.0511 ], [ -116.83976, 33.05111 ], [ -116.83883, 33.0507 ], [ -116.83772, 33.04942 ], [ -116.8344, 33.04812 ], [ -116.8335, 33.04687 ], [ -116.83255, 33.04643 ], [ -116.82855, 33.04651 ], [ -116.82486, 33.04718 ], [ -116.82032, 33.0496 ], [ -116.81997, 33.0505 ], [ -116.82039, 33.0544 ], [ -116.82016, 33.05545 ], [ -116.81817, 33.05693 ], [ -116.81607, 33.05919 ], [ -116.81449, 33.05991 ], [ -116.81288, 33.06271 ], [ -116.81145, 33.0639 ], [ -116.81124, 33.06478 ], [ -116.80916, 33.06634 ], [ -116.80914, 33.06754 ], [ -116.80689, 33.06918 ], [ -116.80656, 33.02621 ] ] ] ] } },
{ "type": "Feature", "properties": { "police_beat": 437 }, "geometry": { "type": "MultiPolygon", "coordinates": [ [ [ [ -117.0341, 32.70218 ], [ -117.03071, 32.70258 ], [ -117.03041, 32.70078 ], [ -117.02981, 32.69997 ], [ -117.02755, 32.69927 ], [ -117.02583, 32.69752 ], [ -117.02492, 32.69786 ], [ -117.02462, 32.69708 ], [ -117.02279, 32.69653 ], [ -117.02198, 32.69462 ], [ -117.02208, 32.6933 ], [ -117.02237, 32.69288 ], [ -117.02296, 32.69277 ], [ -117.02162, 32.68865 ], [ -117.02347, 32.68676 ], [ -117.02478, 32.68595 ], [ -117.02591, 32.68579 ], [ -117.02635, 32.68468 ], [ -117.02875, 32.68322 ], [ -117.02944, 32.68224 ], [ -117.03101, 32.68103 ], [ -117.03252, 32.68049 ], [ -117.03287, 32.67961 ], [ -117.03583, 32.67732 ], [ -117.03948, 32.67338 ], [ -117.04178, 32.6716 ], [ -117.04161, 32.67114 ], [ -117.04443, 32.67023 ], [ -117.04515, 32.67053 ], [ -117.04521, 32.67101 ], [ -117.04731, 32.67039 ], [ -117.04836, 32.67325 ], [ -117.04868, 32.67757 ], [ -117.05035, 32.68109 ], [ -117.05023, 32.68208 ], [ -117.04944, 32.68306 ], [ -117.05127, 32.68463 ], [ -117.04996, 32.68529 ], [ -117.04916, 32.68609 ], [ -117.04874, 32.68711 ], [ -117.04883, 32.68825 ], [ -117.0511, 32.68787 ], [ -117.05325, 32.68843 ], [ -117.06045, 32.68936 ], [ -117.06433, 32.68886 ], [ -117.06536, 32.69135 ], [ -117.06569, 32.69126 ], [ -117.06567, 32.69171 ], [ -117.06225, 32.69383 ], [ -117.05809, 32.6954 ], [ -117.05514, 32.69545 ], [ -117.05368, 32.69571 ], [ -117.05275, 32.69623 ], [ -117.05222, 32.69692 ], [ -117.05365, 32.6982 ], [ -117.05468, 32.70129 ], [ -117.05059, 32.70245 ], [ -117.04393, 32.70295 ], [ -117.04083, 32.70392 ], [ -117.03949, 32.70377 ], [ -117.0341, 32.70218 ] ] ], [ [ [ -116.72103, 33.02852 ], [ -116.73809, 33.02875 ], [ -116.75094, 33.02942 ], [ -116.77195, 33.02954 ], [ -116.77177, 33.00579 ], [ -116.76457, 33.0044 ], [ -116.75612, 33.00193 ], [ -116.75671, 33.00002 ], [ -116.76019, 33.00076 ], [ -116.76467, 33.00047 ], [ -116.77096, 33.00192 ], [ -116.78056, 33.00563 ], [ -116.78806, 33.00682 ], [ -116.79202, 33.00707 ], [ -116.79364, 33.00683 ], [ -116.79509, 33.00621 ], [ -116.7978, 33.00359 ], [ -116.80115, 33.00298 ], [ -116.80246, 33.00213 ], [ -116.80403, 33.00275 ], [ -116.80831, 33.00306 ], [ -116.81275, 33.00498 ], [ -116.81538, 33.0055 ], [ -116.82264, 33.00538 ], [ -116.82545, 33.00471 ], [ -116.83128, 33.00179 ], [ -116.83422, 33.0012 ], [ -116.83623, 32.99969 ], [ -116.83883, 32.99836 ], [ -116.84397, 32.99787 ], [ -116.84642, 32.99831 ], [ -116.84917, 32.99829 ], [ -116.8514, 32.99765 ], [ -116.85539, 32.99773 ], [ -116.85977, 32.99862 ], [ -116.86233, 32.99953 ], [ -116.864, 33.00265 ], [ -116.86523, 33.00391 ], [ -116.86563, 33.005 ], [ -116.8655, 33.00721 ], [ -116.86602, 33.00858 ], [ -116.85984, 33.00917 ], [ -116.85621, 33.00988 ], [ -116.8529, 33.01113 ], [ -116.84982, 33.01394 ], [ -116.8491, 33.01508 ], [ -116.84924, 33.02406 ], [ -116.84063, 33.02388 ], [ -116.83853, 33.02315 ], [ -116.83855, 33.02572 ], [ -116.83562, 33.02598 ], [ -116.80656, 33.02621 ], [ -116.80673, 33.04969 ], [ -116.80239, 33.04962 ], [ -116.79626, 33.0509 ], [ -116.79163, 33.04888 ], [ -116.78892, 33.04895 ], [ -116.78766, 33.04938 ], [ -116.78568, 33.04923 ], [ -116.78386, 33.05061 ], [ -116.78215, 33.05086 ], [ -116.78105, 33.05202 ], [ -116.77787, 33.05338 ], [ -116.7769, 33.05347 ], [ -116.77694, 33.05378 ], [ -116.77826, 33.05395 ], [ -116.77925, 33.05462 ], [ -116.77925, 33.05506 ], [ -116.77854, 33.05554 ], [ -116.77613, 33.05619 ], [ -116.77353, 33.0562 ], [ -116.77235, 33.05663 ], [ -116.77126, 33.05773 ], [ -116.77047, 33.05798 ], [ -116.76606, 33.05764 ], [ -116.76446, 33.05785 ], [ -116.76353, 33.05741 ], [ -116.76263, 33.05748 ], [ -116.76102, 33.05832 ], [ -116.75402, 33.06038 ], [ -116.75055, 33.06216 ], [ -116.74661, 33.06543 ], [ -116.74142, 33.06746 ], [ -116.72076, 33.05772 ], [ -116.72111, 33.05033 ], [ -116.72103, 33.02852 ] ] ] ] } },
{ "type": "Feature", "properties": { "police_beat": 438 }, "geometry": { "type": "MultiPolygon", "coordinates": [ [ [ [ -117.05107, 32.68787 ], [ -117.04872, 32.6881 ], [ -117.04877, 32.68699 ], [ -117.04922, 32.686 ], [ -117.05127, 32.68463 ], [ -117.04944, 32.68306 ], [ -117.05023, 32.68208 ], [ -117.05035, 32.68109 ], [ -117.04868, 32.67757 ], [ -117.04836, 32.67325 ], [ -117.04731, 32.67039 ], [ -117.04521, 32.67101 ], [ -117.04515, 32.67053 ], [ -117.04443, 32.67023 ], [ -117.05019, 32.66703 ], [ -117.05287, 32.66576 ], [ -117.05318, 32.66593 ], [ -117.05315, 32.66564 ], [ -117.05719, 32.66464 ], [ -117.05707, 32.6643 ], [ -117.06073, 32.66363 ], [ -117.06537, 32.66226 ], [ -117.07287, 32.68157 ], [ -117.06465, 32.68384 ], [ -117.06602, 32.68734 ], [ -117.06397, 32.68792 ], [ -117.06433, 32.68886 ], [ -117.06055, 32.68936 ], [ -117.05107, 32.68787 ] ] ], [ [ [ -116.93135, 33.01098 ], [ -116.92766, 33.00993 ], [ -116.92428, 33.00853 ], [ -116.92309, 33.00867 ], [ -116.91938, 33.01 ], [ -116.91795, 33.00984 ], [ -116.91531, 33.00886 ], [ -116.91365, 33.00917 ], [ -116.92016, 33.00377 ], [ -116.92515, 33.00057 ], [ -116.92841, 32.99967 ], [ -116.93001, 32.99846 ], [ -116.9301, 32.99731 ], [ -116.92991, 32.99637 ], [ -116.92851, 32.99472 ], [ -116.92708, 32.99141 ], [ -116.92693, 32.98942 ], [ -116.92553, 32.98607 ], [ -116.9246, 32.98507 ], [ -116.92354, 32.98268 ], [ -116.92018, 32.97889 ], [ -116.91969, 32.97758 ], [ -116.91951, 32.97498 ], [ -116.9186, 32.97377 ], [ -116.91238, 32.96912 ], [ -116.91048, 32.96499 ], [ -116.91058, 32.96385 ], [ -116.91135, 32.96219 ], [ -116.91155, 32.96038 ], [ -116.91295, 32.95943 ], [ -116.91378, 32.95842 ], [ -116.9154, 32.95767 ], [ -116.91498, 32.95561 ], [ -116.91611, 32.95099 ], [ -116.91603, 32.94822 ], [ -116.91388, 32.94682 ], [ -116.91317, 32.94582 ], [ -116.91162, 32.94205 ], [ -116.91165, 32.93967 ], [ -116.91095, 32.93912 ], [ -116.91013, 32.93725 ], [ -116.90843, 32.93728 ], [ -116.90672, 32.93368 ], [ -116.90679, 32.93167 ], [ -116.90701, 32.93043 ], [ -116.90787, 32.92905 ], [ -116.90923, 32.92841 ], [ -116.91246, 32.92858 ], [ -116.91668, 32.93098 ], [ -116.91804, 32.93079 ], [ -116.9191, 32.93 ], [ -116.92147, 32.92597 ], [ -116.92209, 32.92054 ], [ -116.92259, 32.91905 ], [ -116.92374, 32.9179 ], [ -116.9253, 32.91739 ], [ -116.92805, 32.91833 ], [ -116.93438, 32.92516 ], [ -116.93576, 32.92742 ], [ -116.93754, 32.93293 ], [ -116.93814, 32.93387 ], [ -116.93798, 32.93515 ], [ -116.93603, 32.93673 ], [ -116.93956, 32.93711 ], [ -116.9434, 32.94281 ], [ -116.94504, 32.94431 ], [ -116.94747, 32.94427 ], [ -116.95075, 32.94307 ], [ -116.9535, 32.96325 ], [ -116.95348, 32.97048 ], [ -116.94037, 32.97069 ], [ -116.94042, 32.9852 ], [ -116.94484, 32.98514 ], [ -116.94487, 32.9887 ], [ -116.95344, 32.9887 ], [ -116.95346, 32.98145 ], [ -116.95777, 32.98135 ], [ -116.95777, 32.97762 ], [ -116.96207, 32.97747 ], [ -116.96204, 32.98869 ], [ -116.95776, 32.9887 ], [ -116.95777, 32.99241 ], [ -116.96203, 32.99245 ], [ -116.9619, 32.99835 ], [ -116.95925, 32.99895 ], [ -116.95843, 32.99955 ], [ -116.95759, 33.00399 ], [ -116.95621, 33.00563 ], [ -116.95424, 33.00916 ], [ -116.95365, 33.01173 ], [ -116.95312, 33.01224 ], [ -116.95151, 33.01252 ], [ -116.94778, 33.01143 ], [ -116.94135, 33.01059 ], [ -116.93135, 33.01098 ] ] ] ] } },
{ "type": "Feature", "properties": { "police_beat": 439 }, "geometry": { "type": "MultiPolygon", "coordinates": [ [ [ [ -117.05222, 32.69692 ], [ -117.05346, 32.6958 ], [ -117.05528, 32.69543 ], [ -117.05805, 32.69541 ], [ -117.06239, 32.69376 ], [ -117.06535, 32.69212 ], [ -117.06569, 32.69126 ], [ -117.07552, 32.68846 ], [ -117.07681, 32.69187 ], [ -117.06607, 32.69489 ], [ -117.0652, 32.69491 ], [ -117.06508, 32.69561 ], [ -117.0617, 32.69608 ], [ -117.05367, 32.69824 ], [ -117.05222, 32.69692 ] ] ], [ [ [ -116.87962, 33.00839 ], [ -116.87931, 33.00748 ], [ -116.8752, 33.00765 ], [ -116.87295, 33.00833 ], [ -116.8715, 33.0084 ], [ -116.87041, 33.00891 ], [ -116.86654, 33.00889 ], [ -116.86654, 33.00992 ], [ -116.86553, 33.00744 ], [ -116.8657, 33.00539 ], [ -116.86535, 33.00415 ], [ -116.864, 33.00265 ], [ -116.86229, 32.9995 ], [ -116.85977, 32.99862 ], [ -116.85552, 32.99774 ], [ -116.8515, 32.99764 ], [ -116.84939, 32.99827 ], [ -116.84799, 32.99824 ], [ -116.84798, 32.99739 ], [ -116.84857, 32.99448 ], [ -116.85102, 32.99326 ], [ -116.85285, 32.99162 ], [ -116.85582, 32.99179 ], [ -116.85968, 32.99118 ], [ -116.86083, 32.98973 ], [ -116.86219, 32.98908 ], [ -116.86272, 32.98793 ], [ -116.86415, 32.98724 ], [ -116.86617, 32.98528 ], [ -116.86777, 32.98468 ], [ -116.86871, 32.98389 ], [ -116.86921, 32.98261 ], [ -116.87071, 32.9815 ], [ -116.87169, 32.9801 ], [ -116.87393, 32.97932 ], [ -116.87359, 32.97773 ], [ -116.87664, 32.97731 ], [ -116.87795, 32.9766 ], [ -116.87968, 32.97622 ], [ -116.88044, 32.97629 ], [ -116.88114, 32.97684 ], [ -116.88177, 32.97579 ], [ -116.88167, 32.97476 ], [ -116.88249, 32.97366 ], [ -116.88581, 32.97381 ], [ -116.8873, 32.97307 ], [ -116.88883, 32.97304 ], [ -116.89396, 32.96982 ], [ -116.89398, 32.96918 ], [ -116.89317, 32.9682 ], [ -116.8933, 32.96752 ], [ -116.89596, 32.96628 ], [ -116.89727, 32.96322 ], [ -116.89856, 32.96228 ], [ -116.90099, 32.95943 ], [ -116.90346, 32.95751 ], [ -116.90399, 32.95628 ], [ -116.9039, 32.95542 ], [ -116.90563, 32.95463 ], [ -116.90711, 32.95325 ], [ -116.90694, 32.95241 ], [ -116.9061, 32.95191 ], [ -116.90543, 32.94785 ], [ -116.90468, 32.94654 ], [ -116.90525, 32.94535 ], [ -116.9057, 32.943 ], [ -116.90797, 32.94158 ], [ -116.90891, 32.9408 ], [ -116.90932, 32.94002 ], [ -116.90907, 32.93842 ], [ -116.90843, 32.93728 ], [ -116.91013, 32.93725 ], [ -116.91095, 32.93912 ], [ -116.91166, 32.9397 ], [ -116.91162, 32.94203 ], [ -116.91316, 32.94581 ], [ -116.9139, 32.94683 ], [ -116.91599, 32.9481 ], [ -116.91612, 32.95081 ], [ -116.91499, 32.95554 ], [ -116.91539, 32.9577 ], [ -116.91378, 32.95842 ], [ -116.91295, 32.95943 ], [ -116.91156, 32.96037 ], [ -116.91135, 32.96219 ], [ -116.91058, 32.96383 ], [ -116.91047, 32.96497 ], [ -116.91237, 32.9691 ], [ -116.9186, 32.97377 ], [ -116.91952, 32.97499 ], [ -116.91969, 32.97758 ], [ -116.92018, 32.97888 ], [ -116.92354, 32.98268 ], [ -116.9246, 32.98507 ], [ -116.92562, 32.98624 ], [ -116.92693, 32.98942 ], [ -116.92708, 32.99141 ], [ -116.92851, 32.99472 ], [ -116.92993, 32.99639 ], [ -116.93012, 32.99817 ], [ -116.92815, 32.99984 ], [ -116.92515, 33.00057 ], [ -116.92011, 33.0038 ], [ -116.90853, 33.01318 ], [ -116.90484, 33.00897 ], [ -116.9036, 33.00851 ], [ -116.87962, 33.00839 ] ] ] ] } },
{ "type": "Feature", "properties": { "police_beat": 440 }, "geometry": { "type": "MultiPolygon", "coordinates": [ [ [ [ -116.8105, 32.97483 ], [ -116.81478, 32.97435 ], [ -116.82116, 32.97426 ], [ -116.82115, 32.97532 ], [ -116.81262, 32.97637 ], [ -116.81263, 32.97549 ], [ -116.8105, 32.97573 ], [ -116.8105, 32.97483 ] ] ], [ [ [ -116.76435, 33.00042 ], [ -116.76022, 33.00077 ], [ -116.75671, 33.00002 ], [ -116.75685, 32.9992 ], [ -116.7681, 32.9975 ], [ -116.77969, 32.99096 ], [ -116.77994, 32.97845 ], [ -116.79738, 32.97823 ], [ -116.79764, 32.96373 ], [ -116.80629, 32.96385 ], [ -116.80626, 32.94933 ], [ -116.83362, 32.9495 ], [ -116.83111, 32.95312 ], [ -116.82392, 32.95306 ], [ -116.82379, 32.96037 ], [ -116.81491, 32.96035 ], [ -116.81492, 32.95669 ], [ -116.8106, 32.95667 ], [ -116.81061, 32.96401 ], [ -116.80632, 32.96399 ], [ -116.80623, 32.9784 ], [ -116.81048, 32.97841 ], [ -116.81049, 32.97662 ], [ -116.81147, 32.97651 ], [ -116.81804, 32.98292 ], [ -116.81633, 32.99286 ], [ -116.84131, 32.99332 ], [ -116.84128, 32.97834 ], [ -116.84099, 32.97369 ], [ -116.84262, 32.97215 ], [ -116.84342, 32.97041 ], [ -116.84576, 32.96845 ], [ -116.84833, 32.96499 ], [ -116.85033, 32.96428 ], [ -116.85338, 32.9641 ], [ -116.85421, 32.96241 ], [ -116.85563, 32.96156 ], [ -116.8582, 32.96158 ], [ -116.86079, 32.96211 ], [ -116.86137, 32.96253 ], [ -116.86333, 32.96288 ], [ -116.86439, 32.96275 ], [ -116.86562, 32.96323 ], [ -116.86649, 32.96299 ], [ -116.86892, 32.9646 ], [ -116.87247, 32.96601 ], [ -116.873, 32.96656 ], [ -116.87511, 32.9669 ], [ -116.87574, 32.96665 ], [ -116.878, 32.96751 ], [ -116.87944, 32.96726 ], [ -116.88163, 32.96794 ], [ -116.88389, 32.96768 ], [ -116.888, 32.96518 ], [ -116.8894, 32.96624 ], [ -116.89099, 32.96653 ], [ -116.89174, 32.96714 ], [ -116.89399, 32.96701 ], [ -116.89332, 32.96749 ], [ -116.89316, 32.96801 ], [ -116.89399, 32.9692 ], [ -116.894, 32.96978 ], [ -116.89279, 32.97032 ], [ -116.8915, 32.97152 ], [ -116.88931, 32.97284 ], [ -116.88727, 32.97308 ], [ -116.88584, 32.9738 ], [ -116.88252, 32.97365 ], [ -116.88167, 32.97476 ], [ -116.88176, 32.97581 ], [ -116.88112, 32.97685 ], [ -116.88044, 32.97629 ], [ -116.87969, 32.97622 ], [ -116.87795, 32.9766 ], [ -116.87664, 32.97731 ], [ -116.87359, 32.97773 ], [ -116.87393, 32.97932 ], [ -116.87169, 32.9801 ], [ -116.87071, 32.9815 ], [ -116.86921, 32.98261 ], [ -116.86871, 32.98389 ], [ -116.86777, 32.98468 ], [ -116.86617, 32.98528 ], [ -116.86415, 32.98724 ], [ -116.86272, 32.98793 ], [ -116.86218, 32.98909 ], [ -116.86084, 32.98972 ], [ -116.85963, 32.99121 ], [ -116.85582, 32.99179 ], [ -116.85295, 32.99158 ], [ -116.85102, 32.99326 ], [ -116.84887, 32.99421 ], [ -116.8483, 32.99502 ], [ -116.84841, 32.99623 ], [ -116.84799, 32.99824 ], [ -116.84642, 32.99831 ], [ -116.84397, 32.99787 ], [ -116.83866, 32.9984 ], [ -116.8362, 32.9997 ], [ -116.8343, 33.00117 ], [ -116.83123, 33.00181 ], [ -116.82446, 33.00505 ], [ -116.82205, 33.00542 ], [ -116.8157, 33.00554 ], [ -116.81279, 33.00499 ], [ -116.80828, 33.00305 ], [ -116.80403, 33.00275 ], [ -116.80246, 33.00213 ], [ -116.80115, 33.00298 ], [ -116.79769, 33.00365 ], [ -116.79591, 33.0056 ], [ -116.79448, 33.00653 ], [ -116.79148, 33.00706 ], [ -116.78806, 33.00682 ], [ -116.78056, 33.00563 ], [ -116.77125, 33.00202 ], [ -116.76435, 33.00042 ] ] ] ] } },
{ "type": "Feature", "properties": { "police_beat": 441 }, "geometry": { "type": "Polygon", "coordinates": [ [ [ -117.09698, 32.70775 ], [ -117.0958, 32.70626 ], [ -117.09486, 32.70413 ], [ -117.0947, 32.69178 ], [ -117.09374, 32.68897 ], [ -117.09603, 32.68895 ], [ -117.09602, 32.68839 ], [ -117.09659, 32.68839 ], [ -117.09812, 32.6884 ], [ -117.09811, 32.68894 ], [ -117.10244, 32.68896 ], [ -117.10238, 32.69608 ], [ -117.1206, 32.69599 ], [ -117.12032, 32.70653 ], [ -117.11494, 32.70644 ], [ -117.11348, 32.7069 ], [ -117.10986, 32.70894 ], [ -117.10516, 32.70932 ], [ -117.09869, 32.70748 ], [ -117.09698, 32.70775 ] ] ] } },
{ "type": "Feature", "properties": { "police_beat": 442 }, "geometry": { "type": "MultiPolygon", "coordinates": [ [ [ [ -117.10238, 32.69608 ], [ -117.10244, 32.68981 ], [ -117.11026, 32.68978 ], [ -117.11025, 32.68926 ], [ -117.1121, 32.68923 ], [ -117.11257, 32.68956 ], [ -117.11287, 32.68924 ], [ -117.11221, 32.68877 ], [ -117.11368, 32.68723 ], [ -117.12162, 32.69285 ], [ -117.12092, 32.69421 ], [ -117.1206, 32.69599 ], [ -117.10238, 32.69608 ] ] ], [ [ [ -116.72294, 33.00335 ], [ -116.72353, 33.00235 ], [ -116.72548, 33.0024 ], [ -116.72598, 33.00141 ], [ -116.72731, 33.00096 ], [ -116.72737, 32.99985 ], [ -116.72807, 32.99926 ], [ -116.7282, 32.99808 ], [ -116.7294, 32.99727 ], [ -116.72927, 32.99661 ], [ -116.72852, 32.99598 ], [ -116.72897, 32.99537 ], [ -116.72814, 32.99395 ], [ -116.73238, 32.9935 ], [ -116.73365, 32.99268 ], [ -116.73394, 32.99215 ], [ -116.73444, 32.99213 ], [ -116.73548, 32.99094 ], [ -116.73699, 32.99112 ], [ -116.73746, 32.99053 ], [ -116.73843, 32.99016 ], [ -116.73858, 32.98954 ], [ -116.73973, 32.98893 ], [ -116.73979, 32.98833 ], [ -116.73893, 32.98843 ], [ -116.73898, 32.98752 ], [ -116.74042, 32.98646 ], [ -116.74198, 32.98348 ], [ -116.74308, 32.98261 ], [ -116.74335, 32.98185 ], [ -116.74281, 32.98097 ], [ -116.74159, 32.98023 ], [ -116.74126, 32.97926 ], [ -116.74003, 32.97793 ], [ -116.75413, 32.97803 ], [ -116.76251, 32.97879 ], [ -116.77101, 32.97864 ], [ -116.77041, 32.96327 ], [ -116.77287, 32.95006 ], [ -116.78966, 32.95 ], [ -116.80626, 32.94933 ], [ -116.80629, 32.96385 ], [ -116.79764, 32.96373 ], [ -116.79738, 32.97823 ], [ -116.77994, 32.97845 ], [ -116.77969, 32.99096 ], [ -116.7681, 32.9975 ], [ -116.75685, 32.9992 ], [ -116.75612, 33.00193 ], [ -116.76457, 33.0044 ], [ -116.77177, 33.00579 ], [ -116.77195, 33.02954 ], [ -116.75094, 33.02942 ], [ -116.73809, 33.02875 ], [ -116.72103, 33.02852 ], [ -116.72027, 33.00223 ], [ -116.72294, 33.00335 ] ] ] ] } },
{ "type": "Feature", "properties": { "police_beat": 443 }, "geometry": { "type": "MultiPolygon", "coordinates": [ [ [ [ -117.10141, 32.68502 ], [ -117.11093, 32.68235 ], [ -117.11221, 32.68533 ], [ -117.11368, 32.68723 ], [ -117.11221, 32.68877 ], [ -117.11287, 32.68924 ], [ -117.11257, 32.68956 ], [ -117.1121, 32.68923 ], [ -117.11025, 32.68926 ], [ -117.11026, 32.68978 ], [ -117.10244, 32.68981 ], [ -117.10245, 32.68887 ], [ -117.10141, 32.68502 ] ] ], [ [ [ -116.73797, 32.97531 ], [ -116.73808, 32.97452 ], [ -116.73841, 32.97432 ], [ -116.73839, 32.97228 ], [ -116.73895, 32.97067 ], [ -116.7494, 32.97074 ], [ -116.74939, 32.9671 ], [ -116.75394, 32.9671 ], [ -116.75388, 32.96343 ], [ -116.76439, 32.96333 ], [ -116.76563, 32.95707 ], [ -116.76778, 32.95696 ], [ -116.76842, 32.95364 ], [ -116.77055, 32.95358 ], [ -116.77123, 32.9501 ], [ -116.77287, 32.95006 ], [ -116.77041, 32.96327 ], [ -116.77101, 32.97864 ], [ -116.76251, 32.97879 ], [ -116.75413, 32.97803 ], [ -116.73999, 32.97788 ], [ -116.73797, 32.97531 ] ] ] ] } },
{ "type": "Feature", "properties": { "police_beat": 444 }, "geometry": { "type": "MultiPolygon", "coordinates": [ [ [ [ -117.10259, 32.7151 ], [ -117.10182, 32.71315 ], [ -117.09698, 32.70775 ], [ -117.09954, 32.70756 ], [ -117.10429, 32.70924 ], [ -117.10651, 32.70925 ], [ -117.10986, 32.70894 ], [ -117.11348, 32.7069 ], [ -117.11494, 32.70644 ], [ -117.12032, 32.70653 ], [ -117.1197, 32.7092 ], [ -117.1178, 32.71398 ], [ -117.1178, 32.71713 ], [ -117.11063, 32.71825 ], [ -117.10742, 32.71813 ], [ -117.1027, 32.71882 ], [ -117.10259, 32.7151 ] ] ], [ [ [ -116.81867, 33.15843 ], [ -116.8182, 33.15887 ], [ -116.8175, 33.1582 ], [ -116.81651, 33.15835 ], [ -116.81602, 33.15801 ], [ -116.81664, 33.15675 ], [ -116.8165, 33.15555 ], [ -116.81731, 33.15299 ], [ -116.8186, 33.15153 ], [ -116.8186, 33.14986 ], [ -116.81921, 33.14866 ], [ -116.82025, 33.14785 ], [ -116.82175, 33.14752 ], [ -116.82215, 33.14646 ], [ -116.823, 33.14551 ], [ -116.8259, 33.14511 ], [ -116.82615, 33.14485 ], [ -116.82561, 33.1438 ], [ -116.82571, 33.1434 ], [ -116.82534, 33.14325 ], [ -116.82364, 33.14369 ], [ -116.82092, 33.14519 ], [ -116.82076, 33.14367 ], [ -116.81975, 33.14261 ], [ -116.82038, 33.14225 ], [ -116.82053, 33.14146 ], [ -116.82123, 33.1408 ], [ -116.82168, 33.14078 ], [ -116.822, 33.14259 ], [ -116.82397, 33.13996 ], [ -116.82442, 33.14014 ], [ -116.82678, 33.13917 ], [ -116.82904, 33.1393 ], [ -116.82973, 33.13973 ], [ -116.83044, 33.14146 ], [ -116.83099, 33.14227 ], [ -116.83186, 33.14277 ], [ -116.83194, 33.14342 ], [ -116.83276, 33.14352 ], [ -116.83365, 33.14148 ], [ -116.8352, 33.14001 ], [ -116.83577, 33.13836 ], [ -116.83663, 33.13742 ], [ -116.83683, 33.13664 ], [ -116.83779, 33.13589 ], [ -116.83802, 33.13544 ], [ -116.83805, 33.13518 ], [ -116.83743, 33.13589 ], [ -116.83639, 33.13634 ], [ -116.83519, 33.13563 ], [ -116.83367, 33.13622 ], [ -116.83362, 33.13358 ], [ -116.83422, 33.13278 ], [ -116.83369, 33.1314 ], [ -116.83382, 33.12968 ], [ -116.83191, 33.12737 ], [ -116.83129, 33.12737 ], [ -116.83006, 33.128 ], [ -116.82935, 33.12776 ], [ -116.8277, 33.12791 ], [ -116.82548, 33.12729 ], [ -116.82365, 33.12744 ], [ -116.82286, 33.12712 ], [ -116.82245, 33.12755 ], [ -116.82174, 33.12704 ], [ -116.82064, 33.12693 ], [ -116.81772, 33.12746 ], [ -116.81794, 33.12644 ], [ -116.81742, 33.12565 ], [ -116.81755, 33.12516 ], [ -116.81714, 33.12458 ], [ -116.8171, 33.12374 ], [ -116.81377, 33.12439 ], [ -116.81159, 33.12285 ], [ -116.81041, 33.12252 ], [ -116.80892, 33.12307 ], [ -116.80838, 33.12563 ], [ -116.80761, 33.12632 ], [ -116.80371, 33.12708 ], [ -116.80339, 33.12659 ], [ -116.80395, 33.12589 ], [ -116.80297, 33.12549 ], [ -116.8021, 33.12462 ], [ -116.80204, 33.1241 ], [ -116.80005, 33.12374 ], [ -116.7998, 33.12321 ], [ -116.79413, 33.1242 ], [ -116.79313, 33.12311 ], [ -116.79197, 33.12074 ], [ -116.7904, 33.12 ], [ -116.78896, 33.11987 ], [ -116.78871, 33.11837 ], [ -116.78885, 33.10178 ], [ -116.80617, 33.10192 ], [ -116.80603, 33.09465 ], [ -116.85875, 33.09512 ], [ -116.85963, 33.0904 ], [ -116.85894, 33.08854 ], [ -116.85904, 33.08712 ], [ -116.87563, 33.08728 ], [ -116.87554, 33.07994 ], [ -116.89242, 33.07967 ], [ -116.89313, 33.09578 ], [ -116.89294, 33.11124 ], [ -116.89271, 33.11201 ], [ -116.89295, 33.1126 ], [ -116.89313, 33.16744 ], [ -116.82042, 33.15936 ], [ -116.81944, 33.15853 ], [ -116.81867, 33.15843 ] ] ] ] } },
{ "type": "Feature", "properties": { "police_beat": 445 }, "geometry": { "type": "MultiPolygon", "coordinates": [ [ [ [ -117.08493, 32.71787 ], [ -117.08499, 32.70954 ], [ -117.09083, 32.70955 ], [ -117.09698, 32.70775 ], [ -117.10148, 32.7126 ], [ -117.10225, 32.71397 ], [ -117.10278, 32.71625 ], [ -117.1027, 32.71882 ], [ -117.0962, 32.71887 ], [ -117.09258, 32.71781 ], [ -117.08493, 32.71787 ] ] ], [ [ [ -116.73091, 33.09896 ], [ -116.73105, 33.09476 ], [ -116.72818, 33.09446 ], [ -116.71982, 33.09458 ], [ -116.71978, 33.08478 ], [ -116.72173, 33.08477 ], [ -116.72153, 33.08551 ], [ -116.72215, 33.08656 ], [ -116.7258, 33.08558 ], [ -116.72611, 33.08594 ], [ -116.72616, 33.07994 ], [ -116.72912, 33.07995 ], [ -116.72915, 33.07625 ], [ -116.73347, 33.07626 ], [ -116.7344, 33.07341 ], [ -116.73661, 33.07053 ], [ -116.73989, 33.06822 ], [ -116.74452, 33.06629 ], [ -116.74519, 33.06776 ], [ -116.74469, 33.06928 ], [ -116.74502, 33.07042 ], [ -116.74469, 33.07185 ], [ -116.74611, 33.0741 ], [ -116.74617, 33.07799 ], [ -116.74542, 33.07998 ], [ -116.74522, 33.08186 ], [ -116.74547, 33.08289 ], [ -116.74501, 33.08339 ], [ -116.74409, 33.08846 ], [ -116.74306, 33.08895 ], [ -116.74102, 33.08894 ], [ -116.74096, 33.09438 ], [ -116.74534, 33.09441 ], [ -116.74551, 33.09823 ], [ -116.73818, 33.09842 ], [ -116.7316, 33.09953 ], [ -116.73091, 33.09896 ] ] ], [ [ [ -116.78271, 33.10081 ], [ -116.7809, 33.09875 ], [ -116.77907, 33.09806 ], [ -116.75869, 33.09819 ], [ -116.75872, 33.09098 ], [ -116.763, 33.09097 ], [ -116.76294, 33.08749 ], [ -116.75867, 33.08742 ], [ -116.75851, 33.08001 ], [ -116.75915, 33.08001 ], [ -116.7593, 33.07636 ], [ -116.75072, 33.0763 ], [ -116.75053, 33.08 ], [ -116.74625, 33.07998 ], [ -116.74628, 33.07402 ], [ -116.74488, 33.07185 ], [ -116.74522, 33.07043 ], [ -116.74495, 33.06905 ], [ -116.74538, 33.06773 ], [ -116.7447, 33.06621 ], [ -116.74696, 33.06538 ], [ -116.75786, 33.06537 ], [ -116.76006, 33.06594 ], [ -116.7607, 33.0664 ], [ -116.7614, 33.06779 ], [ -116.76264, 33.06906 ], [ -116.76483, 33.07062 ], [ -116.76705, 33.07142 ], [ -116.77111, 33.07491 ], [ -116.7777, 33.07837 ], [ -116.78264, 33.07936 ], [ -116.78432, 33.08067 ], [ -116.78479, 33.08171 ], [ -116.78577, 33.08238 ], [ -116.78621, 33.08321 ], [ -116.78813, 33.08379 ], [ -116.79104, 33.08548 ], [ -116.79183, 33.08565 ], [ -116.79064, 33.09044 ], [ -116.79086, 33.09171 ], [ -116.79067, 33.0938 ], [ -116.78947, 33.09722 ], [ -116.78948, 33.09992 ], [ -116.78913, 33.10051 ], [ -116.78952, 33.10183 ], [ -116.78432, 33.10171 ], [ -116.78271, 33.10081 ] ] ] ] } },
{ "type": "Feature", "properties": { "police_beat": 446 }, "geometry": { "type": "Polygon", "coordinates": [ [ [ -117.08513, 32.69189 ], [ -117.08727, 32.6919 ], [ -117.08727, 32.69131 ], [ -117.09046, 32.69133 ], [ -117.09113, 32.69211 ], [ -117.09364, 32.69217 ], [ -117.09374, 32.68907 ], [ -117.094, 32.68934 ], [ -117.0947, 32.69178 ], [ -117.09486, 32.70413 ], [ -117.0958, 32.70626 ], [ -117.09698, 32.70775 ], [ -117.09083, 32.70955 ], [ -117.08499, 32.70954 ], [ -117.08513, 32.69189 ] ] ] } },
{ "type": "Feature", "properties": { "police_beat": 447 }, "geometry": { "type": "Polygon", "coordinates": [ [ [ -117.08493, 32.71787 ], [ -117.08645, 32.71771 ], [ -117.09213, 32.71776 ], [ -117.0962, 32.71887 ], [ -117.1027, 32.71882 ], [ -117.1026, 32.72337 ], [ -117.10323, 32.72566 ], [ -117.10217, 32.72689 ], [ -117.09751, 32.73066 ], [ -117.09281, 32.73535 ], [ -117.09223, 32.73711 ], [ -117.08925, 32.73684 ], [ -117.08714, 32.73543 ], [ -117.089, 32.73145 ], [ -117.08912, 32.72939 ], [ -117.08753, 32.7277 ], [ -117.08567, 32.7271 ], [ -117.085, 32.72638 ], [ -117.08493, 32.71787 ] ] ] } },
{ "type": "Feature", "properties": { "police_beat": 451 }, "geometry": { "type": "Polygon", "coordinates": [ [ [ -117.05111, 32.7423 ], [ -117.05712, 32.73618 ], [ -117.05808, 32.73508 ], [ -117.05806, 32.73433 ], [ -117.05948, 32.73298 ], [ -117.06443, 32.72965 ], [ -117.07184, 32.72689 ], [ -117.08204, 32.71911 ], [ -117.08493, 32.71787 ], [ -117.08496, 32.72629 ], [ -117.08551, 32.727 ], [ -117.08742, 32.72763 ], [ -117.08892, 32.72896 ], [ -117.08908, 32.7311 ], [ -117.08712, 32.73514 ], [ -117.08727, 32.73562 ], [ -117.08808, 32.73615 ], [ -117.0818, 32.74294 ], [ -117.07949, 32.74418 ], [ -117.07952, 32.74317 ], [ -117.077, 32.74259 ], [ -117.07452, 32.74252 ], [ -117.07233, 32.74296 ], [ -117.06938, 32.74451 ], [ -117.06177, 32.74397 ], [ -117.05943, 32.74468 ], [ -117.05872, 32.74568 ], [ -117.05301, 32.74402 ], [ -117.05111, 32.7423 ] ] ] } },
{ "type": "Feature", "properties": { "police_beat": 452 }, "geometry": { "type": "Polygon", "coordinates": [ [ [ -117.05533, 32.70549 ], [ -117.05468, 32.7032 ], [ -117.05461, 32.70072 ], [ -117.0537, 32.6983 ], [ -117.06168, 32.69608 ], [ -117.06508, 32.69561 ], [ -117.0652, 32.69491 ], [ -117.07017, 32.69372 ], [ -117.07004, 32.6994 ], [ -117.06947, 32.70133 ], [ -117.06968, 32.70276 ], [ -117.06901, 32.70319 ], [ -117.06823, 32.70441 ], [ -117.06778, 32.70584 ], [ -117.07067, 32.7071 ], [ -117.07081, 32.708 ], [ -117.07139, 32.70843 ], [ -117.07066, 32.70882 ], [ -117.07073, 32.70912 ], [ -117.05502, 32.71092 ], [ -117.05451, 32.70922 ], [ -117.05533, 32.70549 ] ] ] } },
{ "type": "Feature", "properties": { "police_beat": 501 }, "geometry": { "type": "Polygon", "coordinates": [ [ [ -116.96238, 32.88009 ], [ -116.96361, 32.88135 ], [ -116.96571, 32.8825 ], [ -116.96517, 32.8832 ], [ -116.96442, 32.88683 ], [ -116.96502, 32.88825 ], [ -116.96717, 32.89069 ], [ -116.96736, 32.8914 ], [ -116.96699, 32.89336 ], [ -116.96943, 32.89135 ], [ -116.9706, 32.88895 ], [ -116.97334, 32.88648 ], [ -116.97634, 32.88607 ], [ -116.9795, 32.88625 ], [ -116.98151, 32.88567 ], [ -116.98287, 32.88615 ], [ -116.98558, 32.88622 ], [ -116.98668, 32.88657 ], [ -116.99027, 32.88638 ], [ -116.99454, 32.88577 ], [ -116.99762, 32.88452 ], [ -116.99603, 32.88683 ], [ -116.99439, 32.89014 ], [ -116.99331, 32.89268 ], [ -116.99302, 32.89489 ], [ -116.98768, 32.89869 ], [ -116.98427, 32.89932 ], [ -116.9843, 32.90304 ], [ -116.98042, 32.90307 ], [ -116.9801, 32.90011 ], [ -116.96242, 32.90339 ], [ -116.96238, 32.88009 ] ] ] } },
{ "type": "Feature", "properties": { "police_beat": 502 }, "geometry": { "type": "Polygon", "coordinates": [ [ [ -116.98558, 32.88622 ], [ -116.98287, 32.88615 ], [ -116.98207, 32.88578 ], [ -116.98104, 32.88219 ], [ -116.98117, 32.87977 ], [ -116.98348, 32.87547 ], [ -116.98608, 32.87363 ], [ -116.9864, 32.87272 ], [ -116.98651, 32.87177 ], [ -116.98601, 32.86956 ], [ -116.98679, 32.86835 ], [ -116.98695, 32.86465 ], [ -116.98641, 32.86193 ], [ -116.98627, 32.85895 ], [ -116.98921, 32.85636 ], [ -116.99008, 32.8552 ], [ -116.99028, 32.85372 ], [ -116.99218, 32.8536 ], [ -116.99411, 32.85289 ], [ -116.99867, 32.85194 ], [ -116.99782, 32.84932 ], [ -116.99834, 32.84565 ], [ -117.00382, 32.84435 ], [ -117.00777, 32.84393 ], [ -117.00817, 32.84969 ], [ -117.00781, 32.85171 ], [ -117.00878, 32.8541 ], [ -117.00893, 32.85705 ], [ -117.00957, 32.86012 ], [ -117.01046, 32.85999 ], [ -117.01036, 32.85519 ], [ -117.01125, 32.84985 ], [ -117.01897, 32.84885 ], [ -117.02062, 32.8482 ], [ -117.02251, 32.84687 ], [ -117.02109, 32.84821 ], [ -117.01905, 32.84904 ], [ -117.01914, 32.84957 ], [ -117.01886, 32.84988 ], [ -117.0171, 32.8506 ], [ -117.01564, 32.85027 ], [ -117.01501, 32.85047 ], [ -117.01402, 32.85112 ], [ -117.01354, 32.85259 ], [ -117.01196, 32.85306 ], [ -117.01195, 32.85337 ], [ -117.01166, 32.85326 ], [ -117.01122, 32.85558 ], [ -117.01272, 32.85559 ], [ -117.01377, 32.85748 ], [ -117.01375, 32.85821 ], [ -117.0127, 32.85914 ], [ -117.0127, 32.86101 ], [ -117.01299, 32.86166 ], [ -117.01423, 32.86134 ], [ -117.01529, 32.8628 ], [ -117.01366, 32.86285 ], [ -117.01266, 32.86325 ], [ -117.012, 32.86303 ], [ -117.01169, 32.86351 ], [ -117.0123, 32.86371 ], [ -117.0132, 32.86472 ], [ -117.01234, 32.86527 ], [ -117.01172, 32.86497 ], [ -117.01075, 32.86701 ], [ -117.00935, 32.86644 ], [ -117.00321, 32.87723 ], [ -116.99982, 32.88119 ], [ -116.99762, 32.88452 ], [ -116.99454, 32.88577 ], [ -116.99277, 32.88614 ], [ -116.98668, 32.88657 ], [ -116.98558, 32.88622 ] ] ] } },
{ "type": "Feature", "properties": { "police_beat": 503 }, "geometry": { "type": "Polygon", "coordinates": [ [ [ -116.96517, 32.8832 ], [ -116.96808, 32.88033 ], [ -116.96827, 32.87926 ], [ -116.96769, 32.8761 ], [ -116.96687, 32.87497 ], [ -116.97112, 32.87492 ], [ -116.97106, 32.86242 ], [ -116.97919, 32.86244 ], [ -116.98025, 32.862 ], [ -116.98641, 32.86193 ], [ -116.98695, 32.86465 ], [ -116.98679, 32.86835 ], [ -116.98601, 32.86956 ], [ -116.98651, 32.87177 ], [ -116.9864, 32.87272 ], [ -116.98608, 32.87363 ], [ -116.98348, 32.87547 ], [ -116.98117, 32.87977 ], [ -116.98104, 32.88219 ], [ -116.98207, 32.88578 ], [ -116.98151, 32.88567 ], [ -116.9795, 32.88625 ], [ -116.97634, 32.88607 ], [ -116.97334, 32.88648 ], [ -116.9706, 32.88895 ], [ -116.96943, 32.89135 ], [ -116.96699, 32.89336 ], [ -116.96736, 32.8914 ], [ -116.96717, 32.89069 ], [ -116.96502, 32.88825 ], [ -116.96442, 32.88683 ], [ -116.96517, 32.8832 ] ] ] } },
{ "type": "Feature", "properties": { "police_beat": 504 }, "geometry": { "type": "Polygon", "coordinates": [ [ [ -116.96237, 32.86351 ], [ -116.96457, 32.86238 ], [ -116.97106, 32.86242 ], [ -116.97112, 32.87492 ], [ -116.96687, 32.87497 ], [ -116.96769, 32.8761 ], [ -116.96827, 32.87926 ], [ -116.96808, 32.88033 ], [ -116.96571, 32.8825 ], [ -116.96361, 32.88135 ], [ -116.96238, 32.88009 ], [ -116.96237, 32.86351 ] ] ] } },
{ "type": "Feature", "properties": { "police_beat": 505 }, "geometry": { "type": "Polygon", "coordinates": [ [ [ -117.00208, 32.81964 ], [ -117.00255, 32.81925 ], [ -117.00189, 32.81875 ], [ -117.00187, 32.81761 ], [ -117.00245, 32.81694 ], [ -117.00258, 32.81572 ], [ -117.0049, 32.81274 ], [ -117.00648, 32.81372 ], [ -117.00677, 32.81352 ], [ -117.00997, 32.81562 ], [ -117.01023, 32.81751 ], [ -117.01119, 32.82028 ], [ -117.00576, 32.82029 ], [ -117.00575, 32.82078 ], [ -117.0032, 32.82077 ], [ -117.00208, 32.81964 ] ] ] } },
{ "type": "Feature", "properties": { "police_beat": 507 }, "geometry": { "type": "Polygon", "coordinates": [ [ [ -116.97105, 32.85514 ], [ -116.98438, 32.85509 ], [ -116.99028, 32.85372 ], [ -116.99008, 32.8552 ], [ -116.98921, 32.85636 ], [ -116.98627, 32.85895 ], [ -116.98641, 32.86193 ], [ -116.98025, 32.862 ], [ -116.97919, 32.86244 ], [ -116.97106, 32.86242 ], [ -116.97105, 32.85514 ] ] ] } },
{ "type": "Feature", "properties": { "police_beat": 508 }, "geometry": { "type": "Polygon", "coordinates": [ [ [ -116.95702, 32.85788 ], [ -116.95818, 32.85714 ], [ -116.96306, 32.85518 ], [ -116.97105, 32.85514 ], [ -116.97106, 32.86242 ], [ -116.96457, 32.86238 ], [ -116.96237, 32.86351 ], [ -116.96235, 32.85933 ], [ -116.96275, 32.85932 ], [ -116.96274, 32.85878 ], [ -116.95964, 32.85861 ], [ -116.95702, 32.85788 ] ] ] } },
{ "type": "Feature", "properties": { "police_beat": 509 }, "geometry": { "type": "Polygon", "coordinates": [ [ [ -117.00893, 32.85705 ], [ -117.00878, 32.8541 ], [ -117.00781, 32.85167 ], [ -117.00817, 32.84969 ], [ -117.00777, 32.84393 ], [ -117.00382, 32.84435 ], [ -116.99834, 32.84565 ], [ -116.99774, 32.84407 ], [ -116.99018, 32.84421 ], [ -117.00067, 32.84208 ], [ -117.00176, 32.8414 ], [ -117.00324, 32.83957 ], [ -117.00543, 32.83809 ], [ -117.00542, 32.84149 ], [ -117.00758, 32.84059 ], [ -117.01382, 32.83981 ], [ -117.01649, 32.83767 ], [ -117.01865, 32.83709 ], [ -117.0233, 32.83926 ], [ -117.02327, 32.84594 ], [ -117.02373, 32.84596 ], [ -117.02099, 32.84798 ], [ -117.0193, 32.84876 ], [ -117.01443, 32.84963 ], [ -117.01125, 32.84985 ], [ -117.01036, 32.85519 ], [ -117.01046, 32.85999 ], [ -117.00957, 32.86012 ], [ -117.00893, 32.85705 ] ] ] } },
{ "type": "Feature", "properties": { "police_beat": 510 }, "geometry": { "type": "Polygon", "coordinates": [ [ [ -116.99018, 32.84421 ], [ -116.99774, 32.84407 ], [ -116.99838, 32.84606 ], [ -116.99783, 32.84948 ], [ -116.99867, 32.85194 ], [ -116.99411, 32.85289 ], [ -116.99214, 32.85361 ], [ -116.98921, 32.8538 ], [ -116.98485, 32.85502 ], [ -116.98312, 32.85512 ], [ -116.98342, 32.85333 ], [ -116.98363, 32.84573 ], [ -116.99018, 32.84421 ] ] ] } },
{ "type": "Feature", "properties": { "police_beat": 511 }, "geometry": { "type": "MultiPolygon", "coordinates": [ [ [ [ -117.20645, 32.68897 ], [ -117.20312, 32.6871 ], [ -117.20917, 32.68742 ], [ -117.21282, 32.68718 ], [ -117.21636, 32.68655 ], [ -117.22253, 32.68433 ], [ -117.22345, 32.68322 ], [ -117.22354, 32.68182 ], [ -117.22369, 32.68436 ], [ -117.22452, 32.68569 ], [ -117.22598, 32.68692 ], [ -117.22669, 32.6888 ], [ -117.22606, 32.68843 ], [ -117.2254, 32.687 ], [ -117.2213, 32.68689 ], [ -117.21968, 32.68781 ], [ -117.21356, 32.6895 ], [ -117.21185, 32.69042 ], [ -117.20873, 32.68949 ], [ -117.20862, 32.68904 ], [ -117.20645, 32.68897 ] ] ], [ [ [ -117.14725, 32.70524 ], [ -117.1461, 32.70371 ], [ -117.13384, 32.6952 ], [ -117.13173, 32.69453 ], [ -117.12618, 32.69451 ], [ -117.12403, 32.69399 ], [ -117.12187, 32.69302 ], [ -117.11368, 32.68723 ], [ -117.11221, 32.68533 ], [ -117.11093, 32.68235 ], [ -117.12147, 32.6795 ], [ -117.12461, 32.67923 ], [ -117.12899, 32.68445 ], [ -117.13027, 32.68373 ], [ -117.13343, 32.68689 ], [ -117.1328, 32.68733 ], [ -117.12907, 32.68734 ], [ -117.12904, 32.68791 ], [ -117.13475, 32.68786 ], [ -117.13866, 32.6867 ], [ -117.13949, 32.68722 ], [ -117.13759, 32.68765 ], [ -117.13819, 32.68889 ], [ -117.13888, 32.68922 ], [ -117.13858, 32.68998 ], [ -117.13962, 32.69034 ], [ -117.14209, 32.68994 ], [ -117.14332, 32.69063 ], [ -117.14309, 32.69136 ], [ -117.1435, 32.69161 ], [ -117.14474, 32.69003 ], [ -117.14366, 32.69171 ], [ -117.14398, 32.69189 ], [ -117.14419, 32.69161 ], [ -117.14449, 32.6918 ], [ -117.1443, 32.69207 ], [ -117.14499, 32.69249 ], [ -117.14597, 32.69131 ], [ -117.1451, 32.69254 ], [ -117.14653, 32.6933 ], [ -117.14713, 32.69259 ], [ -117.14662, 32.69334 ], [ -117.14858, 32.69436 ], [ -117.15462, 32.68836 ], [ -117.15582, 32.6875 ], [ -117.14889, 32.6944 ], [ -117.14937, 32.69416 ], [ -117.14912, 32.69456 ], [ -117.14933, 32.69467 ], [ -117.15016, 32.69394 ], [ -117.14925, 32.69489 ], [ -117.14978, 32.69501 ], [ -117.15055, 32.69581 ], [ -117.15196, 32.69434 ], [ -117.15061, 32.6959 ], [ -117.15194, 32.69709 ], [ -117.15489, 32.69635 ], [ -117.16125, 32.70075 ], [ -117.15783, 32.70182 ], [ -117.16098, 32.70398 ], [ -117.15806, 32.70476 ], [ -117.15715, 32.70546 ], [ -117.15375, 32.7052 ], [ -117.15314, 32.70562 ], [ -117.15279, 32.70524 ], [ -117.14725, 32.70524 ] ] ], [ [ [ -117.21824, 32.70883 ], [ -117.21681, 32.71037 ], [ -117.21394, 32.7119 ], [ -117.20419, 32.71466 ], [ -117.19583, 32.71463 ], [ -117.19856, 32.71426 ], [ -117.20141, 32.71316 ], [ -117.20376, 32.71195 ], [ -117.20602, 32.71033 ], [ -117.21709, 32.70435 ], [ -117.21855, 32.70299 ], [ -117.21979, 32.70101 ], [ -117.22047, 32.69917 ], [ -117.22144, 32.69795 ], [ -117.22278, 32.69698 ], [ -117.22704, 32.69494 ], [ -117.22716, 32.69758 ], [ -117.2268, 32.69781 ], [ -117.22649, 32.6996 ], [ -117.22499, 32.70315 ], [ -117.22318, 32.70496 ], [ -117.21824, 32.70883 ] ] ], [ [ [ -116.97105, 32.85514 ], [ -116.97098, 32.85276 ], [ -116.96949, 32.8474 ], [ -116.97254, 32.84664 ], [ -116.97532, 32.84552 ], [ -116.97668, 32.8456 ], [ -116.97867, 32.8463 ], [ -116.98363, 32.84573 ], [ -116.98342, 32.85333 ], [ -116.98312, 32.85512 ], [ -116.97105, 32.85514 ] ] ] ] } },
{ "type": "Feature", "properties": { "police_beat": 512 }, "geometry": { "type": "MultiPolygon", "coordinates": [ [ [ [ -117.12032, 32.70653 ], [ -117.1206, 32.69599 ], [ -117.12092, 32.69421 ], [ -117.12162, 32.69285 ], [ -117.12403, 32.69399 ], [ -117.12618, 32.69451 ], [ -117.13173, 32.69453 ], [ -117.13384, 32.6952 ], [ -117.14632, 32.70388 ], [ -117.14717, 32.70496 ], [ -117.14741, 32.70627 ], [ -117.12522, 32.70643 ], [ -117.12386, 32.70673 ], [ -117.12032, 32.70653 ] ] ], [ [ [ -116.95051, 32.85338 ], [ -116.95156, 32.85244 ], [ -116.95426, 32.85131 ], [ -116.95788, 32.84921 ], [ -116.95918, 32.84927 ], [ -116.95989, 32.84964 ], [ -116.96426, 32.84825 ], [ -116.9655, 32.84872 ], [ -116.96768, 32.84884 ], [ -116.96852, 32.84851 ], [ -116.96877, 32.84785 ], [ -116.96949, 32.8474 ], [ -116.97098, 32.85276 ], [ -116.97105, 32.85514 ], [ -116.96306, 32.85518 ], [ -116.95818, 32.85714 ], [ -116.95702, 32.85788 ], [ -116.9537, 32.85698 ], [ -116.9537, 32.85336 ], [ -116.95051, 32.85338 ] ] ] ] } },
{ "type": "Feature", "properties": { "police_beat": 513 }, "geometry": { "type": "Polygon", "coordinates": [ [ [ -116.98382, 32.83867 ], [ -117.00279, 32.83864 ], [ -117.00405, 32.83829 ], [ -117.00543, 32.83732 ], [ -117.00543, 32.83809 ], [ -117.00324, 32.83957 ], [ -117.00176, 32.8414 ], [ -117.00067, 32.84208 ], [ -116.98363, 32.84573 ], [ -116.98382, 32.83867 ] ] ] } },
{ "type": "Feature", "properties": { "police_beat": 514 }, "geometry": { "type": "MultiPolygon", "coordinates": [ [ [ [ -117.14021, 32.70634 ], [ -117.14741, 32.70627 ], [ -117.14755, 32.71368 ], [ -117.144, 32.7132 ], [ -117.14026, 32.71327 ], [ -117.14021, 32.70634 ] ] ], [ [ [ -116.96902, 32.84169 ], [ -116.96721, 32.83835 ], [ -116.98382, 32.83867 ], [ -116.98363, 32.84573 ], [ -116.97867, 32.8463 ], [ -116.97668, 32.8456 ], [ -116.97532, 32.84552 ], [ -116.97254, 32.84664 ], [ -116.96949, 32.8474 ], [ -116.96902, 32.84169 ] ] ] ] } },
{ "type": "Feature", "properties": { "police_beat": 515 }, "geometry": { "type": "MultiPolygon", "coordinates": [ [ [ [ -117.13022, 32.70849 ], [ -117.12954, 32.70849 ], [ -117.12952, 32.7064 ], [ -117.14021, 32.70634 ], [ -117.14026, 32.71327 ], [ -117.13348, 32.71332 ], [ -117.12978, 32.71373 ], [ -117.13022, 32.70849 ] ] ], [ [ [ -116.95953, 32.84409 ], [ -116.96708, 32.83808 ], [ -116.96911, 32.84208 ], [ -116.96949, 32.8474 ], [ -116.96877, 32.84785 ], [ -116.96852, 32.84851 ], [ -116.9666, 32.84889 ], [ -116.96416, 32.84826 ], [ -116.96156, 32.84932 ], [ -116.95983, 32.84965 ], [ -116.95918, 32.84927 ], [ -116.95788, 32.84921 ], [ -116.95426, 32.85131 ], [ -116.95156, 32.85244 ], [ -116.95053, 32.85336 ], [ -116.94907, 32.85338 ], [ -116.95155, 32.85085 ], [ -116.95953, 32.84409 ] ] ] ] } },
{ "type": "Feature", "properties": { "police_beat": 516 }, "geometry": { "type": "MultiPolygon", "coordinates": [ [ [ [ -117.12369, 32.70674 ], [ -117.12522, 32.70643 ], [ -117.12952, 32.7064 ], [ -117.12954, 32.70849 ], [ -117.13022, 32.70849 ], [ -117.13021, 32.7126 ], [ -117.12978, 32.71373 ], [ -117.1178, 32.71713 ], [ -117.1178, 32.71398 ], [ -117.11952, 32.70974 ], [ -117.1204, 32.70658 ], [ -117.12369, 32.70674 ] ] ], [ [ [ -117.02229, 32.83782 ], [ -117.02236, 32.83672 ], [ -117.01264, 32.83613 ], [ -117.00535, 32.83702 ], [ -117.00374, 32.83843 ], [ -117.00074, 32.83861 ], [ -117.00057, 32.82779 ], [ -117.00082, 32.82413 ], [ -116.99967, 32.82168 ], [ -117.00208, 32.81964 ], [ -117.0032, 32.82077 ], [ -117.00575, 32.82078 ], [ -117.00576, 32.82029 ], [ -117.01119, 32.82028 ], [ -117.01023, 32.81751 ], [ -117.00997, 32.81562 ], [ -117.03427, 32.83146 ], [ -117.03817, 32.83145 ], [ -117.0366, 32.83297 ], [ -117.03841, 32.8341 ], [ -117.03727, 32.83557 ], [ -117.03666, 32.83852 ], [ -117.02677, 32.83701 ], [ -117.0249, 32.83871 ], [ -117.02399, 32.8387 ], [ -117.02229, 32.83782 ] ] ] ] } },
{ "type": "Feature", "properties": { "police_beat": 517 }, "geometry": { "type": "Polygon", "coordinates": [ [ [ -117.1339, 32.71945 ], [ -117.1339, 32.71898 ], [ -117.12101, 32.71902 ], [ -117.12095, 32.71638 ], [ -117.12848, 32.71404 ], [ -117.13244, 32.71338 ], [ -117.144, 32.7132 ], [ -117.14755, 32.71368 ], [ -117.14779, 32.71928 ], [ -117.1339, 32.71945 ] ] ] } },
{ "type": "Feature", "properties": { "police_beat": 518 }, "geometry": { "type": "MultiPolygon", "coordinates": [ [ [ [ -117.1226, 32.72963 ], [ -117.12264, 32.72858 ], [ -117.12355, 32.72858 ], [ -117.12364, 32.72655 ], [ -117.12184, 32.72655 ], [ -117.12182, 32.7255 ], [ -117.12102, 32.7255 ], [ -117.12092, 32.72294 ], [ -117.11958, 32.72295 ], [ -117.11956, 32.7213 ], [ -117.11667, 32.72125 ], [ -117.11751, 32.71946 ], [ -117.1178, 32.71713 ], [ -117.12095, 32.71638 ], [ -117.12101, 32.71902 ], [ -117.1339, 32.71898 ], [ -117.13389, 32.72965 ], [ -117.1226, 32.72963 ] ] ], [ [ [ -116.99866, 32.82779 ], [ -116.99866, 32.82681 ], [ -116.99695, 32.82697 ], [ -116.99633, 32.82674 ], [ -116.996, 32.8263 ], [ -116.99609, 32.82568 ], [ -116.99646, 32.82522 ], [ -116.99961, 32.82513 ], [ -117.00019, 32.82546 ], [ -117.00021, 32.82436 ], [ -117.0007, 32.82436 ], [ -117.0007, 32.82779 ], [ -116.99866, 32.82779 ] ] ], [ [ [ -116.98382, 32.83867 ], [ -116.98381, 32.8307 ], [ -116.98714, 32.83097 ], [ -116.9882, 32.83077 ], [ -116.98824, 32.8284 ], [ -116.99023, 32.82838 ], [ -116.99006, 32.82628 ], [ -116.99351, 32.82627 ], [ -116.99379, 32.82728 ], [ -116.99412, 32.82734 ], [ -116.99413, 32.829 ], [ -116.9993, 32.829 ], [ -116.99929, 32.8284 ], [ -117.00071, 32.82839 ], [ -117.00074, 32.83861 ], [ -116.98382, 32.83867 ] ] ] ] } },
{ "type": "Feature", "properties": { "police_beat": 519 }, "geometry": { "type": "Polygon", "coordinates": [ [ [ -116.96168, 32.82495 ], [ -116.96222, 32.82494 ], [ -116.96219, 32.8275 ], [ -116.96407, 32.82767 ], [ -116.96423, 32.82736 ], [ -116.96403, 32.82961 ], [ -116.97724, 32.82962 ], [ -116.98038, 32.83033 ], [ -116.9819, 32.83023 ], [ -116.98326, 32.83055 ], [ -116.98326, 32.83025 ], [ -116.98372, 32.83032 ], [ -116.98382, 32.83867 ], [ -116.96721, 32.83835 ], [ -116.96708, 32.83808 ], [ -116.95953, 32.84409 ], [ -116.96131, 32.84169 ], [ -116.96216, 32.83863 ], [ -116.96168, 32.82495 ] ] ] } },
{ "type": "Feature", "properties": { "police_beat": 520 }, "geometry": { "type": "Polygon", "coordinates": [ [ [ -116.94511, 32.83552 ], [ -116.94473, 32.83538 ], [ -116.94445, 32.83451 ], [ -116.94368, 32.83361 ], [ -116.94248, 32.8328 ], [ -116.94175, 32.83178 ], [ -116.94097, 32.83047 ], [ -116.94133, 32.83015 ], [ -116.94004, 32.82856 ], [ -116.93998, 32.82777 ], [ -116.93798, 32.82498 ], [ -116.93798, 32.82414 ], [ -116.9438, 32.82422 ], [ -116.94339, 32.82478 ], [ -116.94755, 32.82764 ], [ -116.94754, 32.82963 ], [ -116.96022, 32.82962 ], [ -116.96024, 32.82622 ], [ -116.95973, 32.82622 ], [ -116.95973, 32.82509 ], [ -116.96168, 32.82495 ], [ -116.96216, 32.83863 ], [ -116.96131, 32.84169 ], [ -116.96023, 32.84335 ], [ -116.95847, 32.84512 ], [ -116.95245, 32.85 ], [ -116.94907, 32.85338 ], [ -116.94507, 32.85342 ], [ -116.94511, 32.83552 ] ] ] } },
{ "type": "Feature", "properties": { "police_beat": 521 }, "geometry": { "type": "MultiPolygon", "coordinates": [ [ [ [ -117.14779, 32.71928 ], [ -117.14761, 32.71838 ], [ -117.14725, 32.70524 ], [ -117.15279, 32.70524 ], [ -117.15279, 32.70837 ], [ -117.15645, 32.70834 ], [ -117.15645, 32.70939 ], [ -117.15737, 32.7094 ], [ -117.15736, 32.70835 ], [ -117.15827, 32.70834 ], [ -117.15826, 32.70628 ], [ -117.15735, 32.70625 ], [ -117.15715, 32.70546 ], [ -117.15764, 32.70502 ], [ -117.16056, 32.70684 ], [ -117.16021, 32.70729 ], [ -117.15919, 32.70728 ], [ -117.15921, 32.7115 ], [ -117.15648, 32.71151 ], [ -117.15652, 32.71468 ], [ -117.15469, 32.7147 ], [ -117.15473, 32.71937 ], [ -117.14779, 32.71928 ] ] ], [ [ [ -116.96256, 32.94304 ], [ -116.96139, 32.94152 ], [ -116.95983, 32.94154 ], [ -116.95602, 32.94003 ], [ -116.9558, 32.9402 ], [ -116.95621, 32.94164 ], [ -116.9555, 32.94008 ], [ -116.95499, 32.93701 ], [ -116.95341, 32.9341 ], [ -116.95261, 32.93144 ], [ -116.95007, 32.92852 ], [ -116.94739, 32.92719 ], [ -116.94561, 32.92499 ], [ -116.94584, 32.92371 ], [ -116.94778, 32.9218 ], [ -116.94827, 32.91939 ], [ -116.94974, 32.91641 ], [ -116.94936, 32.91507 ], [ -116.94702, 32.91278 ], [ -116.94673, 32.90956 ], [ -116.946, 32.90868 ], [ -116.94193, 32.90622 ], [ -116.94034, 32.90489 ], [ -116.93424, 32.8976 ], [ -116.93623, 32.89731 ], [ -116.93871, 32.89602 ], [ -116.9413, 32.89658 ], [ -116.94252, 32.8953 ], [ -116.94286, 32.89439 ], [ -116.94464, 32.89335 ], [ -116.94559, 32.89233 ], [ -116.94819, 32.89251 ], [ -116.94896, 32.89193 ], [ -116.94854, 32.89016 ], [ -116.94919, 32.88789 ], [ -116.95137, 32.88676 ], [ -116.95488, 32.88596 ], [ -116.95453, 32.88303 ], [ -116.95202, 32.8776 ], [ -116.95269, 32.87601 ], [ -116.95254, 32.87528 ], [ -116.95065, 32.87372 ], [ -116.94864, 32.87278 ], [ -116.9464, 32.8711 ], [ -116.94352, 32.8688 ], [ -116.94309, 32.86807 ], [ -116.9429, 32.86231 ], [ -116.94722, 32.86058 ], [ -116.94718, 32.86339 ], [ -116.94781, 32.86428 ], [ -116.94775, 32.86601 ], [ -116.94818, 32.86657 ], [ -116.95412, 32.86878 ], [ -116.95513, 32.86978 ], [ -116.95577, 32.87103 ], [ -116.95681, 32.87172 ], [ -116.96002, 32.87273 ], [ -116.96147, 32.87389 ], [ -116.96237, 32.8741 ], [ -116.96242, 32.90339 ], [ -116.9801, 32.90011 ], [ -116.98042, 32.90307 ], [ -116.9843, 32.90304 ], [ -116.98432, 32.90496 ], [ -116.98929, 32.90498 ], [ -116.98966, 32.91956 ], [ -116.98937, 32.91955 ], [ -116.9895, 32.93403 ], [ -116.98363, 32.93403 ], [ -116.98403, 32.93561 ], [ -116.98442, 32.93603 ], [ -116.98424, 32.93807 ], [ -116.98159, 32.94012 ], [ -116.98109, 32.94034 ], [ -116.98032, 32.93986 ], [ -116.98075, 32.94212 ], [ -116.98035, 32.94261 ], [ -116.9785, 32.94279 ], [ -116.97771, 32.94329 ], [ -116.97429, 32.94363 ], [ -116.97188, 32.94475 ], [ -116.97081, 32.94448 ], [ -116.96693, 32.94605 ], [ -116.96634, 32.94589 ], [ -116.96583, 32.94522 ], [ -116.9656, 32.94394 ], [ -116.96256, 32.94304 ] ] ] ] } },
{ "type": "Feature", "properties": { "police_beat": 522 }, "geometry": { "type": "MultiPolygon", "coordinates": [ [ [ [ -117.16649, 32.71572 ], [ -117.16649, 32.71254 ], [ -117.16107, 32.71255 ], [ -117.16099, 32.70758 ], [ -117.16028, 32.70719 ], [ -117.16056, 32.70684 ], [ -117.15764, 32.70502 ], [ -117.16098, 32.70398 ], [ -117.16278, 32.70534 ], [ -117.1634, 32.70479 ], [ -117.1629, 32.70465 ], [ -117.16324, 32.70435 ], [ -117.16267, 32.70367 ], [ -117.16379, 32.70281 ], [ -117.16634, 32.70484 ], [ -117.16577, 32.70516 ], [ -117.16474, 32.70456 ], [ -117.16361, 32.7059 ], [ -117.16731, 32.70843 ], [ -117.16912, 32.7084 ], [ -117.16909, 32.70753 ], [ -117.16684, 32.70593 ], [ -117.16708, 32.70536 ], [ -117.16751, 32.70538 ], [ -117.17013, 32.70722 ], [ -117.17026, 32.70836 ], [ -117.17145, 32.70855 ], [ -117.17201, 32.70916 ], [ -117.17338, 32.71223 ], [ -117.17557, 32.71136 ], [ -117.17446, 32.70988 ], [ -117.17583, 32.71134 ], [ -117.17559, 32.7117 ], [ -117.17586, 32.71283 ], [ -117.17463, 32.71322 ], [ -117.17353, 32.71265 ], [ -117.17345, 32.71385 ], [ -117.17664, 32.71402 ], [ -117.17665, 32.71484 ], [ -117.17345, 32.71481 ], [ -117.17345, 32.71545 ], [ -117.17667, 32.71545 ], [ -117.17666, 32.71592 ], [ -117.17345, 32.7159 ], [ -117.17345, 32.71613 ], [ -117.17391, 32.71615 ], [ -117.17345, 32.71639 ], [ -117.17345, 32.71676 ], [ -117.17673, 32.71674 ], [ -117.17674, 32.71799 ], [ -117.17344, 32.71799 ], [ -117.17345, 32.71914 ], [ -117.17382, 32.71914 ], [ -117.17383, 32.71965 ], [ -117.1731, 32.71987 ], [ -117.17299, 32.71571 ], [ -117.16649, 32.71572 ] ] ], [ [ [ -116.85033, 32.95109 ], [ -116.85342, 32.95285 ], [ -116.85638, 32.9524 ], [ -116.85739, 32.95369 ], [ -116.8582, 32.95545 ], [ -116.85909, 32.95619 ], [ -116.86139, 32.95616 ], [ -116.86287, 32.95505 ], [ -116.86386, 32.95323 ], [ -116.86587, 32.95224 ], [ -116.86579, 32.95508 ], [ -116.87456, 32.95509 ], [ -116.88007, 32.9484 ], [ -116.87784, 32.94618 ], [ -116.88569, 32.94619 ], [ -116.88566, 32.94212 ], [ -116.89448, 32.94184 ], [ -116.89436, 32.93424 ], [ -116.88988, 32.93422 ], [ -116.88995, 32.92724 ], [ -116.88812, 32.92727 ], [ -116.888, 32.93086 ], [ -116.88126, 32.93085 ], [ -116.88154, 32.92386 ], [ -116.87558, 32.92402 ], [ -116.87925, 32.9207 ], [ -116.88368, 32.91921 ], [ -116.88447, 32.91848 ], [ -116.88497, 32.91325 ], [ -116.88363, 32.9052 ], [ -116.88962, 32.89706 ], [ -116.89029, 32.89391 ], [ -116.891, 32.89265 ], [ -116.89132, 32.88955 ], [ -116.89206, 32.88846 ], [ -116.89567, 32.88532 ], [ -116.89751, 32.88321 ], [ -116.90158, 32.8822 ], [ -116.90679, 32.8793 ], [ -116.90825, 32.87728 ], [ -116.90949, 32.87655 ], [ -116.91026, 32.87424 ], [ -116.91136, 32.87313 ], [ -116.91262, 32.87251 ], [ -116.91435, 32.87363 ], [ -116.9165, 32.87369 ], [ -116.9196, 32.87205 ], [ -116.92006, 32.87151 ], [ -116.92133, 32.87159 ], [ -116.92171, 32.87052 ], [ -116.92261, 32.87013 ], [ -116.92334, 32.8702 ], [ -116.92584, 32.87902 ], [ -116.93184, 32.88555 ], [ -116.93252, 32.88669 ], [ -116.93272, 32.88806 ], [ -116.93212, 32.89113 ], [ -116.93283, 32.89591 ], [ -116.94034, 32.90489 ], [ -116.94642, 32.90907 ], [ -116.94688, 32.91002 ], [ -116.94708, 32.91289 ], [ -116.94959, 32.91547 ], [ -116.94969, 32.91675 ], [ -116.94831, 32.91928 ], [ -116.94783, 32.92169 ], [ -116.94584, 32.92371 ], [ -116.94559, 32.9249 ], [ -116.94731, 32.92712 ], [ -116.94997, 32.92843 ], [ -116.95261, 32.93144 ], [ -116.95341, 32.9341 ], [ -116.95499, 32.93701 ], [ -116.9558, 32.94091 ], [ -116.95425, 32.94123 ], [ -116.95412, 32.94256 ], [ -116.95163, 32.94268 ], [ -116.94669, 32.94439 ], [ -116.94504, 32.94431 ], [ -116.94428, 32.94388 ], [ -116.93956, 32.93711 ], [ -116.93603, 32.93673 ], [ -116.93798, 32.93515 ], [ -116.93814, 32.93387 ], [ -116.93754, 32.93293 ], [ -116.93576, 32.92742 ], [ -116.93438, 32.92516 ], [ -116.92805, 32.91833 ], [ -116.9253, 32.91739 ], [ -116.92374, 32.9179 ], [ -116.92259, 32.91905 ], [ -116.92209, 32.92054 ], [ -116.92147, 32.92597 ], [ -116.9191, 32.93 ], [ -116.91804, 32.93079 ], [ -116.91668, 32.93098 ], [ -116.91246, 32.92858 ], [ -116.91083, 32.92831 ], [ -116.90923, 32.92841 ], [ -116.90787, 32.92905 ], [ -116.90701, 32.93043 ], [ -116.90672, 32.93368 ], [ -116.90907, 32.93842 ], [ -116.90932, 32.94002 ], [ -116.90891, 32.9408 ], [ -116.90797, 32.94158 ], [ -116.9057, 32.943 ], [ -116.90525, 32.94535 ], [ -116.90467, 32.94667 ], [ -116.90542, 32.94782 ], [ -116.9061, 32.95192 ], [ -116.90693, 32.9524 ], [ -116.90714, 32.95317 ], [ -116.90563, 32.95463 ], [ -116.90391, 32.95541 ], [ -116.90399, 32.95628 ], [ -116.90342, 32.95755 ], [ -116.90099, 32.95943 ], [ -116.89856, 32.96228 ], [ -116.89727, 32.96322 ], [ -116.89596, 32.96628 ], [ -116.89502, 32.96681 ], [ -116.89194, 32.96719 ], [ -116.89099, 32.96653 ], [ -116.8894, 32.96624 ], [ -116.888, 32.96518 ], [ -116.88389, 32.96768 ], [ -116.88163, 32.96794 ], [ -116.87944, 32.96726 ], [ -116.878, 32.96751 ], [ -116.87574, 32.96665 ], [ -116.87511, 32.9669 ], [ -116.873, 32.96656 ], [ -116.87247, 32.96601 ], [ -116.86892, 32.9646 ], [ -116.86649, 32.96299 ], [ -116.86562, 32.96323 ], [ -116.86439, 32.96275 ], [ -116.86333, 32.96288 ], [ -116.86137, 32.96253 ], [ -116.86079, 32.96211 ], [ -116.8582, 32.96158 ], [ -116.85563, 32.96156 ], [ -116.85421, 32.96241 ], [ -116.85338, 32.9641 ], [ -116.85033, 32.96428 ], [ -116.84833, 32.96499 ], [ -116.84576, 32.96845 ], [ -116.84342, 32.97041 ], [ -116.84262, 32.97215 ], [ -116.84099, 32.97369 ], [ -116.84039, 32.96416 ], [ -116.84828, 32.96324 ], [ -116.84847, 32.94951 ], [ -116.85033, 32.95109 ] ] ], [ [ [ -116.87991, 32.94242 ], [ -116.88088, 32.94242 ], [ -116.88089, 32.94324 ], [ -116.87991, 32.94324 ], [ -116.87991, 32.94242 ] ] ], [ [ [ -116.87803, 32.94328 ], [ -116.87842, 32.94328 ], [ -116.87844, 32.94431 ], [ -116.8776, 32.94432 ], [ -116.87803, 32.94328 ] ] ] ] } },
{ "type": "Feature", "properties": { "police_beat": 523 }, "geometry": { "type": "MultiPolygon", "coordinates": [ [ [ [ -117.15919, 32.70728 ], [ -117.16028, 32.70719 ], [ -117.16099, 32.70758 ], [ -117.16108, 32.7157 ], [ -117.15926, 32.71571 ], [ -117.15919, 32.70728 ] ] ], [ [ [ -116.81048, 32.97841 ], [ -116.80623, 32.9784 ], [ -116.80632, 32.96399 ], [ -116.81061, 32.96401 ], [ -116.8106, 32.95667 ], [ -116.81492, 32.95669 ], [ -116.81491, 32.96035 ], [ -116.82379, 32.96037 ], [ -116.82392, 32.95306 ], [ -116.83111, 32.95312 ], [ -116.83929, 32.94165 ], [ -116.83699, 32.93869 ], [ -116.83295, 32.93866 ], [ -116.83283, 32.94221 ], [ -116.82401, 32.94214 ], [ -116.82399, 32.94577 ], [ -116.81963, 32.94578 ], [ -116.81987, 32.93519 ], [ -116.83421, 32.93513 ], [ -116.83237, 32.93276 ], [ -116.83288, 32.93281 ], [ -116.83288, 32.92989 ], [ -116.83766, 32.92989 ], [ -116.83766, 32.93229 ], [ -116.83929, 32.93229 ], [ -116.83929, 32.9317 ], [ -116.84144, 32.9317 ], [ -116.84144, 32.93273 ], [ -116.84574, 32.93275 ], [ -116.84574, 32.9299 ], [ -116.84144, 32.92989 ], [ -116.84144, 32.92627 ], [ -116.84574, 32.92628 ], [ -116.84574, 32.92266 ], [ -116.85435, 32.92266 ], [ -116.85434, 32.91903 ], [ -116.86295, 32.91903 ], [ -116.86295, 32.92265 ], [ -116.86725, 32.92265 ], [ -116.86725, 32.9274 ], [ -116.87276, 32.92416 ], [ -116.87356, 32.92506 ], [ -116.87355, 32.92408 ], [ -116.88154, 32.92386 ], [ -116.88126, 32.93085 ], [ -116.888, 32.93086 ], [ -116.88812, 32.92727 ], [ -116.88995, 32.92724 ], [ -116.88988, 32.93422 ], [ -116.89436, 32.93424 ], [ -116.89448, 32.94184 ], [ -116.88566, 32.94212 ], [ -116.88569, 32.94619 ], [ -116.87784, 32.94618 ], [ -116.88007, 32.9484 ], [ -116.87456, 32.95509 ], [ -116.86579, 32.95508 ], [ -116.86587, 32.95224 ], [ -116.86386, 32.95323 ], [ -116.86287, 32.95505 ], [ -116.86139, 32.95616 ], [ -116.85909, 32.95619 ], [ -116.8582, 32.95545 ], [ -116.85739, 32.95369 ], [ -116.85638, 32.9524 ], [ -116.85342, 32.95285 ], [ -116.85033, 32.95109 ], [ -116.84847, 32.94951 ], [ -116.84828, 32.96324 ], [ -116.84039, 32.96416 ], [ -116.84128, 32.97834 ], [ -116.84131, 32.99332 ], [ -116.81633, 32.99286 ], [ -116.81804, 32.98292 ], [ -116.81147, 32.97651 ], [ -116.81049, 32.97662 ], [ -116.81048, 32.97841 ] ], [ [ -116.81478, 32.97435 ], [ -116.8105, 32.97483 ], [ -116.8105, 32.97573 ], [ -116.81263, 32.97549 ], [ -116.81262, 32.97637 ], [ -116.82115, 32.97532 ], [ -116.82116, 32.97426 ], [ -116.81478, 32.97435 ] ], [ [ -116.87844, 32.94431 ], [ -116.87842, 32.94328 ], [ -116.87803, 32.94328 ], [ -116.8776, 32.94432 ], [ -116.87844, 32.94431 ] ], [ [ -116.88089, 32.94324 ], [ -116.88088, 32.94242 ], [ -116.87991, 32.94242 ], [ -116.87991, 32.94324 ], [ -116.88089, 32.94324 ] ] ] ] } },
{ "type": "Feature", "properties": { "police_beat": 524 }, "geometry": { "type": "MultiPolygon", "coordinates": [ [ [ [ -117.15474, 32.71991 ], [ -117.15469, 32.7147 ], [ -117.15652, 32.71468 ], [ -117.15648, 32.71151 ], [ -117.15921, 32.7115 ], [ -117.15926, 32.71571 ], [ -117.17299, 32.71571 ], [ -117.1731, 32.71987 ], [ -117.15474, 32.71991 ] ] ], [ [ [ -116.82385, 32.88184 ], [ -116.83452, 32.88484 ], [ -116.83593, 32.88556 ], [ -116.84022, 32.88667 ], [ -116.84331, 32.88796 ], [ -116.84478, 32.88806 ], [ -116.84699, 32.88743 ], [ -116.84885, 32.88562 ], [ -116.85057, 32.88256 ], [ -116.8537, 32.88017 ], [ -116.85542, 32.8779 ], [ -116.85821, 32.87558 ], [ -116.86369, 32.87352 ], [ -116.87084, 32.87269 ], [ -116.87518, 32.87114 ], [ -116.8818, 32.87038 ], [ -116.88266, 32.86969 ], [ -116.88265, 32.86766 ], [ -116.88189, 32.86524 ], [ -116.87933, 32.86288 ], [ -116.87746, 32.86261 ], [ -116.87699, 32.86221 ], [ -116.87824, 32.86174 ], [ -116.87902, 32.86106 ], [ -116.87992, 32.86087 ], [ -116.88114, 32.85974 ], [ -116.88288, 32.86017 ], [ -116.88345, 32.86286 ], [ -116.88378, 32.86272 ], [ -116.88422, 32.86161 ], [ -116.885, 32.86099 ], [ -116.88572, 32.86104 ], [ -116.88619, 32.86159 ], [ -116.88627, 32.86234 ], [ -116.88495, 32.86379 ], [ -116.88477, 32.86451 ], [ -116.88375, 32.86499 ], [ -116.88418, 32.86598 ], [ -116.88604, 32.86506 ], [ -116.88648, 32.86519 ], [ -116.88659, 32.86575 ], [ -116.88807, 32.86583 ], [ -116.88872, 32.8641 ], [ -116.88847, 32.86352 ], [ -116.88856, 32.86172 ], [ -116.88948, 32.861 ], [ -116.89065, 32.86174 ], [ -116.88991, 32.86286 ], [ -116.89004, 32.86322 ], [ -116.89239, 32.86298 ], [ -116.89242, 32.86168 ], [ -116.89208, 32.86155 ], [ -116.89237, 32.86013 ], [ -116.89206, 32.85943 ], [ -116.89251, 32.85728 ], [ -116.8931, 32.85689 ], [ -116.89262, 32.8552 ], [ -116.89303, 32.85305 ], [ -116.89277, 32.85269 ], [ -116.89309, 32.85255 ], [ -116.89335, 32.85253 ], [ -116.89327, 32.85527 ], [ -116.89393, 32.85644 ], [ -116.89496, 32.85708 ], [ -116.89921, 32.85842 ], [ -116.90058, 32.85989 ], [ -116.89813, 32.86395 ], [ -116.89359, 32.86743 ], [ -116.89356, 32.87085 ], [ -116.90067, 32.87209 ], [ -116.90753, 32.87176 ], [ -116.90993, 32.87186 ], [ -116.91262, 32.87251 ], [ -116.91058, 32.87377 ], [ -116.90951, 32.87652 ], [ -116.90825, 32.87728 ], [ -116.90678, 32.87931 ], [ -116.90158, 32.8822 ], [ -116.89748, 32.88322 ], [ -116.89567, 32.88532 ], [ -116.8915, 32.88914 ], [ -116.891, 32.89266 ], [ -116.89029, 32.89391 ], [ -116.88963, 32.89705 ], [ -116.88363, 32.9052 ], [ -116.88498, 32.91332 ], [ -116.88457, 32.91815 ], [ -116.88406, 32.91899 ], [ -116.87937, 32.92063 ], [ -116.87558, 32.92402 ], [ -116.87355, 32.92408 ], [ -116.87356, 32.92506 ], [ -116.87276, 32.92416 ], [ -116.86725, 32.9274 ], [ -116.86725, 32.92265 ], [ -116.86295, 32.92265 ], [ -116.86295, 32.91903 ], [ -116.85434, 32.91903 ], [ -116.85435, 32.92266 ], [ -116.84574, 32.92266 ], [ -116.84574, 32.92628 ], [ -116.84144, 32.92627 ], [ -116.84144, 32.92989 ], [ -116.84574, 32.9299 ], [ -116.84574, 32.93275 ], [ -116.84144, 32.93273 ], [ -116.84144, 32.9317 ], [ -116.83929, 32.9317 ], [ -116.83929, 32.93229 ], [ -116.83766, 32.93229 ], [ -116.83766, 32.92989 ], [ -116.83288, 32.92989 ], [ -116.83288, 32.93281 ], [ -116.83237, 32.93276 ], [ -116.83421, 32.93513 ], [ -116.82418, 32.93506 ], [ -116.8236, 32.92202 ], [ -116.82385, 32.88184 ] ] ], [ [ [ -116.81963, 32.94578 ], [ -116.82399, 32.94577 ], [ -116.82401, 32.94214 ], [ -116.83283, 32.94221 ], [ -116.83295, 32.93866 ], [ -116.83699, 32.93869 ], [ -116.83929, 32.94165 ], [ -116.83362, 32.9495 ], [ -116.80626, 32.94933 ], [ -116.8069, 32.94224 ], [ -116.80692, 32.93555 ], [ -116.81987, 32.93519 ], [ -116.81963, 32.94578 ] ] ] ] } },
{ "type": "Feature", "properties": { "police_beat": 525 }, "geometry": { "type": "MultiPolygon", "coordinates": [ [ [ [ -117.16649, 32.71254 ], [ -117.16649, 32.71572 ], [ -117.16108, 32.7157 ], [ -117.16107, 32.71255 ], [ -117.16649, 32.71254 ] ] ], [ [ [ -116.93255, 32.89513 ], [ -116.93213, 32.89116 ], [ -116.93272, 32.88804 ], [ -116.93251, 32.88666 ], [ -116.93183, 32.88554 ], [ -116.92592, 32.87916 ], [ -116.92375, 32.87187 ], [ -116.92419, 32.87158 ], [ -116.92475, 32.87017 ], [ -116.92574, 32.86919 ], [ -116.92592, 32.8676 ], [ -116.92666, 32.86669 ], [ -116.92791, 32.86654 ], [ -116.93164, 32.86695 ], [ -116.9429, 32.86231 ], [ -116.94304, 32.86773 ], [ -116.9434, 32.86866 ], [ -116.94849, 32.87268 ], [ -116.95063, 32.87371 ], [ -116.95261, 32.87539 ], [ -116.95268, 32.87605 ], [ -116.95202, 32.8776 ], [ -116.95453, 32.88303 ], [ -116.95488, 32.88596 ], [ -116.95137, 32.88676 ], [ -116.94919, 32.88789 ], [ -116.94854, 32.89016 ], [ -116.94896, 32.89193 ], [ -116.94819, 32.89251 ], [ -116.94559, 32.89233 ], [ -116.94464, 32.89335 ], [ -116.94286, 32.89439 ], [ -116.94252, 32.8953 ], [ -116.9413, 32.89658 ], [ -116.93871, 32.89602 ], [ -116.93623, 32.89731 ], [ -116.93424, 32.8976 ], [ -116.93291, 32.89602 ], [ -116.93255, 32.89513 ] ] ] ] } },
{ "type": "Feature", "properties": { "police_beat": 526 }, "geometry": { "type": "MultiPolygon", "coordinates": [ [ [ [ -117.14779, 32.71928 ], [ -117.15473, 32.71937 ], [ -117.15474, 32.71991 ], [ -117.16475, 32.71989 ], [ -117.16478, 32.72415 ], [ -117.16296, 32.72302 ], [ -117.16114, 32.72273 ], [ -117.15651, 32.724 ], [ -117.15185, 32.72428 ], [ -117.1501, 32.72348 ], [ -117.14883, 32.72199 ], [ -117.14779, 32.71928 ] ] ], [ [ [ -116.94775, 32.86601 ], [ -116.94781, 32.86428 ], [ -116.94718, 32.86339 ], [ -116.94725, 32.85845 ], [ -116.94764, 32.85616 ], [ -116.94701, 32.85495 ], [ -116.94905, 32.85339 ], [ -116.9537, 32.85336 ], [ -116.9537, 32.85698 ], [ -116.95974, 32.85878 ], [ -116.96274, 32.85878 ], [ -116.96275, 32.85932 ], [ -116.96235, 32.85933 ], [ -116.96237, 32.8741 ], [ -116.96147, 32.87389 ], [ -116.96002, 32.87273 ], [ -116.95681, 32.87172 ], [ -116.95577, 32.87103 ], [ -116.95513, 32.86978 ], [ -116.95412, 32.86878 ], [ -116.94818, 32.86657 ], [ -116.94775, 32.86601 ] ] ] ] } },
{ "type": "Feature", "properties": { "police_beat": 527 }, "geometry": { "type": "MultiPolygon", "coordinates": [ [ [ [ -117.16917, 32.7231 ], [ -117.16918, 32.71986 ], [ -117.17346, 32.71986 ], [ -117.17349, 32.72415 ], [ -117.17432, 32.72592 ], [ -117.17657, 32.72728 ], [ -117.1797, 32.72725 ], [ -117.18018, 32.72751 ], [ -117.17739, 32.72767 ], [ -117.17705, 32.72845 ], [ -117.17198, 32.73004 ], [ -117.16917, 32.7231 ] ], [ [ -117.17283, 32.71997 ], [ -117.17119, 32.71997 ], [ -117.17119, 32.72203 ], [ -117.17169, 32.72444 ], [ -117.17282, 32.72409 ], [ -117.17283, 32.71997 ] ] ], [ [ [ -116.92243, 32.86442 ], [ -116.92322, 32.86249 ], [ -116.92431, 32.8612 ], [ -116.92586, 32.86027 ], [ -116.93971, 32.85605 ], [ -116.94535, 32.85544 ], [ -116.94701, 32.85495 ], [ -116.94764, 32.85616 ], [ -116.94722, 32.86058 ], [ -116.93167, 32.86694 ], [ -116.92791, 32.86654 ], [ -116.92666, 32.86669 ], [ -116.92592, 32.8676 ], [ -116.92574, 32.86919 ], [ -116.92475, 32.87017 ], [ -116.92419, 32.87158 ], [ -116.92375, 32.87187 ], [ -116.92243, 32.86628 ], [ -116.92243, 32.86442 ] ] ] ] } },
{ "type": "Feature", "properties": { "police_beat": 528 }, "geometry": { "type": "MultiPolygon", "coordinates": [ [ [ [ -117.16918, 32.71986 ], [ -117.16937, 32.72405 ], [ -117.17198, 32.73004 ], [ -117.16947, 32.73083 ], [ -117.16879, 32.7293 ], [ -117.16886, 32.72864 ], [ -117.16478, 32.72415 ], [ -117.16475, 32.71989 ], [ -117.16918, 32.71986 ] ] ], [ [ [ -116.90067, 32.87209 ], [ -116.89356, 32.87085 ], [ -116.89359, 32.86743 ], [ -116.89823, 32.86384 ], [ -116.90179, 32.85787 ], [ -116.92587, 32.8545 ], [ -116.9263, 32.85671 ], [ -116.92542, 32.85683 ], [ -116.92605, 32.8602 ], [ -116.92373, 32.86177 ], [ -116.92243, 32.86442 ], [ -116.92237, 32.86599 ], [ -116.92334, 32.8702 ], [ -116.92261, 32.87013 ], [ -116.92172, 32.87051 ], [ -116.92133, 32.87159 ], [ -116.92006, 32.87151 ], [ -116.91747, 32.87331 ], [ -116.91588, 32.87379 ], [ -116.91427, 32.87361 ], [ -116.91262, 32.87251 ], [ -116.90993, 32.87186 ], [ -116.90067, 32.87209 ] ] ] ] } },
{ "type": "Feature", "properties": { "police_beat": 529 }, "geometry": { "type": "MultiPolygon", "coordinates": [ [ [ [ -117.15945, 32.74081 ], [ -117.15934, 32.72311 ], [ -117.16022, 32.72279 ], [ -117.16296, 32.72302 ], [ -117.16478, 32.72415 ], [ -117.16886, 32.72864 ], [ -117.1688, 32.72934 ], [ -117.16995, 32.73202 ], [ -117.16942, 32.73386 ], [ -117.16991, 32.73856 ], [ -117.16921, 32.7397 ], [ -117.16901, 32.74072 ], [ -117.15945, 32.74081 ] ] ], [ [ [ -116.92645, 32.85268 ], [ -116.92774, 32.85248 ], [ -116.92662, 32.84757 ], [ -116.92945, 32.84655 ], [ -116.93107, 32.84635 ], [ -116.93124, 32.84489 ], [ -116.9329, 32.84247 ], [ -116.93354, 32.83778 ], [ -116.93262, 32.83438 ], [ -116.9324, 32.83174 ], [ -116.9335, 32.82804 ], [ -116.93352, 32.82244 ], [ -116.93453, 32.82081 ], [ -116.93853, 32.8208 ], [ -116.94004, 32.82133 ], [ -116.94509, 32.8214 ], [ -116.95247, 32.82504 ], [ -116.95973, 32.82509 ], [ -116.95973, 32.82622 ], [ -116.96024, 32.82622 ], [ -116.96022, 32.82962 ], [ -116.94754, 32.82963 ], [ -116.94755, 32.82764 ], [ -116.94339, 32.82478 ], [ -116.9438, 32.82422 ], [ -116.93798, 32.82414 ], [ -116.93798, 32.82498 ], [ -116.93998, 32.82777 ], [ -116.94004, 32.82856 ], [ -116.94133, 32.83015 ], [ -116.94097, 32.83047 ], [ -116.94175, 32.83178 ], [ -116.94248, 32.8328 ], [ -116.94368, 32.83361 ], [ -116.94445, 32.83451 ], [ -116.94473, 32.83538 ], [ -116.94511, 32.83552 ], [ -116.94507, 32.85342 ], [ -116.94907, 32.85338 ], [ -116.94849, 32.8539 ], [ -116.94611, 32.85528 ], [ -116.93851, 32.85631 ], [ -116.92605, 32.8602 ], [ -116.92542, 32.85683 ], [ -116.9263, 32.85671 ], [ -116.92587, 32.85449 ], [ -116.92645, 32.85268 ] ] ] ] } },
{ "type": "Feature", "properties": { "police_beat": 530 }, "geometry": { "type": "Polygon", "coordinates": [ [ [ -116.91518, 32.84177 ], [ -116.91416, 32.8407 ], [ -116.90866, 32.83716 ], [ -116.90549, 32.83235 ], [ -116.9122, 32.82506 ], [ -116.91468, 32.82143 ], [ -116.91819, 32.82255 ], [ -116.91827, 32.8218 ], [ -116.91983, 32.81993 ], [ -116.92223, 32.82082 ], [ -116.93453, 32.82081 ], [ -116.93352, 32.82244 ], [ -116.9335, 32.82804 ], [ -116.9324, 32.8317 ], [ -116.93261, 32.83433 ], [ -116.93354, 32.83782 ], [ -116.93272, 32.84297 ], [ -116.93125, 32.84487 ], [ -116.93107, 32.84635 ], [ -116.92945, 32.84655 ], [ -116.92662, 32.84757 ], [ -116.92774, 32.85248 ], [ -116.92645, 32.85268 ], [ -116.92587, 32.8545 ], [ -116.91948, 32.85529 ], [ -116.91518, 32.84177 ] ] ] } },
{ "type": "Feature", "properties": { "police_beat": 531 }, "geometry": { "type": "MultiPolygon", "coordinates": [ [ [ [ -117.13363, 32.741 ], [ -117.1339, 32.71945 ], [ -117.14456, 32.71952 ], [ -117.14763, 32.71923 ], [ -117.14834, 32.7211 ], [ -117.14944, 32.72283 ], [ -117.15067, 32.72386 ], [ -117.15185, 32.72428 ], [ -117.1564, 32.72402 ], [ -117.15934, 32.72311 ], [ -117.15949, 32.74104 ], [ -117.13363, 32.741 ] ] ], [ [ [ -116.88375, 32.86499 ], [ -116.88463, 32.86465 ], [ -116.88544, 32.8631 ], [ -116.88618, 32.8625 ], [ -116.88619, 32.86159 ], [ -116.88572, 32.86104 ], [ -116.885, 32.86099 ], [ -116.88422, 32.86161 ], [ -116.88378, 32.86272 ], [ -116.88345, 32.86286 ], [ -116.88306, 32.86042 ], [ -116.88169, 32.85971 ], [ -116.88114, 32.85974 ], [ -116.87992, 32.86087 ], [ -116.8773, 32.86205 ], [ -116.87688, 32.86171 ], [ -116.8774, 32.8599 ], [ -116.87648, 32.86154 ], [ -116.87566, 32.86121 ], [ -116.87482, 32.86381 ], [ -116.87387, 32.86415 ], [ -116.87324, 32.86341 ], [ -116.87379, 32.86262 ], [ -116.87409, 32.86017 ], [ -116.87475, 32.85928 ], [ -116.87491, 32.85825 ], [ -116.87602, 32.85607 ], [ -116.87501, 32.8542 ], [ -116.87505, 32.85255 ], [ -116.87395, 32.851 ], [ -116.87384, 32.84903 ], [ -116.87305, 32.84792 ], [ -116.8763, 32.84572 ], [ -116.8816, 32.84443 ], [ -116.88174, 32.84468 ], [ -116.88435, 32.84338 ], [ -116.89728, 32.83134 ], [ -116.90781, 32.82307 ], [ -116.90973, 32.82063 ], [ -116.91416, 32.82132 ], [ -116.9137, 32.82292 ], [ -116.91238, 32.82485 ], [ -116.90549, 32.83235 ], [ -116.90866, 32.83716 ], [ -116.91416, 32.8407 ], [ -116.91518, 32.84177 ], [ -116.91948, 32.85529 ], [ -116.90231, 32.85761 ], [ -116.90164, 32.85803 ], [ -116.90058, 32.85989 ], [ -116.89921, 32.85842 ], [ -116.89496, 32.85708 ], [ -116.89394, 32.85645 ], [ -116.89328, 32.85531 ], [ -116.89335, 32.85253 ], [ -116.89302, 32.85257 ], [ -116.89277, 32.85269 ], [ -116.89303, 32.85305 ], [ -116.89262, 32.8552 ], [ -116.8931, 32.85689 ], [ -116.89251, 32.85728 ], [ -116.89206, 32.85943 ], [ -116.89237, 32.86012 ], [ -116.89208, 32.86155 ], [ -116.89242, 32.86168 ], [ -116.89243, 32.86294 ], [ -116.89004, 32.86322 ], [ -116.88991, 32.86286 ], [ -116.89065, 32.86174 ], [ -116.88948, 32.861 ], [ -116.88856, 32.86172 ], [ -116.88847, 32.86352 ], [ -116.88872, 32.8641 ], [ -116.88807, 32.86583 ], [ -116.88659, 32.86575 ], [ -116.88621, 32.86508 ], [ -116.8843, 32.86598 ], [ -116.88375, 32.86499 ] ] ] ] } },
{ "type": "Feature", "properties": { "police_beat": 532 }, "geometry": { "type": "Polygon", "coordinates": [ [ [ -116.88105, 32.8434 ], [ -116.88014, 32.84354 ], [ -116.87982, 32.84222 ], [ -116.88021, 32.84118 ], [ -116.87848, 32.83854 ], [ -116.87573, 32.83579 ], [ -116.87314, 32.82657 ], [ -116.8734, 32.82624 ], [ -116.8766, 32.82597 ], [ -116.89101, 32.82172 ], [ -116.89199, 32.81878 ], [ -116.89435, 32.82013 ], [ -116.89695, 32.819 ], [ -116.89896, 32.81901 ], [ -116.89961, 32.81854 ], [ -116.90236, 32.81957 ], [ -116.90501, 32.82143 ], [ -116.90522, 32.82195 ], [ -116.90745, 32.82247 ], [ -116.90711, 32.82335 ], [ -116.90604, 32.82434 ], [ -116.89616, 32.83231 ], [ -116.88478, 32.84305 ], [ -116.88271, 32.84433 ], [ -116.88174, 32.84468 ], [ -116.88105, 32.8434 ] ] ] } },
{ "type": "Feature", "properties": { "police_beat": 533 }, "geometry": { "type": "Polygon", "coordinates": [ [ [ -116.95239, 32.82501 ], [ -116.94512, 32.8214 ], [ -116.94004, 32.82133 ], [ -116.93853, 32.8208 ], [ -116.93453, 32.82081 ], [ -116.93567, 32.81934 ], [ -116.93572, 32.81686 ], [ -116.93646, 32.81708 ], [ -116.93646, 32.81686 ], [ -116.94001, 32.81685 ], [ -116.93988, 32.81591 ], [ -116.94045, 32.81589 ], [ -116.94056, 32.81549 ], [ -116.94056, 32.81392 ], [ -116.93615, 32.81394 ], [ -116.93615, 32.81348 ], [ -116.93646, 32.81347 ], [ -116.93634, 32.81087 ], [ -116.93683, 32.81087 ], [ -116.93683, 32.81053 ], [ -116.93649, 32.81053 ], [ -116.93649, 32.80921 ], [ -116.938, 32.80921 ], [ -116.938, 32.80874 ], [ -116.94066, 32.80904 ], [ -116.94066, 32.80874 ], [ -116.94406, 32.80874 ], [ -116.94406, 32.80837 ], [ -116.9445, 32.80837 ], [ -116.94472, 32.80889 ], [ -116.94501, 32.80889 ], [ -116.94501, 32.80834 ], [ -116.94926, 32.80852 ], [ -116.94925, 32.81512 ], [ -116.94854, 32.81513 ], [ -116.94854, 32.81583 ], [ -116.94798, 32.81583 ], [ -116.94797, 32.8154 ], [ -116.9469, 32.8154 ], [ -116.94521, 32.81556 ], [ -116.94521, 32.8159 ], [ -116.94473, 32.8159 ], [ -116.94473, 32.81665 ], [ -116.94518, 32.81687 ], [ -116.9475, 32.81686 ], [ -116.9475, 32.81921 ], [ -116.94675, 32.81921 ], [ -116.94675, 32.82011 ], [ -116.94612, 32.82011 ], [ -116.94611, 32.82171 ], [ -116.94658, 32.82195 ], [ -116.94657, 32.82123 ], [ -116.94732, 32.82123 ], [ -116.94733, 32.82234 ], [ -116.94749, 32.82205 ], [ -116.9492, 32.82294 ], [ -116.94933, 32.82137 ], [ -116.95179, 32.82136 ], [ -116.95179, 32.81907 ], [ -116.95004, 32.81908 ], [ -116.95004, 32.81686 ], [ -116.95378, 32.81687 ], [ -116.9538, 32.8152 ], [ -116.95599, 32.8152 ], [ -116.95601, 32.81322 ], [ -116.95177, 32.81323 ], [ -116.95189, 32.81186 ], [ -116.9527, 32.81185 ], [ -116.95269, 32.81051 ], [ -116.95344, 32.81052 ], [ -116.95345, 32.81178 ], [ -116.9542, 32.81178 ], [ -116.95419, 32.81051 ], [ -116.95772, 32.81051 ], [ -116.95771, 32.81144 ], [ -116.9582, 32.81144 ], [ -116.95821, 32.81051 ], [ -116.95867, 32.81051 ], [ -116.95867, 32.81144 ], [ -116.95908, 32.81144 ], [ -116.95907, 32.81034 ], [ -116.95938, 32.81034 ], [ -116.95938, 32.81144 ], [ -116.96162, 32.81143 ], [ -116.96163, 32.81233 ], [ -116.96421, 32.81239 ], [ -116.9642, 32.812 ], [ -116.96355, 32.81201 ], [ -116.96355, 32.8111 ], [ -116.96599, 32.81107 ], [ -116.96599, 32.81259 ], [ -116.96448, 32.81304 ], [ -116.96526, 32.81376 ], [ -116.96526, 32.8149 ], [ -116.96441, 32.81491 ], [ -116.96411, 32.81677 ], [ -116.9637, 32.81677 ], [ -116.96402, 32.81897 ], [ -116.96489, 32.81873 ], [ -116.96491, 32.82433 ], [ -116.96222, 32.8244 ], [ -116.96222, 32.82494 ], [ -116.96135, 32.82508 ], [ -116.95239, 32.82501 ] ] ] } },
{ "type": "Feature", "properties": { "police_beat": 534 }, "geometry": { "type": "Polygon", "coordinates": [ [ [ -116.91866, 32.81801 ], [ -116.92237, 32.81803 ], [ -116.92237, 32.81864 ], [ -116.92703, 32.81673 ], [ -116.92703, 32.81695 ], [ -116.92815, 32.81696 ], [ -116.92816, 32.81627 ], [ -116.92923, 32.81585 ], [ -116.92924, 32.81559 ], [ -116.92892, 32.8156 ], [ -116.92889, 32.81454 ], [ -116.92976, 32.81313 ], [ -116.93079, 32.8136 ], [ -116.93004, 32.81482 ], [ -116.93005, 32.81545 ], [ -116.93134, 32.81564 ], [ -116.93349, 32.81706 ], [ -116.93351, 32.81663 ], [ -116.93556, 32.81663 ], [ -116.93572, 32.81686 ], [ -116.93567, 32.81934 ], [ -116.93453, 32.82081 ], [ -116.92213, 32.82081 ], [ -116.91983, 32.81993 ], [ -116.91866, 32.81801 ] ] ] } },
{ "type": "Feature", "properties": { "police_beat": 535 }, "geometry": { "type": "Polygon", "coordinates": [ [ [ -116.89961, 32.81854 ], [ -116.89896, 32.81901 ], [ -116.89695, 32.819 ], [ -116.89435, 32.82013 ], [ -116.89199, 32.81878 ], [ -116.89238, 32.80991 ], [ -116.89384, 32.81007 ], [ -116.89614, 32.80929 ], [ -116.8973, 32.80923 ], [ -116.90184, 32.81139 ], [ -116.90366, 32.81156 ], [ -116.90692, 32.81053 ], [ -116.90807, 32.80896 ], [ -116.91061, 32.80713 ], [ -116.91402, 32.81002 ], [ -116.91367, 32.81099 ], [ -116.91317, 32.81045 ], [ -116.91279, 32.8107 ], [ -116.91353, 32.81131 ], [ -116.91206, 32.81264 ], [ -116.90949, 32.81223 ], [ -116.90964, 32.81398 ], [ -116.91185, 32.81416 ], [ -116.91235, 32.81468 ], [ -116.91179, 32.81552 ], [ -116.91238, 32.8158 ], [ -116.9123, 32.81616 ], [ -116.91308, 32.81596 ], [ -116.91066, 32.81831 ], [ -116.90924, 32.82055 ], [ -116.90973, 32.82063 ], [ -116.9087, 32.82215 ], [ -116.90662, 32.82398 ], [ -116.90604, 32.82434 ], [ -116.90711, 32.82335 ], [ -116.90745, 32.82247 ], [ -116.90522, 32.82195 ], [ -116.90501, 32.82143 ], [ -116.90236, 32.81957 ], [ -116.89961, 32.81854 ] ] ] } },
{ "type": "Feature", "properties": { "police_beat": 536 }, "geometry": { "type": "Polygon", "coordinates": [ [ [ -116.8939, 32.81006 ], [ -116.89238, 32.80991 ], [ -116.89241, 32.80909 ], [ -116.89185, 32.80801 ], [ -116.89239, 32.80572 ], [ -116.89277, 32.80575 ], [ -116.89283, 32.8032 ], [ -116.89227, 32.8024 ], [ -116.89289, 32.80183 ], [ -116.89295, 32.79731 ], [ -116.89742, 32.7978 ], [ -116.89759, 32.79863 ], [ -116.89712, 32.79879 ], [ -116.89692, 32.79942 ], [ -116.89573, 32.79966 ], [ -116.89592, 32.80167 ], [ -116.89653, 32.80193 ], [ -116.89767, 32.80163 ], [ -116.8988, 32.80197 ], [ -116.89846, 32.80289 ], [ -116.9003, 32.80332 ], [ -116.90016, 32.80372 ], [ -116.89645, 32.80637 ], [ -116.90201, 32.80819 ], [ -116.90094, 32.80586 ], [ -116.90164, 32.80495 ], [ -116.90131, 32.80335 ], [ -116.90215, 32.80314 ], [ -116.90224, 32.80453 ], [ -116.90306, 32.80475 ], [ -116.90385, 32.80377 ], [ -116.9025, 32.80291 ], [ -116.90466, 32.80112 ], [ -116.90528, 32.80208 ], [ -116.90644, 32.80138 ], [ -116.90595, 32.8008 ], [ -116.90646, 32.80059 ], [ -116.90736, 32.80163 ], [ -116.90812, 32.80106 ], [ -116.90813, 32.80222 ], [ -116.90984, 32.80221 ], [ -116.9102, 32.80202 ], [ -116.91035, 32.8003 ], [ -116.91106, 32.80031 ], [ -116.911, 32.80099 ], [ -116.9122, 32.801 ], [ -116.91223, 32.80031 ], [ -116.91952, 32.80029 ], [ -116.91928, 32.80237 ], [ -116.92037, 32.80251 ], [ -116.92037, 32.80178 ], [ -116.92144, 32.80178 ], [ -116.92146, 32.80395 ], [ -116.92039, 32.80396 ], [ -116.92036, 32.8056 ], [ -116.91889, 32.80559 ], [ -116.91886, 32.80759 ], [ -116.91925, 32.80759 ], [ -116.91827, 32.80926 ], [ -116.91695, 32.80893 ], [ -116.91695, 32.80736 ], [ -116.91562, 32.80736 ], [ -116.91562, 32.80784 ], [ -116.91299, 32.80784 ], [ -116.91288, 32.80806 ], [ -116.91463, 32.80808 ], [ -116.91492, 32.80889 ], [ -116.91441, 32.80889 ], [ -116.91541, 32.80975 ], [ -116.91465, 32.81054 ], [ -116.91427, 32.81015 ], [ -116.91467, 32.80978 ], [ -116.9145, 32.8096 ], [ -116.91402, 32.81002 ], [ -116.91061, 32.80713 ], [ -116.90807, 32.80896 ], [ -116.90692, 32.81053 ], [ -116.90366, 32.81156 ], [ -116.9019, 32.81141 ], [ -116.89805, 32.80945 ], [ -116.89686, 32.8092 ], [ -116.8939, 32.81006 ] ] ] } },
{ "type": "Feature", "properties": { "police_beat": 539 }, "geometry": { "type": "Polygon", "coordinates": [ [ [ -116.78977, 32.88817 ], [ -116.77238, 32.88832 ], [ -116.77239, 32.87374 ], [ -116.78952, 32.87347 ], [ -116.82399, 32.8737 ], [ -116.82359, 32.91926 ], [ -116.82418, 32.93506 ], [ -116.80692, 32.93555 ], [ -116.8069, 32.94224 ], [ -116.80626, 32.94933 ], [ -116.78966, 32.95 ], [ -116.79004, 32.90762 ], [ -116.78977, 32.88817 ] ] ] } },
{ "type": "Feature", "properties": { "police_beat": 540 }, "geometry": { "type": "Polygon", "coordinates": [ [ [ -116.77324, 32.94286 ], [ -116.77704, 32.94283 ], [ -116.77708, 32.9356 ], [ -116.77984, 32.93559 ], [ -116.77992, 32.93194 ], [ -116.78182, 32.93195 ], [ -116.78192, 32.92819 ], [ -116.78386, 32.9282 ], [ -116.784, 32.92113 ], [ -116.78369, 32.91749 ], [ -116.78592, 32.91744 ], [ -116.78509, 32.90677 ], [ -116.78531, 32.89483 ], [ -116.78987, 32.8947 ], [ -116.79004, 32.90762 ], [ -116.78966, 32.95 ], [ -116.77287, 32.95006 ], [ -116.77324, 32.94286 ] ] ] } },
{ "type": "Feature", "properties": { "police_beat": 541 }, "geometry": { "type": "MultiPolygon", "coordinates": [ [ [ [ -117.15279, 32.70837 ], [ -117.15279, 32.70524 ], [ -117.15314, 32.70562 ], [ -117.15347, 32.70522 ], [ -117.15646, 32.70525 ], [ -117.15715, 32.70546 ], [ -117.15735, 32.70625 ], [ -117.15826, 32.70628 ], [ -117.15827, 32.70834 ], [ -117.15736, 32.70835 ], [ -117.15737, 32.7094 ], [ -117.15645, 32.70939 ], [ -117.15645, 32.70834 ], [ -117.15279, 32.70837 ] ] ], [ [ [ -116.73813, 32.96704 ], [ -116.74485, 32.96709 ], [ -116.74482, 32.96342 ], [ -116.74551, 32.96005 ], [ -116.75024, 32.96006 ], [ -116.75096, 32.95664 ], [ -116.7553, 32.95665 ], [ -116.75671, 32.94991 ], [ -116.75877, 32.94995 ], [ -116.75882, 32.94632 ], [ -116.75674, 32.94644 ], [ -116.75677, 32.94302 ], [ -116.76507, 32.94258 ], [ -116.76504, 32.93952 ], [ -116.76914, 32.93931 ], [ -116.7691, 32.93567 ], [ -116.76692, 32.93568 ], [ -116.76698, 32.92771 ], [ -116.77323, 32.92776 ], [ -116.77328, 32.92111 ], [ -116.77249, 32.91387 ], [ -116.77683, 32.91397 ], [ -116.77611, 32.90681 ], [ -116.77624, 32.90237 ], [ -116.77224, 32.90247 ], [ -116.77245, 32.89523 ], [ -116.7617, 32.89511 ], [ -116.76162, 32.88822 ], [ -116.76381, 32.88824 ], [ -116.76382, 32.88978 ], [ -116.76821, 32.88987 ], [ -116.7682, 32.88828 ], [ -116.78977, 32.88817 ], [ -116.78987, 32.8947 ], [ -116.78531, 32.89483 ], [ -116.78509, 32.90677 ], [ -116.78592, 32.91744 ], [ -116.78369, 32.91749 ], [ -116.784, 32.92113 ], [ -116.78386, 32.9282 ], [ -116.78192, 32.92819 ], [ -116.78182, 32.93195 ], [ -116.77992, 32.93194 ], [ -116.77984, 32.93559 ], [ -116.77708, 32.9356 ], [ -116.77704, 32.94283 ], [ -116.77324, 32.94286 ], [ -116.77287, 32.95006 ], [ -116.77123, 32.9501 ], [ -116.77055, 32.95358 ], [ -116.76842, 32.95364 ], [ -116.76778, 32.95696 ], [ -116.76563, 32.95707 ], [ -116.76439, 32.96333 ], [ -116.75388, 32.96343 ], [ -116.75394, 32.9671 ], [ -116.74939, 32.9671 ], [ -116.7494, 32.97074 ], [ -116.7382, 32.97066 ], [ -116.73813, 32.96704 ] ] ] ] } },
{ "type": "Feature", "properties": { "police_beat": 551 }, "geometry": { "type": "Polygon", "coordinates": [ [ [ -116.82399, 32.8737 ], [ -116.79362, 32.87353 ], [ -116.7956, 32.87002 ], [ -116.79512, 32.86826 ], [ -116.7969, 32.86713 ], [ -116.79803, 32.86568 ], [ -116.79849, 32.86336 ], [ -116.79912, 32.86235 ], [ -116.79917, 32.8607 ], [ -116.79981, 32.85931 ], [ -116.80227, 32.85718 ], [ -116.8028, 32.85524 ], [ -116.80387, 32.855 ], [ -116.80388, 32.85413 ], [ -116.80468, 32.85334 ], [ -116.80486, 32.85214 ], [ -116.80442, 32.85082 ], [ -116.8059, 32.84813 ], [ -116.8079, 32.84938 ], [ -116.81052, 32.85289 ], [ -116.82625, 32.84878 ], [ -116.86095, 32.83475 ], [ -116.86269, 32.83251 ], [ -116.87319, 32.8265 ], [ -116.87573, 32.83579 ], [ -116.87848, 32.83854 ], [ -116.88021, 32.84118 ], [ -116.87982, 32.84222 ], [ -116.88014, 32.84354 ], [ -116.88105, 32.8434 ], [ -116.8816, 32.84443 ], [ -116.8763, 32.84572 ], [ -116.87305, 32.84792 ], [ -116.87384, 32.84903 ], [ -116.87395, 32.851 ], [ -116.87505, 32.85255 ], [ -116.87501, 32.8542 ], [ -116.87602, 32.85607 ], [ -116.87491, 32.85825 ], [ -116.87475, 32.85928 ], [ -116.87409, 32.86017 ], [ -116.87379, 32.86262 ], [ -116.87324, 32.86341 ], [ -116.87387, 32.86415 ], [ -116.87482, 32.86381 ], [ -116.87566, 32.86121 ], [ -116.87648, 32.86154 ], [ -116.8774, 32.8599 ], [ -116.87688, 32.86171 ], [ -116.87722, 32.86202 ], [ -116.87706, 32.86238 ], [ -116.87933, 32.86288 ], [ -116.88189, 32.86524 ], [ -116.88265, 32.86766 ], [ -116.88266, 32.86969 ], [ -116.8818, 32.87038 ], [ -116.87518, 32.87114 ], [ -116.87084, 32.87269 ], [ -116.86369, 32.87352 ], [ -116.85821, 32.87558 ], [ -116.85542, 32.8779 ], [ -116.8537, 32.88017 ], [ -116.85057, 32.88256 ], [ -116.84805, 32.88664 ], [ -116.84612, 32.88783 ], [ -116.84478, 32.88806 ], [ -116.84331, 32.88796 ], [ -116.84022, 32.88667 ], [ -116.83593, 32.88556 ], [ -116.83452, 32.88484 ], [ -116.82385, 32.88184 ], [ -116.82399, 32.8737 ] ] ] } },
{ "type": "Feature", "properties": { "police_beat": 552 }, "geometry": { "type": "Polygon", "coordinates": [ [ [ -116.77235, 32.86655 ], [ -116.76353, 32.86688 ], [ -116.76334, 32.86014 ], [ -116.75435, 32.861 ], [ -116.75415, 32.85232 ], [ -116.74537, 32.85235 ], [ -116.74525, 32.84504 ], [ -116.73656, 32.84497 ], [ -116.7365, 32.83476 ], [ -116.73947, 32.83507 ], [ -116.74562, 32.83471 ], [ -116.74836, 32.83488 ], [ -116.76105, 32.83818 ], [ -116.77563, 32.84051 ], [ -116.77778, 32.84049 ], [ -116.78385, 32.83956 ], [ -116.78685, 32.83971 ], [ -116.8009, 32.8447 ], [ -116.8059, 32.84813 ], [ -116.80442, 32.85082 ], [ -116.80486, 32.85214 ], [ -116.80468, 32.85334 ], [ -116.80388, 32.85413 ], [ -116.80387, 32.855 ], [ -116.8028, 32.85524 ], [ -116.80227, 32.85718 ], [ -116.79981, 32.85931 ], [ -116.79917, 32.8607 ], [ -116.79912, 32.86235 ], [ -116.79849, 32.86336 ], [ -116.79803, 32.86568 ], [ -116.7969, 32.86713 ], [ -116.79512, 32.86826 ], [ -116.7956, 32.87002 ], [ -116.79362, 32.87353 ], [ -116.77239, 32.87369 ], [ -116.77235, 32.86655 ] ] ] } },
{ "type": "Feature", "properties": { "police_beat": 553 }, "geometry": { "type": "Polygon", "coordinates": [ [ [ -116.71934, 32.87434 ], [ -116.6858, 32.87413 ], [ -116.68574, 32.87763 ], [ -116.68161, 32.87754 ], [ -116.68151, 32.88461 ], [ -116.68567, 32.88471 ], [ -116.68563, 32.88824 ], [ -116.66847, 32.88748 ], [ -116.66845, 32.88706 ], [ -116.66085, 32.88707 ], [ -116.66019, 32.83756 ], [ -116.66798, 32.83886 ], [ -116.6759, 32.83786 ], [ -116.68108, 32.83836 ], [ -116.68119, 32.83969 ], [ -116.68179, 32.84057 ], [ -116.68345, 32.84167 ], [ -116.68562, 32.84226 ], [ -116.67214, 32.84227 ], [ -116.67223, 32.85216 ], [ -116.66811, 32.85189 ], [ -116.66821, 32.8555 ], [ -116.67683, 32.85616 ], [ -116.67682, 32.85261 ], [ -116.68985, 32.85316 ], [ -116.68992, 32.86378 ], [ -116.69842, 32.86375 ], [ -116.69844, 32.86718 ], [ -116.70275, 32.8672 ], [ -116.70265, 32.85656 ], [ -116.70701, 32.85644 ], [ -116.7068, 32.84916 ], [ -116.7111, 32.84901 ], [ -116.71113, 32.84473 ], [ -116.71049, 32.84444 ], [ -116.71108, 32.84353 ], [ -116.71085, 32.83813 ], [ -116.70594, 32.83826 ], [ -116.71481, 32.83652 ], [ -116.71941, 32.83429 ], [ -116.72116, 32.83383 ], [ -116.73116, 32.83398 ], [ -116.7365, 32.83476 ], [ -116.73656, 32.84497 ], [ -116.74525, 32.84504 ], [ -116.74537, 32.85235 ], [ -116.75415, 32.85232 ], [ -116.75435, 32.861 ], [ -116.76334, 32.86014 ], [ -116.76353, 32.86688 ], [ -116.77235, 32.86655 ], [ -116.77235, 32.87382 ], [ -116.7551, 32.87394 ], [ -116.75525, 32.88816 ], [ -116.71955, 32.88838 ], [ -116.71934, 32.87434 ] ], [ [ -116.72519, 32.83445 ], [ -116.72525, 32.83782 ], [ -116.72644, 32.83781 ], [ -116.72623, 32.83449 ], [ -116.72519, 32.83445 ] ] ] } },
{ "type": "Feature", "properties": { "police_beat": 554 }, "geometry": { "type": "Polygon", "coordinates": [ [ [ -116.68992, 32.86378 ], [ -116.68985, 32.85316 ], [ -116.67682, 32.85261 ], [ -116.67683, 32.85616 ], [ -116.66821, 32.8555 ], [ -116.66811, 32.85189 ], [ -116.67223, 32.85216 ], [ -116.67214, 32.84227 ], [ -116.6893, 32.84225 ], [ -116.6893, 32.84279 ], [ -116.6875, 32.84252 ], [ -116.68746, 32.84392 ], [ -116.69298, 32.84393 ], [ -116.693, 32.84243 ], [ -116.70256, 32.84208 ], [ -116.70247, 32.83828 ], [ -116.71085, 32.83813 ], [ -116.71108, 32.84353 ], [ -116.71049, 32.84444 ], [ -116.71113, 32.84473 ], [ -116.7111, 32.84901 ], [ -116.7068, 32.84916 ], [ -116.70701, 32.85644 ], [ -116.70265, 32.85656 ], [ -116.70275, 32.8672 ], [ -116.69844, 32.86718 ], [ -116.69842, 32.86375 ], [ -116.68992, 32.86378 ] ] ] } },
{ "type": "Feature", "properties": { "police_beat": 555 }, "geometry": { "type": "Polygon", "coordinates": [ [ [ -116.80711, 32.84766 ], [ -116.80738, 32.84785 ], [ -116.80728, 32.84728 ], [ -116.80776, 32.8467 ], [ -116.80917, 32.84704 ], [ -116.8095, 32.84686 ], [ -116.80962, 32.84631 ], [ -116.80932, 32.84578 ], [ -116.8097, 32.84552 ], [ -116.80898, 32.84312 ], [ -116.80844, 32.84231 ], [ -116.80756, 32.84173 ], [ -116.81443, 32.83355 ], [ -116.81601, 32.8303 ], [ -116.81757, 32.82891 ], [ -116.82274, 32.8273 ], [ -116.82479, 32.82621 ], [ -116.82732, 32.82392 ], [ -116.82799, 32.82202 ], [ -116.82948, 32.82057 ], [ -116.83029, 32.82046 ], [ -116.83094, 32.82078 ], [ -116.83395, 32.82586 ], [ -116.83617, 32.82748 ], [ -116.83664, 32.82742 ], [ -116.83686, 32.82671 ], [ -116.83734, 32.82652 ], [ -116.83974, 32.82716 ], [ -116.84246, 32.82708 ], [ -116.84725, 32.82838 ], [ -116.84826, 32.82798 ], [ -116.84853, 32.82712 ], [ -116.84716, 32.82555 ], [ -116.84709, 32.82476 ], [ -116.84769, 32.82417 ], [ -116.84957, 32.82369 ], [ -116.84961, 32.822 ], [ -116.84999, 32.82134 ], [ -116.85233, 32.82051 ], [ -116.85448, 32.81876 ], [ -116.85625, 32.81828 ], [ -116.85838, 32.81722 ], [ -116.86016, 32.81577 ], [ -116.86137, 32.81542 ], [ -116.86227, 32.81469 ], [ -116.86384, 32.81509 ], [ -116.86808, 32.8147 ], [ -116.87015, 32.81367 ], [ -116.8724, 32.81325 ], [ -116.87412, 32.81224 ], [ -116.87616, 32.81184 ], [ -116.87943, 32.81022 ], [ -116.88454, 32.80877 ], [ -116.89238, 32.80991 ], [ -116.89215, 32.81832 ], [ -116.89101, 32.82172 ], [ -116.8766, 32.82597 ], [ -116.8734, 32.82624 ], [ -116.86269, 32.83251 ], [ -116.86095, 32.83475 ], [ -116.82625, 32.84878 ], [ -116.81052, 32.85289 ], [ -116.8079, 32.84938 ], [ -116.8059, 32.84813 ], [ -116.80711, 32.84766 ] ] ] } },
{ "type": "Feature", "properties": { "police_beat": 556 }, "geometry": { "type": "Polygon", "coordinates": [ [ [ -116.80101, 32.84475 ], [ -116.78804, 32.84 ], [ -116.78458, 32.83952 ], [ -116.77972, 32.84017 ], [ -116.77835, 32.83836 ], [ -116.77805, 32.83673 ], [ -116.7753, 32.83537 ], [ -116.77508, 32.83007 ], [ -116.77573, 32.82691 ], [ -116.77542, 32.82495 ], [ -116.77633, 32.82163 ], [ -116.77602, 32.81557 ], [ -116.78003, 32.80967 ], [ -116.78117, 32.80732 ], [ -116.77879, 32.80473 ], [ -116.77633, 32.80345 ], [ -116.77408, 32.80292 ], [ -116.78177, 32.8028 ], [ -116.78266, 32.80344 ], [ -116.7841, 32.80315 ], [ -116.78587, 32.80382 ], [ -116.78728, 32.80363 ], [ -116.78974, 32.80477 ], [ -116.79336, 32.80507 ], [ -116.79447, 32.80559 ], [ -116.79609, 32.8051 ], [ -116.79764, 32.80523 ], [ -116.79952, 32.806 ], [ -116.80073, 32.80611 ], [ -116.8031, 32.80741 ], [ -116.80692, 32.80605 ], [ -116.80703, 32.8065 ], [ -116.8082, 32.80719 ], [ -116.81128, 32.80796 ], [ -116.81272, 32.80783 ], [ -116.81177, 32.80852 ], [ -116.81066, 32.81009 ], [ -116.81031, 32.8111 ], [ -116.80878, 32.81281 ], [ -116.80916, 32.81401 ], [ -116.80889, 32.81526 ], [ -116.80749, 32.81769 ], [ -116.80586, 32.81897 ], [ -116.80539, 32.81994 ], [ -116.80531, 32.82104 ], [ -116.80591, 32.82227 ], [ -116.80677, 32.82298 ], [ -116.80864, 32.82404 ], [ -116.80921, 32.82483 ], [ -116.81138, 32.82591 ], [ -116.81281, 32.82884 ], [ -116.8155, 32.83122 ], [ -116.81442, 32.83356 ], [ -116.80756, 32.84173 ], [ -116.80844, 32.84231 ], [ -116.80898, 32.84312 ], [ -116.8097, 32.84552 ], [ -116.80932, 32.84578 ], [ -116.80962, 32.84631 ], [ -116.8095, 32.84686 ], [ -116.80917, 32.84704 ], [ -116.80776, 32.8467 ], [ -116.80728, 32.84728 ], [ -116.80738, 32.84785 ], [ -116.80711, 32.84766 ], [ -116.8059, 32.84813 ], [ -116.80101, 32.84475 ] ] ] } },
{ "type": "Feature", "properties": { "police_beat": 557 }, "geometry": { "type": "Polygon", "coordinates": [ [ [ -116.73973, 32.83507 ], [ -116.7365, 32.83476 ], [ -116.73606, 32.81621 ], [ -116.7451, 32.81576 ], [ -116.74552, 32.80937 ], [ -116.7509, 32.80904 ], [ -116.77178, 32.80933 ], [ -116.77172, 32.80286 ], [ -116.77392, 32.80289 ], [ -116.77644, 32.8035 ], [ -116.77892, 32.80483 ], [ -116.781, 32.80692 ], [ -116.78112, 32.80762 ], [ -116.78007, 32.8096 ], [ -116.77604, 32.8155 ], [ -116.77633, 32.82163 ], [ -116.77544, 32.8248 ], [ -116.77573, 32.82704 ], [ -116.77508, 32.83007 ], [ -116.7753, 32.83537 ], [ -116.77805, 32.83673 ], [ -116.77835, 32.83836 ], [ -116.77972, 32.84017 ], [ -116.77558, 32.8405 ], [ -116.76199, 32.83835 ], [ -116.75085, 32.8354 ], [ -116.74593, 32.8347 ], [ -116.73973, 32.83507 ] ] ] } },
{ "type": "Feature", "properties": { "police_beat": 558 }, "geometry": { "type": "Polygon", "coordinates": [ [ [ -116.6875, 32.84252 ], [ -116.6893, 32.84279 ], [ -116.6893, 32.84225 ], [ -116.68562, 32.84226 ], [ -116.68376, 32.84179 ], [ -116.68151, 32.84027 ], [ -116.68108, 32.83836 ], [ -116.67657, 32.83785 ], [ -116.67517, 32.83558 ], [ -116.67469, 32.83344 ], [ -116.67324, 32.83112 ], [ -116.6739, 32.83133 ], [ -116.6741, 32.83106 ], [ -116.67147, 32.82761 ], [ -116.67153, 32.82712 ], [ -116.67331, 32.82714 ], [ -116.67491, 32.82654 ], [ -116.67638, 32.8265 ], [ -116.67787, 32.82385 ], [ -116.68107, 32.82329 ], [ -116.68223, 32.8219 ], [ -116.68401, 32.82125 ], [ -116.68837, 32.8209 ], [ -116.68926, 32.81985 ], [ -116.68986, 32.82042 ], [ -116.69183, 32.8205 ], [ -116.69337, 32.82169 ], [ -116.69431, 32.82201 ], [ -116.69537, 32.82207 ], [ -116.69806, 32.82137 ], [ -116.6993, 32.82192 ], [ -116.70115, 32.82146 ], [ -116.70267, 32.82202 ], [ -116.70386, 32.822 ], [ -116.70441, 32.82181 ], [ -116.70683, 32.81957 ], [ -116.71031, 32.81857 ], [ -116.71182, 32.81656 ], [ -116.71885, 32.81636 ], [ -116.67533, 32.76443 ], [ -116.67676, 32.76416 ], [ -116.68012, 32.76472 ], [ -116.684, 32.76434 ], [ -116.68885, 32.7648 ], [ -116.69391, 32.76678 ], [ -116.69624, 32.7689 ], [ -116.69896, 32.77033 ], [ -116.70124, 32.77092 ], [ -116.70499, 32.7711 ], [ -116.70864, 32.77481 ], [ -116.71418, 32.77788 ], [ -116.71759, 32.78046 ], [ -116.72056, 32.78314 ], [ -116.72139, 32.78528 ], [ -116.72218, 32.78607 ], [ -116.72991, 32.78879 ], [ -116.73214, 32.78924 ], [ -116.73265, 32.78979 ], [ -116.73266, 32.7912 ], [ -116.73293, 32.79148 ], [ -116.73718, 32.79043 ], [ -116.73831, 32.7906 ], [ -116.73988, 32.79244 ], [ -116.74146, 32.79319 ], [ -116.74328, 32.79482 ], [ -116.74611, 32.79621 ], [ -116.74825, 32.79931 ], [ -116.74909, 32.79987 ], [ -116.75022, 32.79992 ], [ -116.75263, 32.79895 ], [ -116.75517, 32.79896 ], [ -116.75947, 32.7997 ], [ -116.76199, 32.80065 ], [ -116.76482, 32.80229 ], [ -116.76638, 32.80243 ], [ -116.76951, 32.80205 ], [ -116.77221, 32.80279 ], [ -116.77379, 32.80285 ], [ -116.77408, 32.80292 ], [ -116.77172, 32.80286 ], [ -116.77178, 32.80933 ], [ -116.7509, 32.80904 ], [ -116.74552, 32.80937 ], [ -116.7451, 32.81576 ], [ -116.73606, 32.81621 ], [ -116.7365, 32.83476 ], [ -116.73116, 32.83398 ], [ -116.72071, 32.8339 ], [ -116.71427, 32.83666 ], [ -116.70594, 32.83826 ], [ -116.70247, 32.83828 ], [ -116.70256, 32.84208 ], [ -116.69407, 32.84226 ], [ -116.693, 32.84243 ], [ -116.69298, 32.84393 ], [ -116.68746, 32.84392 ], [ -116.6875, 32.84252 ] ] ] } },
{ "type": "Feature", "properties": { "police_beat": 559 }, "geometry": { "type": "Polygon", "coordinates": [ [ [ -116.8423, 32.82706 ], [ -116.83947, 32.82712 ], [ -116.83729, 32.82652 ], [ -116.83685, 32.82672 ], [ -116.83665, 32.82741 ], [ -116.83615, 32.82747 ], [ -116.83395, 32.82586 ], [ -116.83094, 32.82078 ], [ -116.83029, 32.82046 ], [ -116.82948, 32.82057 ], [ -116.83085, 32.8189 ], [ -116.83359, 32.8172 ], [ -116.83467, 32.81571 ], [ -116.84015, 32.81344 ], [ -116.84204, 32.81214 ], [ -116.84407, 32.80924 ], [ -116.84425, 32.80754 ], [ -116.84399, 32.80624 ], [ -116.84461, 32.80466 ], [ -116.84432, 32.80319 ], [ -116.84506, 32.80109 ], [ -116.84513, 32.79907 ], [ -116.84593, 32.79769 ], [ -116.84603, 32.79328 ], [ -116.84588, 32.791 ], [ -116.84542, 32.78976 ], [ -116.84539, 32.78677 ], [ -116.84708, 32.78244 ], [ -116.84767, 32.78166 ], [ -116.84961, 32.78102 ], [ -116.85459, 32.78193 ], [ -116.85675, 32.78201 ], [ -116.85882, 32.78153 ], [ -116.8614, 32.78042 ], [ -116.86541, 32.78021 ], [ -116.86714, 32.7793 ], [ -116.86858, 32.77906 ], [ -116.8731, 32.78057 ], [ -116.87703, 32.78291 ], [ -116.88312, 32.78557 ], [ -116.88756, 32.78846 ], [ -116.88889, 32.78819 ], [ -116.88986, 32.78543 ], [ -116.89283, 32.78531 ], [ -116.89304, 32.78731 ], [ -116.89264, 32.78832 ], [ -116.89318, 32.78831 ], [ -116.89289, 32.80183 ], [ -116.89227, 32.8024 ], [ -116.89283, 32.8032 ], [ -116.89277, 32.80575 ], [ -116.89239, 32.80572 ], [ -116.89185, 32.80801 ], [ -116.89241, 32.80909 ], [ -116.89238, 32.80991 ], [ -116.88454, 32.80877 ], [ -116.87943, 32.81022 ], [ -116.87616, 32.81184 ], [ -116.87412, 32.81224 ], [ -116.8724, 32.81325 ], [ -116.87015, 32.81367 ], [ -116.86808, 32.8147 ], [ -116.86384, 32.81509 ], [ -116.86227, 32.81469 ], [ -116.86137, 32.81542 ], [ -116.86016, 32.81577 ], [ -116.85842, 32.8172 ], [ -116.85625, 32.81828 ], [ -116.85453, 32.81873 ], [ -116.85237, 32.82049 ], [ -116.84997, 32.82136 ], [ -116.84961, 32.822 ], [ -116.84957, 32.82369 ], [ -116.84766, 32.82418 ], [ -116.84706, 32.82485 ], [ -116.84719, 32.8256 ], [ -116.84845, 32.82686 ], [ -116.84854, 32.82752 ], [ -116.84814, 32.82808 ], [ -116.84709, 32.82838 ], [ -116.8423, 32.82706 ] ] ] } },
{ "type": "Feature", "properties": { "police_beat": 560 }, "geometry": { "type": "Polygon", "coordinates": [ [ [ -116.84112, 32.79946 ], [ -116.8451, 32.79939 ], [ -116.84506, 32.80112 ], [ -116.84431, 32.80324 ], [ -116.84461, 32.80468 ], [ -116.84399, 32.80623 ], [ -116.84425, 32.80757 ], [ -116.84399, 32.80939 ], [ -116.842, 32.81218 ], [ -116.84015, 32.81344 ], [ -116.83472, 32.81567 ], [ -116.83352, 32.81725 ], [ -116.83081, 32.81893 ], [ -116.82801, 32.82198 ], [ -116.82732, 32.82392 ], [ -116.82461, 32.82633 ], [ -116.82059, 32.82809 ], [ -116.81752, 32.82894 ], [ -116.81603, 32.83028 ], [ -116.8155, 32.83122 ], [ -116.81281, 32.82884 ], [ -116.81138, 32.82591 ], [ -116.80921, 32.82483 ], [ -116.80864, 32.82404 ], [ -116.80591, 32.82227 ], [ -116.80531, 32.82104 ], [ -116.80539, 32.81994 ], [ -116.80586, 32.81897 ], [ -116.8071, 32.81811 ], [ -116.80807, 32.81683 ], [ -116.80916, 32.81401 ], [ -116.80878, 32.81281 ], [ -116.81031, 32.8111 ], [ -116.81066, 32.81009 ], [ -116.81177, 32.80852 ], [ -116.81941, 32.80354 ], [ -116.82346, 32.80128 ], [ -116.82471, 32.79921 ], [ -116.83325, 32.80018 ], [ -116.84113, 32.79698 ], [ -116.84112, 32.79946 ] ] ] } },
{ "type": "Feature", "properties": { "police_beat": 561 }, "geometry": { "type": "MultiPolygon", "coordinates": [ [ [ [ -116.82858, 32.7902 ], [ -116.82426, 32.79023 ], [ -116.82376, 32.77255 ], [ -116.84126, 32.77214 ], [ -116.84121, 32.78659 ], [ -116.83694, 32.7866 ], [ -116.83692, 32.79033 ], [ -116.83341, 32.79087 ], [ -116.83334, 32.79031 ], [ -116.832, 32.79045 ], [ -116.83274, 32.79107 ], [ -116.8325, 32.79115 ], [ -116.83261, 32.79233 ], [ -116.83217, 32.79248 ], [ -116.83134, 32.79191 ], [ -116.83076, 32.79291 ], [ -116.82863, 32.79232 ], [ -116.82858, 32.7902 ] ] ], [ [ [ -116.84113, 32.79698 ], [ -116.8459, 32.79682 ], [ -116.84589, 32.79796 ], [ -116.8451, 32.79939 ], [ -116.84112, 32.79946 ], [ -116.84113, 32.79698 ] ] ] ] } },
{ "type": "Feature", "properties": { "police_beat": 562 }, "geometry": { "type": "Polygon", "coordinates": [ [ [ -116.82426, 32.79023 ], [ -116.82858, 32.7902 ], [ -116.82867, 32.79359 ], [ -116.82789, 32.79617 ], [ -116.82471, 32.79921 ], [ -116.82346, 32.80128 ], [ -116.81272, 32.80783 ], [ -116.81128, 32.80796 ], [ -116.8082, 32.80719 ], [ -116.80703, 32.8065 ], [ -116.80692, 32.80605 ], [ -116.8031, 32.80741 ], [ -116.80073, 32.80611 ], [ -116.79952, 32.806 ], [ -116.79764, 32.80523 ], [ -116.79609, 32.8051 ], [ -116.79447, 32.80559 ], [ -116.79336, 32.80507 ], [ -116.78974, 32.80477 ], [ -116.78728, 32.80363 ], [ -116.78587, 32.80382 ], [ -116.7841, 32.80315 ], [ -116.78266, 32.80344 ], [ -116.78177, 32.8028 ], [ -116.79678, 32.80273 ], [ -116.79651, 32.77349 ], [ -116.79411, 32.77347 ], [ -116.79458, 32.77316 ], [ -116.79946, 32.77202 ], [ -116.80282, 32.77292 ], [ -116.80361, 32.77424 ], [ -116.80674, 32.77436 ], [ -116.8073, 32.77394 ], [ -116.8071, 32.77263 ], [ -116.80746, 32.77215 ], [ -116.80989, 32.77223 ], [ -116.81266, 32.77065 ], [ -116.81566, 32.77019 ], [ -116.81935, 32.77186 ], [ -116.82478, 32.77222 ], [ -116.82549, 32.77251 ], [ -116.82376, 32.77255 ], [ -116.82426, 32.79023 ] ] ] } },
{ "type": "Feature", "properties": { "police_beat": 563 }, "geometry": { "type": "Polygon", "coordinates": [ [ [ -116.77223, 32.80279 ], [ -116.76949, 32.80205 ], [ -116.76638, 32.80243 ], [ -116.76482, 32.80229 ], [ -116.76199, 32.80065 ], [ -116.75947, 32.7997 ], [ -116.75517, 32.79896 ], [ -116.75263, 32.79895 ], [ -116.75022, 32.79992 ], [ -116.74909, 32.79987 ], [ -116.74825, 32.79931 ], [ -116.74611, 32.79621 ], [ -116.74328, 32.79482 ], [ -116.74146, 32.79319 ], [ -116.73988, 32.79244 ], [ -116.73831, 32.7906 ], [ -116.73718, 32.79043 ], [ -116.73293, 32.79148 ], [ -116.73266, 32.7912 ], [ -116.73265, 32.78979 ], [ -116.73214, 32.78924 ], [ -116.72991, 32.78879 ], [ -116.72218, 32.78607 ], [ -116.72139, 32.78528 ], [ -116.72056, 32.78314 ], [ -116.71759, 32.78046 ], [ -116.71418, 32.77788 ], [ -116.70864, 32.77481 ], [ -116.70499, 32.7711 ], [ -116.70124, 32.77092 ], [ -116.69896, 32.77033 ], [ -116.69624, 32.7689 ], [ -116.69391, 32.76678 ], [ -116.68882, 32.76479 ], [ -116.68385, 32.76434 ], [ -116.67978, 32.76472 ], [ -116.67664, 32.76416 ], [ -116.67522, 32.76449 ], [ -116.67418, 32.76219 ], [ -116.67401, 32.75946 ], [ -116.67561, 32.75782 ], [ -116.67581, 32.75585 ], [ -116.67462, 32.75393 ], [ -116.67338, 32.75346 ], [ -116.67246, 32.75262 ], [ -116.67108, 32.75226 ], [ -116.67103, 32.75066 ], [ -116.66962, 32.74966 ], [ -116.66835, 32.74921 ], [ -116.66815, 32.74874 ], [ -116.66837, 32.74803 ], [ -116.66957, 32.74707 ], [ -116.6715, 32.74618 ], [ -116.67426, 32.7464 ], [ -116.67637, 32.74572 ], [ -116.67955, 32.74369 ], [ -116.68135, 32.74302 ], [ -116.68915, 32.73871 ], [ -116.69495, 32.72989 ], [ -116.7195, 32.72981 ], [ -116.72012, 32.74466 ], [ -116.72868, 32.74471 ], [ -116.72827, 32.75205 ], [ -116.73634, 32.75207 ], [ -116.73598, 32.75571 ], [ -116.73383, 32.75563 ], [ -116.73389, 32.76297 ], [ -116.75301, 32.76275 ], [ -116.75334, 32.76534 ], [ -116.75412, 32.76537 ], [ -116.75376, 32.76872 ], [ -116.75429, 32.77299 ], [ -116.79651, 32.77349 ], [ -116.79678, 32.80273 ], [ -116.77223, 32.80279 ] ] ] } },
{ "type": "Feature", "properties": { "police_beat": 564 }, "geometry": { "type": "Polygon", "coordinates": [ [ [ -116.72525, 32.83782 ], [ -116.72519, 32.83445 ], [ -116.72636, 32.8345 ], [ -116.72644, 32.83781 ], [ -116.72525, 32.83782 ] ] ] } },
{ "type": "Feature", "properties": { "police_beat": 601 }, "geometry": { "type": "MultiPolygon", "coordinates": [ [ [ [ -117.05073, 32.7304 ], [ -117.04992, 32.73041 ], [ -117.04991, 32.73144 ], [ -117.04938, 32.73145 ], [ -117.04939, 32.72966 ], [ -117.05073, 32.72972 ], [ -117.05073, 32.7304 ] ] ], [ [ [ -117.04292, 32.73522 ], [ -117.04936, 32.73514 ], [ -117.04937, 32.73197 ], [ -117.05007, 32.73197 ], [ -117.04978, 32.73334 ], [ -117.05159, 32.73335 ], [ -117.05159, 32.73388 ], [ -117.05194, 32.73376 ], [ -117.05188, 32.73296 ], [ -117.05263, 32.73229 ], [ -117.05491, 32.73157 ], [ -117.05758, 32.72994 ], [ -117.05816, 32.73034 ], [ -117.05816, 32.73073 ], [ -117.05959, 32.73046 ], [ -117.06048, 32.73088 ], [ -117.06261, 32.7295 ], [ -117.06444, 32.72948 ], [ -117.06231, 32.73053 ], [ -117.05896, 32.73281 ], [ -117.05804, 32.73374 ], [ -117.05808, 32.73508 ], [ -117.05111, 32.7423 ], [ -117.05128, 32.74246 ], [ -117.04682, 32.74499 ], [ -117.0434, 32.74537 ], [ -117.04299, 32.74617 ], [ -117.04292, 32.73522 ] ] ] ] } },
{ "type": "Feature", "properties": { "police_beat": 602 }, "geometry": { "type": "Polygon", "coordinates": [ [ [ -117.02734, 32.74748 ], [ -117.02865, 32.74624 ], [ -117.03036, 32.74377 ], [ -117.03087, 32.73697 ], [ -117.03184, 32.73472 ], [ -117.03291, 32.73533 ], [ -117.04292, 32.73522 ], [ -117.04281, 32.74617 ], [ -117.04259, 32.74556 ], [ -117.04178, 32.74516 ], [ -117.03788, 32.74516 ], [ -117.03586, 32.74578 ], [ -117.03445, 32.74577 ], [ -117.03405, 32.74629 ], [ -117.0334, 32.74615 ], [ -117.03175, 32.74654 ], [ -117.02851, 32.74767 ], [ -117.02734, 32.74748 ] ] ] } },
{ "type": "Feature", "properties": { "police_beat": 603 }, "geometry": { "type": "Polygon", "coordinates": [ [ [ -117.01848, 32.74457 ], [ -117.01453, 32.74156 ], [ -117.01459, 32.73467 ], [ -117.03184, 32.73472 ], [ -117.03087, 32.73697 ], [ -117.03036, 32.74377 ], [ -117.02865, 32.74624 ], [ -117.02734, 32.74748 ], [ -117.02307, 32.74738 ], [ -117.02194, 32.74704 ], [ -117.0206, 32.74727 ], [ -117.01835, 32.7482 ], [ -117.01539, 32.75057 ], [ -117.01446, 32.74999 ], [ -117.01448, 32.74787 ], [ -117.01848, 32.74457 ] ] ] } },
{ "type": "Feature", "properties": { "police_beat": 604 }, "geometry": { "type": "Polygon", "coordinates": [ [ [ -117.04302, 32.72862 ], [ -117.04235, 32.72504 ], [ -117.04145, 32.72428 ], [ -117.03875, 32.72409 ], [ -117.04631, 32.71515 ], [ -117.04931, 32.71515 ], [ -117.04936, 32.73514 ], [ -117.04292, 32.73522 ], [ -117.04302, 32.72862 ] ] ] } },
{ "type": "Feature", "properties": { "police_beat": 605 }, "geometry": { "type": "Polygon", "coordinates": [ [ [ -117.03291, 32.73533 ], [ -117.03184, 32.73472 ], [ -117.03482, 32.73025 ], [ -117.0366, 32.72672 ], [ -117.03875, 32.72409 ], [ -117.04192, 32.7245 ], [ -117.04237, 32.7251 ], [ -117.04302, 32.72862 ], [ -117.04292, 32.73522 ], [ -117.03291, 32.73533 ] ] ] } },
{ "type": "Feature", "properties": { "police_beat": 606 }, "geometry": { "type": "Polygon", "coordinates": [ [ [ -117.02587, 32.71854 ], [ -117.02847, 32.71868 ], [ -117.02847, 32.72118 ], [ -117.02949, 32.72119 ], [ -117.02948, 32.72172 ], [ -117.03021, 32.72172 ], [ -117.03022, 32.72025 ], [ -117.03189, 32.72028 ], [ -117.03203, 32.71558 ], [ -117.03279, 32.71534 ], [ -117.03465, 32.71668 ], [ -117.03451, 32.72026 ], [ -117.03535, 32.72016 ], [ -117.03535, 32.7212 ], [ -117.03653, 32.72107 ], [ -117.03667, 32.72029 ], [ -117.0378, 32.72068 ], [ -117.0388, 32.71957 ], [ -117.04035, 32.72028 ], [ -117.04065, 32.71994 ], [ -117.04173, 32.72057 ], [ -117.0366, 32.72672 ], [ -117.03482, 32.73025 ], [ -117.03184, 32.73472 ], [ -117.02713, 32.73468 ], [ -117.02697, 32.72886 ], [ -117.02587, 32.71854 ] ] ] } },
{ "type": "Feature", "properties": { "police_beat": 607 }, "geometry": { "type": "Polygon", "coordinates": [ [ [ -117.01625, 32.73463 ], [ -117.01574, 32.72898 ], [ -117.01463, 32.72898 ], [ -117.01463, 32.72498 ], [ -117.02327, 32.72502 ], [ -117.0231, 32.71849 ], [ -117.02587, 32.71854 ], [ -117.02697, 32.72886 ], [ -117.02713, 32.73468 ], [ -117.01625, 32.73463 ] ] ] } },
{ "type": "Feature", "properties": { "police_beat": 609 }, "geometry": { "type": "Polygon", "coordinates": [ [ [ -116.90916, 32.79607 ], [ -116.90822, 32.79713 ], [ -116.90777, 32.79681 ], [ -116.90818, 32.79634 ], [ -116.90779, 32.7955 ], [ -116.90606, 32.79738 ], [ -116.90393, 32.79565 ], [ -116.90426, 32.7954 ], [ -116.90495, 32.79552 ], [ -116.9054, 32.79489 ], [ -116.90503, 32.79472 ], [ -116.90717, 32.79143 ], [ -116.90604, 32.79129 ], [ -116.9072, 32.79048 ], [ -116.90842, 32.79033 ], [ -116.90943, 32.7892 ], [ -116.91211, 32.78983 ], [ -116.91254, 32.78963 ], [ -116.913, 32.78879 ], [ -116.91164, 32.78689 ], [ -116.9116, 32.78611 ], [ -116.90885, 32.78653 ], [ -116.9061, 32.78744 ], [ -116.90626, 32.77689 ], [ -116.90738, 32.77511 ], [ -116.90683, 32.7732 ], [ -116.90696, 32.77246 ], [ -116.91039, 32.76921 ], [ -116.91116, 32.76812 ], [ -116.91303, 32.76746 ], [ -116.91473, 32.76638 ], [ -116.91497, 32.76215 ], [ -116.92788, 32.76209 ], [ -116.92788, 32.77605 ], [ -116.92737, 32.77605 ], [ -116.92721, 32.77652 ], [ -116.92721, 32.77927 ], [ -116.92749, 32.77943 ], [ -116.92707, 32.78008 ], [ -116.92601, 32.78022 ], [ -116.9259, 32.78073 ], [ -116.92514, 32.78135 ], [ -116.92515, 32.77916 ], [ -116.92411, 32.77905 ], [ -116.92411, 32.77982 ], [ -116.92167, 32.77981 ], [ -116.92168, 32.77931 ], [ -116.9208, 32.7793 ], [ -116.92081, 32.77879 ], [ -116.92053, 32.77877 ], [ -116.91667, 32.78179 ], [ -116.91666, 32.78204 ], [ -116.9181, 32.78205 ], [ -116.91812, 32.78405 ], [ -116.91835, 32.78423 ], [ -116.91781, 32.78479 ], [ -116.9186, 32.78547 ], [ -116.91785, 32.78638 ], [ -116.91766, 32.78746 ], [ -116.91634, 32.78742 ], [ -116.91634, 32.78862 ], [ -116.91783, 32.7886 ], [ -116.91794, 32.78901 ], [ -116.92042, 32.789 ], [ -116.92041, 32.78939 ], [ -116.92145, 32.78939 ], [ -116.92143, 32.79283 ], [ -116.92275, 32.79283 ], [ -116.92275, 32.7935 ], [ -116.92333, 32.7935 ], [ -116.92402, 32.7935 ], [ -116.92403, 32.79282 ], [ -116.9247, 32.79282 ], [ -116.92467, 32.79647 ], [ -116.91796, 32.79631 ], [ -116.91796, 32.79449 ], [ -116.91667, 32.79449 ], [ -116.91667, 32.79489 ], [ -116.91581, 32.7949 ], [ -116.91581, 32.79631 ], [ -116.91378, 32.79638 ], [ -116.91164, 32.79755 ], [ -116.90916, 32.79607 ] ] ] } },
{ "type": "Feature", "properties": { "police_beat": 610 }, "geometry": { "type": "Polygon", "coordinates": [ [ [ -116.89318, 32.78831 ], [ -116.89264, 32.78832 ], [ -116.89304, 32.78731 ], [ -116.89283, 32.78531 ], [ -116.89321, 32.78547 ], [ -116.89328, 32.78233 ], [ -116.89035, 32.78229 ], [ -116.88941, 32.78281 ], [ -116.88807, 32.7801 ], [ -116.88805, 32.77668 ], [ -116.8868, 32.7733 ], [ -116.88473, 32.77331 ], [ -116.88473, 32.76949 ], [ -116.8825, 32.76959 ], [ -116.88321, 32.76677 ], [ -116.8843, 32.76597 ], [ -116.88855, 32.76437 ], [ -116.89068, 32.76222 ], [ -116.89435, 32.76075 ], [ -116.89799, 32.75983 ], [ -116.90298, 32.7574 ], [ -116.90617, 32.75951 ], [ -116.9077, 32.76095 ], [ -116.91104, 32.76206 ], [ -116.91497, 32.76215 ], [ -116.91484, 32.76623 ], [ -116.91305, 32.76745 ], [ -116.91116, 32.76812 ], [ -116.91039, 32.76921 ], [ -116.90706, 32.77229 ], [ -116.90682, 32.77313 ], [ -116.90736, 32.77525 ], [ -116.90626, 32.77689 ], [ -116.9061, 32.78744 ], [ -116.90885, 32.78653 ], [ -116.9116, 32.78611 ], [ -116.91165, 32.78691 ], [ -116.91299, 32.78863 ], [ -116.91254, 32.78963 ], [ -116.91137, 32.78979 ], [ -116.90934, 32.78924 ], [ -116.90842, 32.79033 ], [ -116.9072, 32.79048 ], [ -116.90604, 32.79129 ], [ -116.90717, 32.79143 ], [ -116.90503, 32.79472 ], [ -116.90319, 32.79389 ], [ -116.90134, 32.79429 ], [ -116.90114, 32.79391 ], [ -116.89971, 32.79529 ], [ -116.89979, 32.79608 ], [ -116.90042, 32.79664 ], [ -116.89742, 32.7978 ], [ -116.89295, 32.79731 ], [ -116.89318, 32.78831 ] ] ] } },
{ "type": "Feature", "properties": { "police_beat": 611 }, "geometry": { "type": "MultiPolygon", "coordinates": [ [ [ [ -117.20291, 32.7566 ], [ -117.20206, 32.7554 ], [ -117.19815, 32.75232 ], [ -117.1954, 32.74938 ], [ -117.19334, 32.74777 ], [ -117.19352, 32.74692 ], [ -117.19201, 32.74623 ], [ -117.19343, 32.74461 ], [ -117.18346, 32.74012 ], [ -117.18081, 32.73848 ], [ -117.17521, 32.7325 ], [ -117.1737, 32.7295 ], [ -117.17714, 32.7284 ], [ -117.17739, 32.72767 ], [ -117.18018, 32.72751 ], [ -117.1797, 32.72725 ], [ -117.18086, 32.72559 ], [ -117.18498, 32.7268 ], [ -117.18468, 32.72806 ], [ -117.18562, 32.72838 ], [ -117.18633, 32.72829 ], [ -117.18832, 32.72704 ], [ -117.1954, 32.72737 ], [ -117.19543, 32.72648 ], [ -117.1948, 32.72588 ], [ -117.18811, 32.72497 ], [ -117.18774, 32.72445 ], [ -117.18826, 32.72402 ], [ -117.1935, 32.72472 ], [ -117.19939, 32.72505 ], [ -117.2061, 32.72485 ], [ -117.21321, 32.72391 ], [ -117.2139, 32.72431 ], [ -117.21336, 32.72491 ], [ -117.20877, 32.7256 ], [ -117.19902, 32.72605 ], [ -117.19853, 32.72763 ], [ -117.19907, 32.72831 ], [ -117.19994, 32.72869 ], [ -117.20734, 32.72857 ], [ -117.21344, 32.72796 ], [ -117.21386, 32.72829 ], [ -117.21527, 32.72787 ], [ -117.21593, 32.72692 ], [ -117.21717, 32.72239 ], [ -117.21768, 32.72186 ], [ -117.22059, 32.72284 ], [ -117.22344, 32.72458 ], [ -117.22312, 32.72537 ], [ -117.22195, 32.72537 ], [ -117.22146, 32.72562 ], [ -117.22151, 32.72589 ], [ -117.22581, 32.72858 ], [ -117.21254, 32.74425 ], [ -117.2097, 32.74257 ], [ -117.2076, 32.74288 ], [ -117.20819, 32.74458 ], [ -117.20939, 32.74444 ], [ -117.20997, 32.74385 ], [ -117.21116, 32.74475 ], [ -117.20863, 32.74677 ], [ -117.20922, 32.74716 ], [ -117.20811, 32.7478 ], [ -117.21145, 32.74986 ], [ -117.21251, 32.74927 ], [ -117.21261, 32.74854 ], [ -117.21394, 32.74695 ], [ -117.21776, 32.74949 ], [ -117.21644, 32.75045 ], [ -117.21517, 32.75215 ], [ -117.22408, 32.75762 ], [ -117.20387, 32.76001 ], [ -117.20291, 32.7566 ] ] ], [ [ [ -116.98518, 32.77035 ], [ -116.98541, 32.77041 ], [ -116.98535, 32.77102 ], [ -116.98423, 32.77102 ], [ -116.98184, 32.77228 ], [ -116.98215, 32.77232 ], [ -116.98193, 32.77293 ], [ -116.98286, 32.7731 ], [ -116.98347, 32.77286 ], [ -116.98358, 32.77401 ], [ -116.98573, 32.77364 ], [ -116.98611, 32.77286 ], [ -116.98676, 32.77262 ], [ -116.9864, 32.77176 ], [ -116.98607, 32.77185 ], [ -116.98606, 32.77111 ], [ -116.98872, 32.77101 ], [ -116.99254, 32.76969 ], [ -116.99215, 32.769 ], [ -116.99334, 32.7686 ], [ -116.99382, 32.76904 ], [ -116.99427, 32.76856 ], [ -116.99399, 32.768 ], [ -116.99465, 32.76767 ], [ -116.99495, 32.76821 ], [ -116.99703, 32.76822 ], [ -116.99703, 32.76786 ], [ -116.99793, 32.76786 ], [ -116.9986, 32.76786 ], [ -116.99862, 32.76823 ], [ -117.00127, 32.76823 ], [ -117.00131, 32.76898 ], [ -116.99744, 32.76895 ], [ -116.99746, 32.76968 ], [ -116.99656, 32.76952 ], [ -116.99642, 32.77022 ], [ -116.99604, 32.77034 ], [ -116.99605, 32.77091 ], [ -116.99706, 32.7703 ], [ -116.99707, 32.7715 ], [ -116.99748, 32.77149 ], [ -116.99762, 32.77186 ], [ -116.99716, 32.77295 ], [ -116.99714, 32.77352 ], [ -116.99748, 32.77363 ], [ -116.99715, 32.77441 ], [ -116.99818, 32.77481 ], [ -116.99947, 32.77336 ], [ -116.99896, 32.77311 ], [ -116.99895, 32.7725 ], [ -116.99929, 32.77219 ], [ -117.00012, 32.77216 ], [ -117.00013, 32.77277 ], [ -117.00049, 32.77278 ], [ -117.00015, 32.7747 ], [ -116.99963, 32.7747 ], [ -116.99942, 32.77506 ], [ -116.99853, 32.77486 ], [ -116.99886, 32.77593 ], [ -116.99911, 32.77594 ], [ -116.99876, 32.77677 ], [ -116.99962, 32.77689 ], [ -116.99966, 32.77728 ], [ -117.00009, 32.77732 ], [ -117.00007, 32.77643 ], [ -117.00059, 32.77599 ], [ -117.00039, 32.77568 ], [ -117.00116, 32.77536 ], [ -117.00118, 32.77585 ], [ -117.00148, 32.77579 ], [ -117.0015, 32.77677 ], [ -117.00096, 32.77678 ], [ -117.00108, 32.77709 ], [ -117.00037, 32.77817 ], [ -116.99905, 32.77854 ], [ -116.99894, 32.77822 ], [ -116.99794, 32.77812 ], [ -116.9971, 32.77853 ], [ -116.99549, 32.77779 ], [ -116.9934, 32.77833 ], [ -116.99254, 32.77808 ], [ -116.99239, 32.77731 ], [ -116.99116, 32.77708 ], [ -116.99095, 32.77766 ], [ -116.99009, 32.77775 ], [ -116.99012, 32.77857 ], [ -116.98994, 32.77807 ], [ -116.98961, 32.77803 ], [ -116.98973, 32.7786 ], [ -116.98809, 32.77844 ], [ -116.98841, 32.77765 ], [ -116.98815, 32.77716 ], [ -116.98742, 32.77708 ], [ -116.98676, 32.77751 ], [ -116.98582, 32.77692 ], [ -116.98688, 32.77617 ], [ -116.98701, 32.77534 ], [ -116.98563, 32.77591 ], [ -116.98447, 32.77595 ], [ -116.98433, 32.77634 ], [ -116.98287, 32.776 ], [ -116.98232, 32.77572 ], [ -116.98204, 32.77491 ], [ -116.98149, 32.77443 ], [ -116.97902, 32.77303 ], [ -116.97802, 32.77168 ], [ -116.9746, 32.77028 ], [ -116.97211, 32.7662 ], [ -116.97216, 32.76524 ], [ -116.97264, 32.7647 ], [ -116.97652, 32.76383 ], [ -116.97898, 32.764 ], [ -116.9831, 32.76249 ], [ -116.98529, 32.76337 ], [ -116.98695, 32.763 ], [ -116.98842, 32.76376 ], [ -116.98963, 32.76366 ], [ -116.99097, 32.76406 ], [ -116.99146, 32.76374 ], [ -116.9933, 32.76072 ], [ -116.99584, 32.75971 ], [ -116.99884, 32.76053 ], [ -117.00048, 32.76025 ], [ -117.00204, 32.76147 ], [ -117.00135, 32.76294 ], [ -117.0007, 32.76295 ], [ -117.0007, 32.76337 ], [ -117.00014, 32.76353 ], [ -116.99837, 32.76354 ], [ -116.99834, 32.76228 ], [ -116.99695, 32.76172 ], [ -116.99698, 32.76223 ], [ -116.99588, 32.7619 ], [ -116.99455, 32.76241 ], [ -116.99527, 32.76313 ], [ -116.99568, 32.76294 ], [ -116.99575, 32.76332 ], [ -116.99634, 32.76342 ], [ -116.99599, 32.76373 ], [ -116.99681, 32.76454 ], [ -116.99743, 32.76443 ], [ -116.99698, 32.76469 ], [ -116.99735, 32.76502 ], [ -116.99775, 32.76469 ], [ -116.9979, 32.76502 ], [ -116.99838, 32.76483 ], [ -116.99839, 32.76445 ], [ -116.99918, 32.76445 ], [ -116.99919, 32.76478 ], [ -116.99872, 32.76478 ], [ -116.99872, 32.76535 ], [ -116.99742, 32.76533 ], [ -116.99743, 32.76583 ], [ -116.99573, 32.76595 ], [ -116.99601, 32.76552 ], [ -116.99564, 32.7653 ], [ -116.99563, 32.76479 ], [ -116.99477, 32.76443 ], [ -116.99261, 32.76445 ], [ -116.99261, 32.76467 ], [ -116.99203, 32.76467 ], [ -116.99203, 32.76509 ], [ -116.99243, 32.76504 ], [ -116.99261, 32.76608 ], [ -116.99147, 32.76607 ], [ -116.99147, 32.76466 ], [ -116.99104, 32.76466 ], [ -116.99105, 32.76605 ], [ -116.99129, 32.76606 ], [ -116.99039, 32.76673 ], [ -116.99007, 32.76643 ], [ -116.98876, 32.76712 ], [ -116.98943, 32.76733 ], [ -116.98921, 32.76797 ], [ -116.99027, 32.76796 ], [ -116.99009, 32.76851 ], [ -116.98961, 32.76839 ], [ -116.98911, 32.76897 ], [ -116.98994, 32.76919 ], [ -116.99068, 32.76884 ], [ -116.99062, 32.76975 ], [ -116.98955, 32.76982 ], [ -116.98953, 32.76955 ], [ -116.98854, 32.76948 ], [ -116.98844, 32.76916 ], [ -116.98806, 32.76924 ], [ -116.98775, 32.76884 ], [ -116.98793, 32.76871 ], [ -116.98747, 32.76865 ], [ -116.98662, 32.76932 ], [ -116.98555, 32.76903 ], [ -116.98518, 32.77035 ] ], [ [ -116.98551, 32.76904 ], [ -116.98542, 32.76911 ], [ -116.98545, 32.76913 ], [ -116.98551, 32.76904 ] ] ], [ [ [ -117.04036, 32.77137 ], [ -117.04037, 32.77196 ], [ -117.03992, 32.77191 ], [ -117.03991, 32.77138 ], [ -117.04036, 32.77137 ] ] ], [ [ [ -116.99143, 32.7781 ], [ -116.99223, 32.77801 ], [ -116.99215, 32.77875 ], [ -116.99151, 32.7785 ], [ -116.99143, 32.7781 ] ] ] ] } },
{ "type": "Feature", "properties": { "police_beat": 612 }, "geometry": { "type": "MultiPolygon", "coordinates": [ [ [ [ -117.21921, 32.75095 ], [ -117.21887, 32.75032 ], [ -117.21996, 32.74952 ], [ -117.21899, 32.74914 ], [ -117.21776, 32.74949 ], [ -117.21394, 32.74695 ], [ -117.21261, 32.74854 ], [ -117.21251, 32.74927 ], [ -117.21145, 32.74986 ], [ -117.20811, 32.7478 ], [ -117.20922, 32.74716 ], [ -117.20863, 32.74677 ], [ -117.21116, 32.74475 ], [ -117.20997, 32.74385 ], [ -117.20939, 32.74444 ], [ -117.20819, 32.74458 ], [ -117.2076, 32.74288 ], [ -117.2097, 32.74257 ], [ -117.21254, 32.74425 ], [ -117.21968, 32.73581 ], [ -117.22263, 32.73763 ], [ -117.22673, 32.7328 ], [ -117.22829, 32.73377 ], [ -117.22945, 32.7359 ], [ -117.22784, 32.7378 ], [ -117.22788, 32.73844 ], [ -117.22877, 32.7388 ], [ -117.22663, 32.74035 ], [ -117.22439, 32.7411 ], [ -117.22265, 32.74309 ], [ -117.22389, 32.74325 ], [ -117.22485, 32.74381 ], [ -117.22529, 32.74436 ], [ -117.22519, 32.7457 ], [ -117.22085, 32.75087 ], [ -117.21992, 32.75123 ], [ -117.21921, 32.75095 ] ] ], [ [ [ -116.9776, 32.77782 ], [ -116.97704, 32.77754 ], [ -116.97659, 32.77676 ], [ -116.97483, 32.77608 ], [ -116.97407, 32.77544 ], [ -116.97543, 32.77399 ], [ -116.97566, 32.77325 ], [ -116.97431, 32.77323 ], [ -116.97418, 32.7737 ], [ -116.97337, 32.7737 ], [ -116.97337, 32.77323 ], [ -116.96876, 32.7732 ], [ -116.96876, 32.77452 ], [ -116.96771, 32.77418 ], [ -116.96771, 32.77561 ], [ -116.96658, 32.77471 ], [ -116.96659, 32.77388 ], [ -116.96774, 32.77319 ], [ -116.96398, 32.77316 ], [ -116.96398, 32.77341 ], [ -116.96336, 32.77336 ], [ -116.96195, 32.77473 ], [ -116.96095, 32.77459 ], [ -116.95977, 32.77573 ], [ -116.95906, 32.7756 ], [ -116.95934, 32.77339 ], [ -116.96025, 32.77313 ], [ -116.95866, 32.7731 ], [ -116.95847, 32.77253 ], [ -116.95968, 32.77258 ], [ -116.95969, 32.77222 ], [ -116.95843, 32.77222 ], [ -116.95836, 32.7712 ], [ -116.96172, 32.77119 ], [ -116.96177, 32.76995 ], [ -116.96225, 32.7698 ], [ -116.96222, 32.76804 ], [ -116.96038, 32.76808 ], [ -116.95875, 32.76744 ], [ -116.95914, 32.76675 ], [ -116.961, 32.76473 ], [ -116.9619, 32.76441 ], [ -116.96559, 32.76532 ], [ -116.96637, 32.76595 ], [ -116.97195, 32.76613 ], [ -116.97456, 32.77024 ], [ -116.97803, 32.77169 ], [ -116.97908, 32.77308 ], [ -116.98194, 32.7748 ], [ -116.98232, 32.77572 ], [ -116.98433, 32.77634 ], [ -116.98447, 32.77595 ], [ -116.98563, 32.77591 ], [ -116.98701, 32.77534 ], [ -116.98688, 32.77616 ], [ -116.98582, 32.77693 ], [ -116.98676, 32.77751 ], [ -116.98739, 32.77709 ], [ -116.98804, 32.77711 ], [ -116.98841, 32.77759 ], [ -116.98817, 32.77856 ], [ -116.98485, 32.77839 ], [ -116.9848, 32.77891 ], [ -116.98364, 32.77906 ], [ -116.98268, 32.77855 ], [ -116.98276, 32.77904 ], [ -116.98174, 32.77896 ], [ -116.98167, 32.77948 ], [ -116.98166, 32.77907 ], [ -116.98112, 32.77908 ], [ -116.98152, 32.7781 ], [ -116.98111, 32.77786 ], [ -116.98039, 32.77943 ], [ -116.9791, 32.77966 ], [ -116.97844, 32.77915 ], [ -116.9775, 32.77925 ], [ -116.97746, 32.77981 ], [ -116.97696, 32.77981 ], [ -116.9776, 32.77782 ] ] ] ] } },
{ "type": "Feature", "properties": { "police_beat": 613 }, "geometry": { "type": "MultiPolygon", "coordinates": [ [ [ [ -117.21803, 32.74932 ], [ -117.21918, 32.74916 ], [ -117.21996, 32.74952 ], [ -117.21893, 32.7501 ], [ -117.21905, 32.75077 ], [ -117.21972, 32.7512 ], [ -117.22057, 32.7511 ], [ -117.22517, 32.74574 ], [ -117.22529, 32.74436 ], [ -117.22487, 32.74384 ], [ -117.22391, 32.74325 ], [ -117.22265, 32.74309 ], [ -117.22439, 32.7411 ], [ -117.22663, 32.74035 ], [ -117.22877, 32.7388 ], [ -117.22788, 32.73844 ], [ -117.22784, 32.7378 ], [ -117.22945, 32.7359 ], [ -117.22829, 32.73377 ], [ -117.22673, 32.7328 ], [ -117.22724, 32.73218 ], [ -117.22628, 32.73161 ], [ -117.22782, 32.72979 ], [ -117.22976, 32.73098 ], [ -117.22924, 32.73159 ], [ -117.23329, 32.7342 ], [ -117.2347, 32.73275 ], [ -117.24265, 32.73072 ], [ -117.24322, 32.73049 ], [ -117.24362, 32.72955 ], [ -117.25139, 32.7342 ], [ -117.23869, 32.74895 ], [ -117.23839, 32.74867 ], [ -117.23608, 32.75124 ], [ -117.23667, 32.75344 ], [ -117.23511, 32.75634 ], [ -117.22408, 32.75762 ], [ -117.21517, 32.75215 ], [ -117.21641, 32.75048 ], [ -117.21803, 32.74932 ] ] ], [ [ [ -116.94412, 32.78624 ], [ -116.94412, 32.78692 ], [ -116.9432, 32.78692 ], [ -116.9432, 32.78661 ], [ -116.94142, 32.78671 ], [ -116.94142, 32.78546 ], [ -116.94057, 32.78547 ], [ -116.94057, 32.78694 ], [ -116.9395, 32.78694 ], [ -116.9395, 32.78658 ], [ -116.93841, 32.78657 ], [ -116.93841, 32.7851 ], [ -116.93783, 32.7851 ], [ -116.93783, 32.78474 ], [ -116.93649, 32.78471 ], [ -116.93648, 32.78519 ], [ -116.93597, 32.78519 ], [ -116.93597, 32.78471 ], [ -116.93455, 32.78471 ], [ -116.93482, 32.78368 ], [ -116.93455, 32.78367 ], [ -116.93456, 32.78332 ], [ -116.93649, 32.78333 ], [ -116.93636, 32.78164 ], [ -116.93456, 32.78109 ], [ -116.93214, 32.78108 ], [ -116.93214, 32.77821 ], [ -116.92804, 32.77826 ], [ -116.9287, 32.77822 ], [ -116.9287, 32.77788 ], [ -116.92805, 32.77788 ], [ -116.92788, 32.77605 ], [ -116.92788, 32.76199 ], [ -116.93707, 32.76039 ], [ -116.94181, 32.76193 ], [ -116.94198, 32.76222 ], [ -116.95423, 32.76229 ], [ -116.95606, 32.76307 ], [ -116.95881, 32.76309 ], [ -116.95927, 32.76343 ], [ -116.95958, 32.76481 ], [ -116.961, 32.76473 ], [ -116.95834, 32.76793 ], [ -116.9571, 32.76773 ], [ -116.95747, 32.76788 ], [ -116.95752, 32.76834 ], [ -116.95696, 32.76816 ], [ -116.95655, 32.76854 ], [ -116.95687, 32.76909 ], [ -116.95663, 32.76955 ], [ -116.95734, 32.76955 ], [ -116.95734, 32.77015 ], [ -116.95647, 32.77015 ], [ -116.95648, 32.77124 ], [ -116.9559, 32.77125 ], [ -116.95591, 32.772 ], [ -116.95628, 32.77199 ], [ -116.95628, 32.77313 ], [ -116.95583, 32.77317 ], [ -116.95582, 32.77792 ], [ -116.95252, 32.77791 ], [ -116.95255, 32.77873 ], [ -116.95087, 32.77875 ], [ -116.95072, 32.78027 ], [ -116.9499, 32.78026 ], [ -116.9499, 32.7786 ], [ -116.94943, 32.7786 ], [ -116.94943, 32.77917 ], [ -116.94819, 32.77934 ], [ -116.94818, 32.78009 ], [ -116.94657, 32.77967 ], [ -116.94687, 32.77861 ], [ -116.94624, 32.77828 ], [ -116.94526, 32.77929 ], [ -116.94455, 32.77864 ], [ -116.94264, 32.78055 ], [ -116.94524, 32.78305 ], [ -116.94501, 32.78314 ], [ -116.94501, 32.78403 ], [ -116.94588, 32.78447 ], [ -116.94614, 32.78512 ], [ -116.94719, 32.78511 ], [ -116.9469, 32.78662 ], [ -116.94505, 32.78629 ], [ -116.94505, 32.78692 ], [ -116.94443, 32.78692 ], [ -116.94443, 32.78624 ], [ -116.94412, 32.78624 ] ] ] ] } },
{ "type": "Feature", "properties": { "police_beat": 614 }, "geometry": { "type": "MultiPolygon", "coordinates": [ [ [ [ -117.23667, 32.75344 ], [ -117.23608, 32.75124 ], [ -117.23839, 32.74867 ], [ -117.23869, 32.74895 ], [ -117.25198, 32.73349 ], [ -117.25571, 32.73589 ], [ -117.25513, 32.73807 ], [ -117.25534, 32.74157 ], [ -117.25488, 32.74348 ], [ -117.25525, 32.74357 ], [ -117.25484, 32.74397 ], [ -117.25526, 32.74391 ], [ -117.25545, 32.74475 ], [ -117.25502, 32.74659 ], [ -117.25412, 32.74681 ], [ -117.25384, 32.74719 ], [ -117.25862, 32.75013 ], [ -117.25933, 32.74941 ], [ -117.25842, 32.75069 ], [ -117.25855, 32.75017 ], [ -117.25379, 32.74727 ], [ -117.25347, 32.74732 ], [ -117.25283, 32.74901 ], [ -117.25274, 32.75409 ], [ -117.25342, 32.75401 ], [ -117.25422, 32.7562 ], [ -117.2546, 32.75645 ], [ -117.23337, 32.7589 ], [ -117.23667, 32.75344 ] ] ], [ [ [ -116.97669, 32.76208 ], [ -116.98104, 32.76113 ], [ -116.98692, 32.75756 ], [ -116.98723, 32.75624 ], [ -116.98586, 32.75384 ], [ -116.9873, 32.75252 ], [ -116.98736, 32.74799 ], [ -116.98836, 32.74794 ], [ -116.98986, 32.74662 ], [ -116.99705, 32.74937 ], [ -117.0035, 32.7509 ], [ -117.0061, 32.75265 ], [ -117.00364, 32.75196 ], [ -117.00344, 32.7526 ], [ -117.00142, 32.7524 ], [ -117.00134, 32.7545 ], [ -117.00063, 32.75585 ], [ -117.00236, 32.76027 ], [ -117.00204, 32.76147 ], [ -117.00048, 32.76025 ], [ -116.99884, 32.76053 ], [ -116.99592, 32.7597 ], [ -116.99331, 32.76071 ], [ -116.99146, 32.76374 ], [ -116.99092, 32.76407 ], [ -116.98963, 32.76366 ], [ -116.98842, 32.76376 ], [ -116.98695, 32.763 ], [ -116.98529, 32.76337 ], [ -116.98331, 32.76248 ], [ -116.97883, 32.76403 ], [ -116.97666, 32.76382 ], [ -116.97492, 32.76423 ], [ -116.97669, 32.76208 ] ] ] ] } },
{ "type": "Feature", "properties": { "police_beat": 615 }, "geometry": { "type": "MultiPolygon", "coordinates": [ [ [ [ -117.22581, 32.72858 ], [ -117.22165, 32.72604 ], [ -117.22146, 32.72562 ], [ -117.22312, 32.72537 ], [ -117.22344, 32.72458 ], [ -117.22594, 32.72489 ], [ -117.22684, 32.7246 ], [ -117.22757, 32.72363 ], [ -117.22762, 32.72239 ], [ -117.2289, 32.72315 ], [ -117.22941, 32.72254 ], [ -117.22846, 32.72194 ], [ -117.23029, 32.7198 ], [ -117.23231, 32.72085 ], [ -117.23282, 32.72025 ], [ -117.24548, 32.72265 ], [ -117.24322, 32.73049 ], [ -117.23476, 32.73272 ], [ -117.23329, 32.7342 ], [ -117.22924, 32.73159 ], [ -117.22976, 32.73098 ], [ -117.22782, 32.72979 ], [ -117.22628, 32.73161 ], [ -117.22724, 32.73218 ], [ -117.22263, 32.73763 ], [ -117.21968, 32.73581 ], [ -117.22581, 32.72858 ] ] ], [ [ [ -116.96747, 32.76192 ], [ -116.96789, 32.76139 ], [ -116.96928, 32.76097 ], [ -116.96944, 32.75958 ], [ -116.9687, 32.75722 ], [ -116.9679, 32.75633 ], [ -116.96776, 32.7546 ], [ -116.96659, 32.75309 ], [ -116.96664, 32.75051 ], [ -116.96472, 32.74569 ], [ -116.96379, 32.74587 ], [ -116.96441, 32.7448 ], [ -116.96707, 32.74445 ], [ -116.98342, 32.74458 ], [ -116.9859, 32.74505 ], [ -116.98986, 32.74662 ], [ -116.98836, 32.74794 ], [ -116.98736, 32.74799 ], [ -116.9873, 32.75252 ], [ -116.98587, 32.75378 ], [ -116.98604, 32.75455 ], [ -116.98726, 32.75636 ], [ -116.98716, 32.75719 ], [ -116.98661, 32.75784 ], [ -116.9852, 32.75841 ], [ -116.98405, 32.75947 ], [ -116.98097, 32.76116 ], [ -116.97662, 32.76211 ], [ -116.97492, 32.76423 ], [ -116.97237, 32.76486 ], [ -116.97211, 32.7662 ], [ -116.97015, 32.76604 ], [ -116.9702, 32.76235 ], [ -116.96972, 32.76181 ], [ -116.96747, 32.76192 ] ] ] ] } },
{ "type": "Feature", "properties": { "police_beat": 616 }, "geometry": { "type": "MultiPolygon", "coordinates": [ [ [ [ -117.22782, 32.72161 ], [ -117.22755, 32.72117 ], [ -117.22284, 32.7184 ], [ -117.22218, 32.71849 ], [ -117.22098, 32.71973 ], [ -117.22046, 32.71979 ], [ -117.22016, 32.71945 ], [ -117.22029, 32.71823 ], [ -117.22259, 32.71552 ], [ -117.22297, 32.71583 ], [ -117.2236, 32.71531 ], [ -117.22338, 32.71509 ], [ -117.22283, 32.71529 ], [ -117.22541, 32.71418 ], [ -117.22845, 32.71176 ], [ -117.23142, 32.70876 ], [ -117.23314, 32.70802 ], [ -117.23438, 32.70795 ], [ -117.23484, 32.70832 ], [ -117.23453, 32.70908 ], [ -117.23218, 32.70975 ], [ -117.22907, 32.71269 ], [ -117.22502, 32.71583 ], [ -117.2242, 32.71683 ], [ -117.22481, 32.71848 ], [ -117.22721, 32.71996 ], [ -117.22761, 32.71985 ], [ -117.22914, 32.71785 ], [ -117.23094, 32.71889 ], [ -117.23232, 32.71858 ], [ -117.23469, 32.71713 ], [ -117.23593, 32.71498 ], [ -117.23601, 32.71423 ], [ -117.23548, 32.71401 ], [ -117.23367, 32.71531 ], [ -117.23311, 32.71503 ], [ -117.23575, 32.71294 ], [ -117.23673, 32.71156 ], [ -117.23696, 32.70897 ], [ -117.2367, 32.7087 ], [ -117.23702, 32.70787 ], [ -117.24533, 32.7078 ], [ -117.24489, 32.70956 ], [ -117.24581, 32.70973 ], [ -117.24442, 32.71502 ], [ -117.24238, 32.71464 ], [ -117.24157, 32.71773 ], [ -117.24149, 32.7195 ], [ -117.24065, 32.72072 ], [ -117.2394, 32.72149 ], [ -117.23282, 32.72025 ], [ -117.23231, 32.72085 ], [ -117.23037, 32.71979 ], [ -117.22846, 32.72194 ], [ -117.22941, 32.72254 ], [ -117.2289, 32.72315 ], [ -117.22762, 32.72239 ], [ -117.22782, 32.72161 ] ] ], [ [ [ -116.9598, 32.76491 ], [ -116.95942, 32.76461 ], [ -116.95899, 32.76315 ], [ -116.95606, 32.76307 ], [ -116.95433, 32.76229 ], [ -116.94198, 32.76222 ], [ -116.94181, 32.76193 ], [ -116.93707, 32.76039 ], [ -116.92788, 32.76199 ], [ -116.92722, 32.75811 ], [ -116.92728, 32.74724 ], [ -116.92754, 32.74627 ], [ -116.92887, 32.745 ], [ -116.93529, 32.74269 ], [ -116.94106, 32.73976 ], [ -116.94806, 32.73922 ], [ -116.9506, 32.73959 ], [ -116.95297, 32.74064 ], [ -116.95428, 32.74169 ], [ -116.9562, 32.74443 ], [ -116.95795, 32.74549 ], [ -116.95937, 32.74572 ], [ -116.96199, 32.74554 ], [ -116.96441, 32.7448 ], [ -116.96379, 32.74587 ], [ -116.96472, 32.74569 ], [ -116.96664, 32.75051 ], [ -116.96659, 32.75309 ], [ -116.96776, 32.7546 ], [ -116.9679, 32.75633 ], [ -116.9687, 32.75722 ], [ -116.96944, 32.75958 ], [ -116.96928, 32.76097 ], [ -116.96789, 32.76139 ], [ -116.96747, 32.76192 ], [ -116.97003, 32.76198 ], [ -116.97015, 32.76604 ], [ -116.96635, 32.76595 ], [ -116.96561, 32.76533 ], [ -116.96229, 32.76439 ], [ -116.9598, 32.76491 ] ], [ [ -116.94502, 32.74396 ], [ -116.94502, 32.74281 ], [ -116.94429, 32.74284 ], [ -116.94427, 32.74063 ], [ -116.943, 32.7405 ], [ -116.94123, 32.74106 ], [ -116.93506, 32.74424 ], [ -116.93753, 32.74749 ], [ -116.94192, 32.75064 ], [ -116.94303, 32.74906 ], [ -116.94502, 32.74828 ], [ -116.94589, 32.74645 ], [ -116.94531, 32.74404 ], [ -116.94502, 32.74396 ] ] ] ] } },
{ "type": "Feature", "properties": { "police_beat": 617 }, "geometry": { "type": "MultiPolygon", "coordinates": [ [ [ [ -117.2394, 32.72149 ], [ -117.2407, 32.72067 ], [ -117.24139, 32.71977 ], [ -117.24158, 32.71767 ], [ -117.24238, 32.71464 ], [ -117.24442, 32.71502 ], [ -117.24581, 32.70973 ], [ -117.24489, 32.70956 ], [ -117.24533, 32.7078 ], [ -117.23691, 32.70781 ], [ -117.23639, 32.70418 ], [ -117.23643, 32.70354 ], [ -117.23702, 32.70279 ], [ -117.23608, 32.70239 ], [ -117.23706, 32.70271 ], [ -117.2376, 32.70164 ], [ -117.23813, 32.70132 ], [ -117.23675, 32.70074 ], [ -117.23621, 32.70142 ], [ -117.23758, 32.69919 ], [ -117.23679, 32.70066 ], [ -117.23807, 32.70118 ], [ -117.23934, 32.69936 ], [ -117.23913, 32.69878 ], [ -117.2398, 32.6955 ], [ -117.23948, 32.69272 ], [ -117.23975, 32.69189 ], [ -117.23935, 32.69004 ], [ -117.23883, 32.6899 ], [ -117.23885, 32.68936 ], [ -117.23755, 32.68707 ], [ -117.23698, 32.6873 ], [ -117.23587, 32.68627 ], [ -117.23583, 32.68567 ], [ -117.23464, 32.68562 ], [ -117.2336, 32.68659 ], [ -117.23271, 32.68628 ], [ -117.23736, 32.68291 ], [ -117.23832, 32.68115 ], [ -117.23776, 32.67945 ], [ -117.23779, 32.67774 ], [ -117.23678, 32.6751 ], [ -117.23675, 32.6733 ], [ -117.23619, 32.67146 ], [ -117.23729, 32.67013 ], [ -117.23708, 32.66809 ], [ -117.23905, 32.66597 ], [ -117.24213, 32.66521 ], [ -117.24268, 32.66481 ], [ -117.24463, 32.6664 ], [ -117.24506, 32.66775 ], [ -117.24471, 32.66856 ], [ -117.24551, 32.66955 ], [ -117.24515, 32.67078 ], [ -117.24566, 32.67225 ], [ -117.24529, 32.67315 ], [ -117.24565, 32.67358 ], [ -117.24543, 32.67418 ], [ -117.24614, 32.67423 ], [ -117.24663, 32.67486 ], [ -117.24721, 32.67658 ], [ -117.24692, 32.67723 ], [ -117.24755, 32.67753 ], [ -117.24746, 32.67812 ], [ -117.24798, 32.67858 ], [ -117.2481, 32.67944 ], [ -117.24857, 32.68 ], [ -117.24867, 32.68059 ], [ -117.24821, 32.68117 ], [ -117.2488, 32.68124 ], [ -117.24885, 32.68161 ], [ -117.24835, 32.68238 ], [ -117.24888, 32.68295 ], [ -117.24929, 32.68268 ], [ -117.24959, 32.68284 ], [ -117.24935, 32.68314 ], [ -117.24987, 32.68345 ], [ -117.24965, 32.68486 ], [ -117.25044, 32.68693 ], [ -117.25016, 32.68939 ], [ -117.25266, 32.69207 ], [ -117.25309, 32.69215 ], [ -117.25282, 32.69384 ], [ -117.25329, 32.69455 ], [ -117.25397, 32.69461 ], [ -117.25398, 32.69643 ], [ -117.25422, 32.69666 ], [ -117.25399, 32.69721 ], [ -117.25465, 32.69872 ], [ -117.2555, 32.6992 ], [ -117.25509, 32.69982 ], [ -117.25535, 32.70085 ], [ -117.25511, 32.70246 ], [ -117.2556, 32.70346 ], [ -117.25528, 32.70898 ], [ -117.25624, 32.71186 ], [ -117.25656, 32.7151 ], [ -117.25583, 32.71568 ], [ -117.25579, 32.71662 ], [ -117.25708, 32.71961 ], [ -117.25279, 32.71884 ], [ -117.25274, 32.71926 ], [ -117.25234, 32.71911 ], [ -117.25206, 32.72016 ], [ -117.25279, 32.7203 ], [ -117.25209, 32.72296 ], [ -117.25174, 32.72289 ], [ -117.25163, 32.72328 ], [ -117.25019, 32.72302 ], [ -117.24948, 32.7245 ], [ -117.24521, 32.72368 ], [ -117.24548, 32.72267 ], [ -117.2394, 32.72149 ] ] ], [ [ [ -116.91038, 32.76192 ], [ -116.90759, 32.7609 ], [ -116.90618, 32.75952 ], [ -116.90298, 32.7574 ], [ -116.90463, 32.75503 ], [ -116.91228, 32.74761 ], [ -116.91468, 32.74634 ], [ -116.91706, 32.74553 ], [ -116.91925, 32.74394 ], [ -116.92187, 32.743 ], [ -116.9235, 32.74282 ], [ -116.92644, 32.74324 ], [ -116.92903, 32.74445 ], [ -116.92932, 32.74481 ], [ -116.92784, 32.74581 ], [ -116.92728, 32.74724 ], [ -116.92722, 32.75814 ], [ -116.92788, 32.76209 ], [ -116.91235, 32.76216 ], [ -116.91038, 32.76192 ] ] ] ] } },
{ "type": "Feature", "properties": { "police_beat": 618 }, "geometry": { "type": "MultiPolygon", "coordinates": [ [ [ [ -117.24362, 32.72955 ], [ -117.24521, 32.72368 ], [ -117.24948, 32.7245 ], [ -117.25019, 32.72302 ], [ -117.25163, 32.72328 ], [ -117.25174, 32.72289 ], [ -117.25209, 32.72296 ], [ -117.25279, 32.7203 ], [ -117.25206, 32.72016 ], [ -117.25234, 32.71911 ], [ -117.25274, 32.71926 ], [ -117.25279, 32.71884 ], [ -117.25708, 32.71961 ], [ -117.25711, 32.72296 ], [ -117.25768, 32.72388 ], [ -117.25757, 32.72472 ], [ -117.25835, 32.72538 ], [ -117.25688, 32.7261 ], [ -117.25568, 32.7276 ], [ -117.25627, 32.7298 ], [ -117.25729, 32.73064 ], [ -117.25673, 32.73064 ], [ -117.25691, 32.73208 ], [ -117.25657, 32.73266 ], [ -117.25704, 32.73336 ], [ -117.25655, 32.73377 ], [ -117.25649, 32.73456 ], [ -117.25598, 32.73495 ], [ -117.256, 32.73575 ], [ -117.25571, 32.73589 ], [ -117.25198, 32.73349 ], [ -117.25131, 32.7342 ], [ -117.24362, 32.72955 ] ] ], [ [ [ -116.83076, 32.79291 ], [ -116.83134, 32.79191 ], [ -116.83217, 32.79248 ], [ -116.83261, 32.79233 ], [ -116.8325, 32.79115 ], [ -116.83274, 32.79107 ], [ -116.832, 32.79045 ], [ -116.83334, 32.79031 ], [ -116.83341, 32.79087 ], [ -116.83692, 32.79033 ], [ -116.83694, 32.7866 ], [ -116.84121, 32.78659 ], [ -116.84126, 32.77214 ], [ -116.82686, 32.77248 ], [ -116.83005, 32.77042 ], [ -116.83092, 32.76887 ], [ -116.83085, 32.76778 ], [ -116.8313, 32.76647 ], [ -116.83285, 32.76521 ], [ -116.83404, 32.76491 ], [ -116.8385, 32.76501 ], [ -116.83739, 32.76455 ], [ -116.84095, 32.76332 ], [ -116.8409, 32.762 ], [ -116.84133, 32.76156 ], [ -116.84203, 32.76138 ], [ -116.84275, 32.76161 ], [ -116.84317, 32.7602 ], [ -116.84291, 32.75909 ], [ -116.84353, 32.7586 ], [ -116.84396, 32.75918 ], [ -116.84456, 32.75904 ], [ -116.84543, 32.75972 ], [ -116.84646, 32.75981 ], [ -116.84528, 32.75919 ], [ -116.84448, 32.75696 ], [ -116.84474, 32.75615 ], [ -116.84604, 32.75552 ], [ -116.84585, 32.75437 ], [ -116.84263, 32.75093 ], [ -116.84181, 32.75104 ], [ -116.83918, 32.74984 ], [ -116.83736, 32.75052 ], [ -116.83564, 32.75032 ], [ -116.83434, 32.74981 ], [ -116.83165, 32.74719 ], [ -116.83048, 32.7471 ], [ -116.83023, 32.74588 ], [ -116.82809, 32.74454 ], [ -116.82908, 32.74375 ], [ -116.82863, 32.74305 ], [ -116.82742, 32.74246 ], [ -116.82679, 32.74259 ], [ -116.82523, 32.7416 ], [ -116.82517, 32.73968 ], [ -116.82479, 32.73896 ], [ -116.82227, 32.73852 ], [ -116.82046, 32.73647 ], [ -116.81959, 32.73604 ], [ -116.81774, 32.73602 ], [ -116.81654, 32.73521 ], [ -116.81817, 32.73565 ], [ -116.81845, 32.7353 ], [ -116.81826, 32.73442 ], [ -116.82069, 32.73359 ], [ -116.8209, 32.73272 ], [ -116.81979, 32.73276 ], [ -116.82008, 32.73137 ], [ -116.82067, 32.7308 ], [ -116.82275, 32.72988 ], [ -116.82338, 32.72904 ], [ -116.82406, 32.72896 ], [ -116.82507, 32.72939 ], [ -116.82676, 32.72909 ], [ -116.82803, 32.72925 ], [ -116.82978, 32.73006 ], [ -116.8312, 32.72971 ], [ -116.83227, 32.72999 ], [ -116.83252, 32.72895 ], [ -116.83233, 32.72802 ], [ -116.83491, 32.72647 ], [ -116.83514, 32.72661 ], [ -116.83506, 32.72782 ], [ -116.83621, 32.72838 ], [ -116.83688, 32.72997 ], [ -116.8359, 32.73125 ], [ -116.83493, 32.73177 ], [ -116.8351, 32.73203 ], [ -116.83617, 32.73165 ], [ -116.83808, 32.73153 ], [ -116.84144, 32.72978 ], [ -116.84887, 32.72997 ], [ -116.85015, 32.73024 ], [ -116.85289, 32.72993 ], [ -116.85632, 32.73025 ], [ -116.85855, 32.72891 ], [ -116.86279, 32.72916 ], [ -116.86283, 32.73067 ], [ -116.86154, 32.73173 ], [ -116.8611, 32.7336 ], [ -116.85968, 32.73632 ], [ -116.86015, 32.737 ], [ -116.86172, 32.73699 ], [ -116.86191, 32.73795 ], [ -116.86256, 32.73681 ], [ -116.86247, 32.73589 ], [ -116.86324, 32.73491 ], [ -116.86323, 32.73378 ], [ -116.86506, 32.73036 ], [ -116.86675, 32.72992 ], [ -116.8679, 32.72907 ], [ -116.86962, 32.72926 ], [ -116.87172, 32.72864 ], [ -116.87398, 32.73034 ], [ -116.87786, 32.73055 ], [ -116.87823, 32.73175 ], [ -116.87932, 32.73281 ], [ -116.88168, 32.73281 ], [ -116.88411, 32.73426 ], [ -116.89044, 32.73473 ], [ -116.89426, 32.73805 ], [ -116.89557, 32.73877 ], [ -116.90102, 32.73995 ], [ -116.90279, 32.74071 ], [ -116.90545, 32.74039 ], [ -116.90712, 32.74073 ], [ -116.91036, 32.74077 ], [ -116.91214, 32.74012 ], [ -116.91366, 32.73884 ], [ -116.91743, 32.74531 ], [ -116.91216, 32.7477 ], [ -116.90465, 32.75501 ], [ -116.90306, 32.75735 ], [ -116.89799, 32.75983 ], [ -116.89435, 32.76075 ], [ -116.89068, 32.76222 ], [ -116.88855, 32.76437 ], [ -116.8843, 32.76597 ], [ -116.8832, 32.76678 ], [ -116.8825, 32.76959 ], [ -116.88473, 32.76949 ], [ -116.88473, 32.77331 ], [ -116.8868, 32.7733 ], [ -116.88805, 32.77668 ], [ -116.88807, 32.7801 ], [ -116.88941, 32.78281 ], [ -116.89035, 32.78229 ], [ -116.89328, 32.78233 ], [ -116.89321, 32.78547 ], [ -116.89221, 32.78521 ], [ -116.88984, 32.78545 ], [ -116.88865, 32.78839 ], [ -116.88739, 32.7884 ], [ -116.88552, 32.78691 ], [ -116.88312, 32.78557 ], [ -116.87703, 32.78291 ], [ -116.87284, 32.78045 ], [ -116.86964, 32.77923 ], [ -116.86817, 32.77905 ], [ -116.86556, 32.78017 ], [ -116.86182, 32.78033 ], [ -116.85675, 32.78201 ], [ -116.85459, 32.78193 ], [ -116.84965, 32.78103 ], [ -116.84774, 32.7816 ], [ -116.84709, 32.78243 ], [ -116.84539, 32.78678 ], [ -116.84542, 32.78976 ], [ -116.84588, 32.791 ], [ -116.84603, 32.79325 ], [ -116.8459, 32.79682 ], [ -116.84113, 32.79698 ], [ -116.83325, 32.80018 ], [ -116.82471, 32.79921 ], [ -116.82789, 32.79617 ], [ -116.82867, 32.79359 ], [ -116.82863, 32.79232 ], [ -116.83076, 32.79291 ] ] ] ] } },
{ "type": "Feature", "properties": { "police_beat": 619 }, "geometry": { "type": "Polygon", "coordinates": [ [ [ -116.79896, 32.77202 ], [ -116.79519, 32.77291 ], [ -116.79411, 32.77347 ], [ -116.75429, 32.77299 ], [ -116.75376, 32.76872 ], [ -116.75401, 32.76703 ], [ -116.75381, 32.7664 ], [ -116.7546, 32.76194 ], [ -116.75521, 32.76092 ], [ -116.75539, 32.75951 ], [ -116.75495, 32.75867 ], [ -116.75505, 32.75719 ], [ -116.75596, 32.75555 ], [ -116.7571, 32.75557 ], [ -116.75708, 32.7531 ], [ -116.75886, 32.75194 ], [ -116.76109, 32.75196 ], [ -116.76211, 32.7523 ], [ -116.76326, 32.75374 ], [ -116.76501, 32.75419 ], [ -116.76577, 32.75486 ], [ -116.76767, 32.75567 ], [ -116.76945, 32.75529 ], [ -116.77024, 32.75549 ], [ -116.77134, 32.75491 ], [ -116.77281, 32.75486 ], [ -116.77412, 32.75402 ], [ -116.77532, 32.75408 ], [ -116.77606, 32.7535 ], [ -116.77744, 32.75406 ], [ -116.77827, 32.75379 ], [ -116.77932, 32.75433 ], [ -116.78314, 32.75388 ], [ -116.78427, 32.75209 ], [ -116.78687, 32.75075 ], [ -116.78729, 32.75018 ], [ -116.78808, 32.75009 ], [ -116.78838, 32.74878 ], [ -116.79072, 32.74775 ], [ -116.79268, 32.74833 ], [ -116.79516, 32.74731 ], [ -116.79625, 32.74735 ], [ -116.7993, 32.74664 ], [ -116.80224, 32.74571 ], [ -116.80329, 32.74425 ], [ -116.80499, 32.74347 ], [ -116.80878, 32.74279 ], [ -116.81218, 32.74336 ], [ -116.81275, 32.74215 ], [ -116.81259, 32.74125 ], [ -116.81169, 32.7405 ], [ -116.81123, 32.73963 ], [ -116.81264, 32.73983 ], [ -116.81364, 32.7388 ], [ -116.81529, 32.73911 ], [ -116.81601, 32.73894 ], [ -116.81657, 32.73797 ], [ -116.81587, 32.73721 ], [ -116.81556, 32.73619 ], [ -116.81654, 32.73521 ], [ -116.81774, 32.73602 ], [ -116.81959, 32.73604 ], [ -116.82046, 32.73647 ], [ -116.82227, 32.73852 ], [ -116.82479, 32.73896 ], [ -116.82517, 32.73968 ], [ -116.82523, 32.7416 ], [ -116.82679, 32.74259 ], [ -116.82742, 32.74246 ], [ -116.82863, 32.74305 ], [ -116.82908, 32.74375 ], [ -116.82809, 32.74454 ], [ -116.83023, 32.74588 ], [ -116.83048, 32.7471 ], [ -116.83165, 32.74719 ], [ -116.83434, 32.74981 ], [ -116.83564, 32.75032 ], [ -116.83736, 32.75052 ], [ -116.83918, 32.74984 ], [ -116.84181, 32.75104 ], [ -116.84255, 32.75088 ], [ -116.84585, 32.75437 ], [ -116.84604, 32.75552 ], [ -116.84474, 32.75615 ], [ -116.84448, 32.75696 ], [ -116.84528, 32.75919 ], [ -116.84644, 32.75994 ], [ -116.8453, 32.75966 ], [ -116.84456, 32.75904 ], [ -116.84396, 32.75918 ], [ -116.84353, 32.7586 ], [ -116.84291, 32.75909 ], [ -116.84317, 32.7602 ], [ -116.84275, 32.76161 ], [ -116.84203, 32.76138 ], [ -116.84133, 32.76156 ], [ -116.8409, 32.762 ], [ -116.84095, 32.76332 ], [ -116.83739, 32.76455 ], [ -116.8385, 32.76501 ], [ -116.83404, 32.76491 ], [ -116.83285, 32.76521 ], [ -116.83129, 32.76648 ], [ -116.83085, 32.76778 ], [ -116.83093, 32.76883 ], [ -116.83033, 32.77007 ], [ -116.82973, 32.77078 ], [ -116.82743, 32.77227 ], [ -116.82549, 32.77251 ], [ -116.82465, 32.7722 ], [ -116.81946, 32.77188 ], [ -116.81569, 32.77018 ], [ -116.81268, 32.77064 ], [ -116.80989, 32.77223 ], [ -116.80746, 32.77215 ], [ -116.8071, 32.77263 ], [ -116.8073, 32.77393 ], [ -116.80677, 32.77436 ], [ -116.80359, 32.77424 ], [ -116.80296, 32.77302 ], [ -116.79896, 32.77202 ] ] ] } },
{ "type": "Feature", "properties": { "police_beat": 621 }, "geometry": { "type": "MultiPolygon", "coordinates": [ [ [ [ -117.01017, 32.75277 ], [ -117.0061, 32.75265 ], [ -117.0035, 32.7509 ], [ -117.00147, 32.75035 ], [ -117.00156, 32.7498 ], [ -117.00324, 32.7464 ], [ -117.00363, 32.74408 ], [ -117.00571, 32.74076 ], [ -117.00571, 32.73789 ], [ -117.00645, 32.73697 ], [ -117.00645, 32.73464 ], [ -117.01459, 32.73462 ], [ -117.01453, 32.74156 ], [ -117.01848, 32.74457 ], [ -117.01448, 32.74787 ], [ -117.01446, 32.74999 ], [ -117.01539, 32.75057 ], [ -117.01219, 32.75319 ], [ -117.01221, 32.75473 ], [ -117.01108, 32.75458 ], [ -117.01019, 32.75507 ], [ -117.01017, 32.75277 ] ] ], [ [ [ -117.15802, 32.80077 ], [ -117.15525, 32.80188 ], [ -117.16277, 32.78123 ], [ -117.16266, 32.77816 ], [ -117.1608, 32.77335 ], [ -117.1612, 32.77162 ], [ -117.16426, 32.77013 ], [ -117.16965, 32.76949 ], [ -117.17909, 32.76625 ], [ -117.18089, 32.76604 ], [ -117.18363, 32.76626 ], [ -117.1832, 32.76712 ], [ -117.1818, 32.76762 ], [ -117.18118, 32.76824 ], [ -117.18048, 32.77257 ], [ -117.17983, 32.77415 ], [ -117.18169, 32.77703 ], [ -117.18168, 32.77776 ], [ -117.18118, 32.77826 ], [ -117.18141, 32.77854 ], [ -117.18361, 32.77887 ], [ -117.1833, 32.78059 ], [ -117.18362, 32.78229 ], [ -117.18445, 32.78415 ], [ -117.18447, 32.78367 ], [ -117.18508, 32.78387 ], [ -117.18555, 32.78443 ], [ -117.18537, 32.78506 ], [ -117.18578, 32.78597 ], [ -117.18639, 32.78682 ], [ -117.18718, 32.78723 ], [ -117.18684, 32.78886 ], [ -117.188, 32.78933 ], [ -117.189, 32.79206 ], [ -117.18895, 32.79282 ], [ -117.18567, 32.79439 ], [ -117.18439, 32.79637 ], [ -117.18255, 32.79678 ], [ -117.18174, 32.79799 ], [ -117.18094, 32.79762 ], [ -117.18032, 32.79791 ], [ -117.17862, 32.79794 ], [ -117.17825, 32.79909 ], [ -117.1766, 32.79906 ], [ -117.175, 32.79994 ], [ -117.17449, 32.80035 ], [ -117.17479, 32.80098 ], [ -117.17439, 32.80092 ], [ -117.1742, 32.8012 ], [ -117.17448, 32.8017 ], [ -117.17388, 32.80213 ], [ -117.17335, 32.80192 ], [ -117.17148, 32.8023 ], [ -117.16913, 32.80219 ], [ -117.16806, 32.80302 ], [ -117.16606, 32.80353 ], [ -117.16405, 32.80325 ], [ -117.15802, 32.80077 ] ] ] ] } },
{ "type": "Feature", "properties": { "police_beat": 622 }, "geometry": { "type": "MultiPolygon", "coordinates": [ [ [ [ -116.99182, 32.73987 ], [ -116.99152, 32.73894 ], [ -116.99206, 32.7373 ], [ -116.99142, 32.73655 ], [ -116.99114, 32.73345 ], [ -116.98916, 32.73329 ], [ -116.9906, 32.73237 ], [ -116.99172, 32.73222 ], [ -116.99174, 32.73048 ], [ -116.99268, 32.73049 ], [ -116.99308, 32.731 ], [ -116.99417, 32.73134 ], [ -116.99577, 32.73135 ], [ -116.99697, 32.72918 ], [ -116.99781, 32.73128 ], [ -116.99887, 32.73176 ], [ -117.00046, 32.73179 ], [ -117.001, 32.73237 ], [ -117.00058, 32.73327 ], [ -116.99934, 32.73379 ], [ -117.00089, 32.73521 ], [ -117.0002, 32.73563 ], [ -117.00014, 32.73616 ], [ -117.00646, 32.73616 ], [ -117.00642, 32.73704 ], [ -117.00571, 32.73786 ], [ -117.00571, 32.74076 ], [ -117.00362, 32.74409 ], [ -117.00324, 32.7464 ], [ -117.00147, 32.75035 ], [ -116.99687, 32.74931 ], [ -116.98843, 32.74604 ], [ -116.98844, 32.73884 ], [ -116.99182, 32.73987 ] ] ], [ [ [ -117.17981, 32.77392 ], [ -117.18048, 32.77257 ], [ -117.18109, 32.76848 ], [ -117.18169, 32.76769 ], [ -117.18326, 32.76707 ], [ -117.18363, 32.76626 ], [ -117.18562, 32.7662 ], [ -117.18895, 32.76502 ], [ -117.19697, 32.76299 ], [ -117.20444, 32.76216 ], [ -117.20652, 32.76999 ], [ -117.20399, 32.77135 ], [ -117.20032, 32.77524 ], [ -117.19856, 32.77575 ], [ -117.19646, 32.77547 ], [ -117.19705, 32.77584 ], [ -117.19132, 32.77458 ], [ -117.19048, 32.77467 ], [ -117.18736, 32.7759 ], [ -117.18595, 32.77573 ], [ -117.18565, 32.77639 ], [ -117.18461, 32.77636 ], [ -117.18459, 32.77721 ], [ -117.18338, 32.7789 ], [ -117.18141, 32.77854 ], [ -117.18118, 32.77826 ], [ -117.18175, 32.77727 ], [ -117.17981, 32.77392 ] ] ] ] } },
{ "type": "Feature", "properties": { "police_beat": 623 }, "geometry": { "type": "MultiPolygon", "coordinates": [ [ [ [ -116.97451, 32.74453 ], [ -116.97282, 32.74325 ], [ -116.97236, 32.7418 ], [ -116.97243, 32.73884 ], [ -116.97158, 32.7362 ], [ -116.97143, 32.72949 ], [ -116.96995, 32.72658 ], [ -116.9689, 32.72567 ], [ -116.97247, 32.72083 ], [ -116.97667, 32.71592 ], [ -116.97736, 32.71668 ], [ -116.9777, 32.71816 ], [ -116.97901, 32.7198 ], [ -116.97909, 32.72023 ], [ -116.97852, 32.72139 ], [ -116.98023, 32.7229 ], [ -116.98014, 32.72419 ], [ -116.98094, 32.72507 ], [ -116.98473, 32.72709 ], [ -116.98868, 32.72719 ], [ -116.98877, 32.73123 ], [ -116.98813, 32.73329 ], [ -116.99113, 32.73343 ], [ -116.99142, 32.73655 ], [ -116.99205, 32.73726 ], [ -116.99152, 32.73894 ], [ -116.99182, 32.73987 ], [ -116.99056, 32.7395 ], [ -116.98959, 32.73883 ], [ -116.98844, 32.73884 ], [ -116.98843, 32.74604 ], [ -116.98525, 32.74487 ], [ -116.9824, 32.74455 ], [ -116.97451, 32.74453 ] ] ], [ [ [ -117.16336, 32.76334 ], [ -117.16324, 32.76151 ], [ -117.16273, 32.76026 ], [ -117.16158, 32.75876 ], [ -117.16335, 32.76019 ], [ -117.16361, 32.76012 ], [ -117.1636, 32.75939 ], [ -117.16559, 32.75831 ], [ -117.16831, 32.75849 ], [ -117.16832, 32.75903 ], [ -117.16999, 32.75871 ], [ -117.16995, 32.7571 ], [ -117.17146, 32.75708 ], [ -117.17144, 32.75796 ], [ -117.17424, 32.75796 ], [ -117.17427, 32.75764 ], [ -117.17669, 32.75765 ], [ -117.17867, 32.75708 ], [ -117.18204, 32.75724 ], [ -117.18271, 32.75676 ], [ -117.18252, 32.75724 ], [ -117.18309, 32.75766 ], [ -117.18376, 32.75794 ], [ -117.18402, 32.75724 ], [ -117.18729, 32.75905 ], [ -117.19062, 32.759 ], [ -117.19204, 32.75991 ], [ -117.19522, 32.76047 ], [ -117.20142, 32.75965 ], [ -117.20378, 32.75967 ], [ -117.20444, 32.76216 ], [ -117.19685, 32.76301 ], [ -117.18917, 32.76495 ], [ -117.18531, 32.76626 ], [ -117.17922, 32.76623 ], [ -117.16965, 32.76949 ], [ -117.16426, 32.77013 ], [ -117.1612, 32.77162 ], [ -117.16336, 32.76334 ] ] ] ] } },
{ "type": "Feature", "properties": { "police_beat": 624 }, "geometry": { "type": "MultiPolygon", "coordinates": [ [ [ [ -116.95415, 32.74155 ], [ -116.95133, 32.73982 ], [ -116.94853, 32.73922 ], [ -116.94257, 32.73959 ], [ -116.94107, 32.7365 ], [ -116.94069, 32.73362 ], [ -116.94334, 32.73135 ], [ -116.94469, 32.72952 ], [ -116.9471, 32.72429 ], [ -116.95011, 32.72148 ], [ -116.95211, 32.72014 ], [ -116.95311, 32.7175 ], [ -116.95678, 32.71537 ], [ -116.95789, 32.7144 ], [ -116.95849, 32.71193 ], [ -116.95774, 32.7084 ], [ -116.95807, 32.7068 ], [ -116.95893, 32.70616 ], [ -116.96082, 32.70618 ], [ -116.96802, 32.7093 ], [ -116.97192, 32.70966 ], [ -116.97225, 32.70917 ], [ -116.97306, 32.70943 ], [ -116.97399, 32.71061 ], [ -116.97475, 32.70997 ], [ -116.977, 32.71061 ], [ -116.97729, 32.71038 ], [ -116.97834, 32.71053 ], [ -116.97793, 32.7109 ], [ -116.97823, 32.71123 ], [ -116.97814, 32.71214 ], [ -116.97674, 32.71304 ], [ -116.97646, 32.71354 ], [ -116.97669, 32.71446 ], [ -116.97652, 32.71609 ], [ -116.97247, 32.72083 ], [ -116.9689, 32.72567 ], [ -116.96996, 32.7266 ], [ -116.97144, 32.72952 ], [ -116.97158, 32.73616 ], [ -116.97244, 32.73892 ], [ -116.97235, 32.74167 ], [ -116.9726, 32.74284 ], [ -116.97313, 32.74359 ], [ -116.97451, 32.74453 ], [ -116.96637, 32.74448 ], [ -116.96199, 32.74554 ], [ -116.95937, 32.74572 ], [ -116.95762, 32.74537 ], [ -116.95609, 32.74431 ], [ -116.95415, 32.74155 ] ] ], [ [ [ -117.13885, 32.76185 ], [ -117.1388, 32.75031 ], [ -117.14633, 32.75029 ], [ -117.15032, 32.75172 ], [ -117.15271, 32.75085 ], [ -117.15532, 32.75039 ], [ -117.15581, 32.75158 ], [ -117.15816, 32.75371 ], [ -117.15972, 32.75714 ], [ -117.1613, 32.75864 ], [ -117.16036, 32.75992 ], [ -117.16041, 32.761 ], [ -117.15749, 32.76255 ], [ -117.15105, 32.76421 ], [ -117.14965, 32.76404 ], [ -117.14965, 32.76457 ], [ -117.14797, 32.765 ], [ -117.14304, 32.76603 ], [ -117.13893, 32.766 ], [ -117.13922, 32.7641 ], [ -117.13885, 32.76185 ] ] ] ] } },
{ "type": "Feature", "properties": { "police_beat": 625 }, "geometry": { "type": "MultiPolygon", "coordinates": [ [ [ [ -116.91366, 32.73884 ], [ -116.91214, 32.74012 ], [ -116.91036, 32.74077 ], [ -116.90712, 32.74073 ], [ -116.90543, 32.74039 ], [ -116.90306, 32.74076 ], [ -116.90102, 32.73995 ], [ -116.89569, 32.73882 ], [ -116.89426, 32.73805 ], [ -116.89329, 32.73697 ], [ -116.89212, 32.73466 ], [ -116.8924, 32.73347 ], [ -116.89217, 32.73301 ], [ -116.89291, 32.73366 ], [ -116.89544, 32.73132 ], [ -116.89643, 32.73112 ], [ -116.89606, 32.73081 ], [ -116.896, 32.73018 ], [ -116.89662, 32.72927 ], [ -116.8948, 32.72828 ], [ -116.89262, 32.72437 ], [ -116.89146, 32.72336 ], [ -116.89197, 32.7225 ], [ -116.89183, 32.72197 ], [ -116.89061, 32.72113 ], [ -116.88873, 32.7208 ], [ -116.88967, 32.71445 ], [ -116.88731, 32.71444 ], [ -116.88743, 32.70636 ], [ -116.89028, 32.70444 ], [ -116.89289, 32.70386 ], [ -116.89497, 32.7041 ], [ -116.89848, 32.7034 ], [ -116.8987, 32.70273 ], [ -116.9019, 32.70276 ], [ -116.90334, 32.70197 ], [ -116.9042, 32.70085 ], [ -116.90514, 32.69753 ], [ -116.9039, 32.69522 ], [ -116.90292, 32.69411 ], [ -116.9031, 32.69281 ], [ -116.90363, 32.69249 ], [ -116.90441, 32.69274 ], [ -116.90634, 32.69257 ], [ -116.90839, 32.69126 ], [ -116.90975, 32.68853 ], [ -116.91062, 32.68557 ], [ -116.91154, 32.68429 ], [ -116.92785, 32.68428 ], [ -116.94496, 32.68515 ], [ -116.94505, 32.68166 ], [ -116.94075, 32.6816 ], [ -116.94081, 32.67803 ], [ -116.9495, 32.67811 ], [ -116.9496, 32.68533 ], [ -116.95548, 32.68547 ], [ -116.95445, 32.68732 ], [ -116.95386, 32.68994 ], [ -116.95523, 32.69098 ], [ -116.9561, 32.69224 ], [ -116.95739, 32.69262 ], [ -116.95801, 32.69315 ], [ -116.95792, 32.69364 ], [ -116.95917, 32.69631 ], [ -116.95978, 32.70195 ], [ -116.9608, 32.70391 ], [ -116.96117, 32.70625 ], [ -116.95893, 32.70616 ], [ -116.95787, 32.70719 ], [ -116.95776, 32.70861 ], [ -116.95849, 32.71193 ], [ -116.95789, 32.7144 ], [ -116.95678, 32.71537 ], [ -116.95311, 32.7175 ], [ -116.95211, 32.72014 ], [ -116.95011, 32.72148 ], [ -116.9471, 32.72429 ], [ -116.94469, 32.72952 ], [ -116.94334, 32.73135 ], [ -116.94069, 32.73362 ], [ -116.94107, 32.7365 ], [ -116.94257, 32.73959 ], [ -116.94089, 32.73982 ], [ -116.93532, 32.74268 ], [ -116.92932, 32.74481 ], [ -116.92865, 32.74417 ], [ -116.92644, 32.74324 ], [ -116.923, 32.74281 ], [ -116.91925, 32.74394 ], [ -116.91743, 32.74531 ], [ -116.91366, 32.73884 ] ] ], [ [ [ -117.19204, 32.75991 ], [ -117.18989, 32.75854 ], [ -117.19115, 32.7571 ], [ -117.19163, 32.75739 ], [ -117.19235, 32.75653 ], [ -117.19279, 32.75681 ], [ -117.19418, 32.75524 ], [ -117.18956, 32.75234 ], [ -117.1902, 32.75159 ], [ -117.18842, 32.75048 ], [ -117.18875, 32.75009 ], [ -117.18693, 32.749 ], [ -117.18697, 32.74756 ], [ -117.18748, 32.74757 ], [ -117.18787, 32.74831 ], [ -117.18844, 32.74836 ], [ -117.18948, 32.74937 ], [ -117.19163, 32.7469 ], [ -117.19414, 32.7483 ], [ -117.19776, 32.75199 ], [ -117.20228, 32.75564 ], [ -117.2031, 32.75704 ], [ -117.20378, 32.75967 ], [ -117.20142, 32.75965 ], [ -117.19666, 32.76046 ], [ -117.19204, 32.75991 ] ] ] ] } },
{ "type": "Feature", "properties": { "police_beat": 626 }, "geometry": { "type": "MultiPolygon", "coordinates": [ [ [ [ -116.85992, 32.73688 ], [ -116.85968, 32.73632 ], [ -116.8611, 32.7336 ], [ -116.86154, 32.73173 ], [ -116.86283, 32.73067 ], [ -116.86279, 32.72916 ], [ -116.85855, 32.72891 ], [ -116.85632, 32.73025 ], [ -116.85199, 32.72992 ], [ -116.85015, 32.73024 ], [ -116.84319, 32.72977 ], [ -116.84392, 32.72628 ], [ -116.84551, 32.72416 ], [ -116.84676, 32.72093 ], [ -116.84787, 32.72016 ], [ -116.8494, 32.71968 ], [ -116.8499, 32.71829 ], [ -116.85213, 32.71813 ], [ -116.85261, 32.71615 ], [ -116.86562, 32.70177 ], [ -116.86733, 32.70352 ], [ -116.8694, 32.70501 ], [ -116.87085, 32.7071 ], [ -116.88743, 32.70636 ], [ -116.88731, 32.71444 ], [ -116.88967, 32.71445 ], [ -116.88873, 32.7208 ], [ -116.89061, 32.72113 ], [ -116.89183, 32.72197 ], [ -116.89197, 32.7225 ], [ -116.89146, 32.72336 ], [ -116.89262, 32.72437 ], [ -116.8948, 32.72828 ], [ -116.89662, 32.72927 ], [ -116.896, 32.73018 ], [ -116.89606, 32.73081 ], [ -116.89643, 32.73112 ], [ -116.89544, 32.73132 ], [ -116.89291, 32.73366 ], [ -116.89217, 32.73301 ], [ -116.8924, 32.73347 ], [ -116.89212, 32.73466 ], [ -116.89329, 32.73697 ], [ -116.89044, 32.73473 ], [ -116.88411, 32.73426 ], [ -116.88168, 32.73281 ], [ -116.87932, 32.73281 ], [ -116.87823, 32.73175 ], [ -116.87786, 32.73055 ], [ -116.87412, 32.73039 ], [ -116.87158, 32.72863 ], [ -116.86962, 32.72926 ], [ -116.8679, 32.72907 ], [ -116.86675, 32.72992 ], [ -116.86512, 32.73031 ], [ -116.86323, 32.73378 ], [ -116.86324, 32.73491 ], [ -116.86247, 32.73589 ], [ -116.86223, 32.73777 ], [ -116.86191, 32.73795 ], [ -116.86172, 32.73699 ], [ -116.85992, 32.73688 ] ] ], [ [ [ -117.18633, 32.75866 ], [ -117.18402, 32.75724 ], [ -117.18376, 32.75794 ], [ -117.18309, 32.75766 ], [ -117.18252, 32.75724 ], [ -117.18259, 32.75675 ], [ -117.18204, 32.75724 ], [ -117.17867, 32.75708 ], [ -117.17669, 32.75765 ], [ -117.17427, 32.75764 ], [ -117.17424, 32.75796 ], [ -117.17144, 32.75796 ], [ -117.17146, 32.75708 ], [ -117.16871, 32.75676 ], [ -117.16865, 32.75184 ], [ -117.16958, 32.75183 ], [ -117.16959, 32.7528 ], [ -117.17048, 32.75279 ], [ -117.17048, 32.75088 ], [ -117.17139, 32.75087 ], [ -117.17138, 32.74984 ], [ -117.1732, 32.74988 ], [ -117.17334, 32.74928 ], [ -117.17455, 32.74823 ], [ -117.17894, 32.74624 ], [ -117.18126, 32.74327 ], [ -117.18333, 32.74189 ], [ -117.18427, 32.74048 ], [ -117.19343, 32.74461 ], [ -117.19201, 32.74623 ], [ -117.19352, 32.74692 ], [ -117.19334, 32.74777 ], [ -117.19163, 32.7469 ], [ -117.18948, 32.74937 ], [ -117.18844, 32.74836 ], [ -117.18787, 32.74831 ], [ -117.18745, 32.74756 ], [ -117.18683, 32.74773 ], [ -117.18693, 32.749 ], [ -117.18875, 32.75009 ], [ -117.18842, 32.75048 ], [ -117.1902, 32.75159 ], [ -117.18956, 32.75234 ], [ -117.19418, 32.75524 ], [ -117.19279, 32.75681 ], [ -117.19235, 32.75653 ], [ -117.19163, 32.75739 ], [ -117.19115, 32.7571 ], [ -117.18989, 32.75854 ], [ -117.19062, 32.759 ], [ -117.18798, 32.75907 ], [ -117.18633, 32.75866 ] ] ] ] } },
{ "type": "Feature", "properties": { "police_beat": 627 }, "geometry": { "type": "MultiPolygon", "coordinates": [ [ [ [ -116.83591, 32.73124 ], [ -116.83688, 32.72997 ], [ -116.83621, 32.72838 ], [ -116.83506, 32.72782 ], [ -116.83504, 32.7265 ], [ -116.83417, 32.72672 ], [ -116.83345, 32.72758 ], [ -116.83235, 32.728 ], [ -116.8323, 32.72998 ], [ -116.8312, 32.72971 ], [ -116.82976, 32.73006 ], [ -116.82804, 32.72925 ], [ -116.82678, 32.72909 ], [ -116.82505, 32.72939 ], [ -116.82382, 32.72894 ], [ -116.82186, 32.73041 ], [ -116.82056, 32.73039 ], [ -116.81147, 32.7226 ], [ -116.80693, 32.72246 ], [ -116.80581, 32.72204 ], [ -116.80347, 32.71903 ], [ -116.80341, 32.71728 ], [ -116.8024, 32.71676 ], [ -116.80216, 32.71542 ], [ -116.79923, 32.71247 ], [ -116.79888, 32.71111 ], [ -116.79906, 32.71038 ], [ -116.79854, 32.70945 ], [ -116.79838, 32.70811 ], [ -116.79635, 32.70918 ], [ -116.79527, 32.70836 ], [ -116.79295, 32.70825 ], [ -116.79221, 32.70777 ], [ -116.78976, 32.70828 ], [ -116.78908, 32.70873 ], [ -116.78802, 32.7084 ], [ -116.78675, 32.70919 ], [ -116.78392, 32.70921 ], [ -116.78336, 32.71011 ], [ -116.78155, 32.71105 ], [ -116.77863, 32.70964 ], [ -116.77783, 32.71115 ], [ -116.777, 32.71152 ], [ -116.77606, 32.7115 ], [ -116.77517, 32.71201 ], [ -116.77534, 32.7128 ], [ -116.77493, 32.7133 ], [ -116.77367, 32.71385 ], [ -116.77188, 32.71397 ], [ -116.76926, 32.71574 ], [ -116.76811, 32.71595 ], [ -116.76462, 32.71532 ], [ -116.76005, 32.71382 ], [ -116.75651, 32.71415 ], [ -116.75432, 32.71302 ], [ -116.75028, 32.71279 ], [ -116.74698, 32.71187 ], [ -116.74708, 32.71136 ], [ -116.74742, 32.71073 ], [ -116.74818, 32.71023 ], [ -116.75842, 32.70497 ], [ -116.7668, 32.70489 ], [ -116.76676, 32.70127 ], [ -116.76712, 32.69768 ], [ -116.8253, 32.66988 ], [ -116.8266, 32.67052 ], [ -116.83116, 32.67073 ], [ -116.83334, 32.67159 ], [ -116.83505, 32.673 ], [ -116.83973, 32.6785 ], [ -116.84055, 32.68143 ], [ -116.84139, 32.68261 ], [ -116.84278, 32.68341 ], [ -116.84781, 32.68478 ], [ -116.84956, 32.68575 ], [ -116.86562, 32.70177 ], [ -116.85261, 32.71615 ], [ -116.85213, 32.71813 ], [ -116.8499, 32.71829 ], [ -116.8494, 32.71968 ], [ -116.84787, 32.72016 ], [ -116.84672, 32.72097 ], [ -116.84551, 32.72416 ], [ -116.84392, 32.72628 ], [ -116.84319, 32.72977 ], [ -116.84091, 32.72989 ], [ -116.83777, 32.73162 ], [ -116.83617, 32.73165 ], [ -116.83503, 32.73202 ], [ -116.83517, 32.73159 ], [ -116.83591, 32.73124 ] ] ], [ [ [ -117.15974, 32.75717 ], [ -117.15816, 32.75371 ], [ -117.15581, 32.75158 ], [ -117.15532, 32.75039 ], [ -117.15271, 32.75085 ], [ -117.15032, 32.75172 ], [ -117.14633, 32.75032 ], [ -117.14632, 32.74664 ], [ -117.14749, 32.74483 ], [ -117.14753, 32.74117 ], [ -117.16901, 32.74072 ], [ -117.17073, 32.74259 ], [ -117.17155, 32.74448 ], [ -117.17132, 32.74555 ], [ -117.17139, 32.75087 ], [ -117.17048, 32.75088 ], [ -117.17048, 32.75279 ], [ -117.16959, 32.7528 ], [ -117.16958, 32.75183 ], [ -117.16865, 32.75184 ], [ -117.16871, 32.75676 ], [ -117.1705, 32.75679 ], [ -117.1705, 32.75709 ], [ -117.16995, 32.7571 ], [ -117.16999, 32.75871 ], [ -117.16832, 32.75903 ], [ -117.16831, 32.75849 ], [ -117.16559, 32.75831 ], [ -117.1636, 32.75939 ], [ -117.16361, 32.76012 ], [ -117.16335, 32.76019 ], [ -117.15974, 32.75717 ] ] ] ] } },
{ "type": "Feature", "properties": { "police_beat": 628 }, "geometry": { "type": "MultiPolygon", "coordinates": [ [ [ [ -117.00014, 32.73616 ], [ -117.0002, 32.73563 ], [ -117.00089, 32.73521 ], [ -116.99934, 32.73379 ], [ -117.00058, 32.73327 ], [ -117.00099, 32.73235 ], [ -117.00046, 32.73179 ], [ -116.99887, 32.73176 ], [ -116.99785, 32.73131 ], [ -116.99717, 32.73003 ], [ -116.99697, 32.72918 ], [ -116.9973, 32.71493 ], [ -117.01767, 32.71493 ], [ -117.01759, 32.71452 ], [ -117.01792, 32.71441 ], [ -117.02028, 32.71432 ], [ -117.02044, 32.71477 ], [ -117.02316, 32.71473 ], [ -117.02299, 32.71848 ], [ -117.02327, 32.72502 ], [ -117.01463, 32.72498 ], [ -117.01463, 32.72898 ], [ -117.01574, 32.72898 ], [ -117.01625, 32.73468 ], [ -117.00645, 32.73464 ], [ -117.00646, 32.73616 ], [ -117.00014, 32.73616 ] ] ], [ [ [ -117.17138, 32.74984 ], [ -117.17153, 32.74437 ], [ -117.17078, 32.74266 ], [ -117.16902, 32.74075 ], [ -117.16921, 32.73971 ], [ -117.16991, 32.73853 ], [ -117.16942, 32.73386 ], [ -117.16995, 32.73205 ], [ -117.16947, 32.73083 ], [ -117.1737, 32.7295 ], [ -117.17514, 32.73241 ], [ -117.17987, 32.73767 ], [ -117.18155, 32.739 ], [ -117.18427, 32.74048 ], [ -117.18333, 32.74189 ], [ -117.18125, 32.74328 ], [ -117.17905, 32.74615 ], [ -117.17468, 32.74815 ], [ -117.17334, 32.74928 ], [ -117.1732, 32.74988 ], [ -117.17138, 32.74984 ] ] ] ] } },
{ "type": "Feature", "properties": { "police_beat": 629 }, "geometry": { "type": "Polygon", "coordinates": [ [ [ -116.98877, 32.73123 ], [ -116.98868, 32.72719 ], [ -116.98473, 32.72709 ], [ -116.98094, 32.72507 ], [ -116.98014, 32.72419 ], [ -116.98023, 32.7229 ], [ -116.97852, 32.72139 ], [ -116.97909, 32.72023 ], [ -116.97901, 32.7198 ], [ -116.9777, 32.71816 ], [ -116.97736, 32.71668 ], [ -116.97667, 32.71592 ], [ -116.97798, 32.71468 ], [ -116.98062, 32.71298 ], [ -116.9832, 32.70973 ], [ -116.98462, 32.70887 ], [ -116.98933, 32.70782 ], [ -117.00658, 32.70777 ], [ -117.0105, 32.70602 ], [ -117.01365, 32.71477 ], [ -116.9973, 32.71493 ], [ -116.99705, 32.72903 ], [ -116.99576, 32.73136 ], [ -116.99417, 32.73134 ], [ -116.99308, 32.731 ], [ -116.99268, 32.73049 ], [ -116.99174, 32.73048 ], [ -116.99166, 32.73227 ], [ -116.9906, 32.73237 ], [ -116.98916, 32.73329 ], [ -116.98815, 32.73321 ], [ -116.98877, 32.73123 ] ] ] } },
{ "type": "Feature", "properties": { "police_beat": 631 }, "geometry": { "type": "Polygon", "coordinates": [ [ [ -116.86729, 32.70349 ], [ -116.85001, 32.6861 ], [ -116.84813, 32.68491 ], [ -116.84275, 32.68339 ], [ -116.84134, 32.68256 ], [ -116.84055, 32.68141 ], [ -116.83969, 32.67844 ], [ -116.83421, 32.67218 ], [ -116.83108, 32.67071 ], [ -116.82607, 32.67039 ], [ -116.82341, 32.66801 ], [ -116.82557, 32.66761 ], [ -116.8282, 32.66811 ], [ -116.83516, 32.66606 ], [ -116.83731, 32.66382 ], [ -116.83827, 32.66124 ], [ -116.83944, 32.65976 ], [ -116.84718, 32.65684 ], [ -116.84833, 32.65441 ], [ -116.85202, 32.65145 ], [ -116.85366, 32.65149 ], [ -116.85568, 32.65335 ], [ -116.85703, 32.65365 ], [ -116.86005, 32.65232 ], [ -116.86314, 32.64991 ], [ -116.86441, 32.65002 ], [ -116.86563, 32.65072 ], [ -116.86849, 32.64958 ], [ -116.86916, 32.64883 ], [ -116.87004, 32.64414 ], [ -116.87052, 32.64342 ], [ -116.87552, 32.64031 ], [ -116.879, 32.64044 ], [ -116.88202, 32.63953 ], [ -116.8831, 32.6388 ], [ -116.8836, 32.63705 ], [ -116.88419, 32.6369 ], [ -116.89075, 32.64075 ], [ -116.87647, 32.64629 ], [ -116.87668, 32.64852 ], [ -116.87652, 32.65571 ], [ -116.89335, 32.65566 ], [ -116.89394, 32.67033 ], [ -116.894, 32.68446 ], [ -116.91154, 32.68429 ], [ -116.91062, 32.68557 ], [ -116.90975, 32.68853 ], [ -116.90839, 32.69126 ], [ -116.90634, 32.69257 ], [ -116.90441, 32.69274 ], [ -116.90363, 32.69249 ], [ -116.9031, 32.69281 ], [ -116.90292, 32.69411 ], [ -116.9039, 32.69523 ], [ -116.90514, 32.6976 ], [ -116.90413, 32.70097 ], [ -116.90334, 32.70197 ], [ -116.90215, 32.70269 ], [ -116.89872, 32.70272 ], [ -116.89848, 32.7034 ], [ -116.89492, 32.70411 ], [ -116.8925, 32.70392 ], [ -116.89001, 32.70454 ], [ -116.88743, 32.70636 ], [ -116.88576, 32.70644 ], [ -116.87085, 32.7071 ], [ -116.86945, 32.70507 ], [ -116.86729, 32.70349 ] ], [ [ -116.86802, 32.70271 ], [ -116.86833, 32.70336 ], [ -116.86723, 32.70334 ], [ -116.87119, 32.70354 ], [ -116.87149, 32.70288 ], [ -116.86802, 32.70271 ] ] ] } },
{ "type": "Feature", "properties": { "police_beat": 632 }, "geometry": { "type": "Polygon", "coordinates": [ [ [ -117.01041, 32.70575 ], [ -117.01058, 32.70149 ], [ -117.0124, 32.6975 ], [ -117.0161, 32.69188 ], [ -117.02093, 32.68823 ], [ -117.02207, 32.68806 ], [ -117.02162, 32.68865 ], [ -117.02296, 32.69277 ], [ -117.02237, 32.69288 ], [ -117.02208, 32.6933 ], [ -117.02206, 32.69492 ], [ -117.02279, 32.69653 ], [ -117.02462, 32.69708 ], [ -117.02524, 32.69868 ], [ -117.01882, 32.70044 ], [ -117.01912, 32.70094 ], [ -117.01977, 32.70092 ], [ -117.02121, 32.70386 ], [ -117.0212, 32.7048 ], [ -117.02079, 32.70563 ], [ -117.02002, 32.70584 ], [ -117.02069, 32.70753 ], [ -117.01816, 32.70826 ], [ -117.02028, 32.71432 ], [ -117.01792, 32.71441 ], [ -117.01759, 32.71452 ], [ -117.01767, 32.71493 ], [ -117.01365, 32.71477 ], [ -117.01041, 32.70575 ] ] ] } },
{ "type": "Feature", "properties": { "police_beat": 633 }, "geometry": { "type": "Polygon", "coordinates": [ [ [ -116.977, 32.71061 ], [ -116.97475, 32.70997 ], [ -116.97399, 32.71061 ], [ -116.97306, 32.70943 ], [ -116.97225, 32.70917 ], [ -116.97192, 32.70966 ], [ -116.96937, 32.70927 ], [ -116.96918, 32.70949 ], [ -116.96707, 32.70894 ], [ -116.96716, 32.70808 ], [ -116.96773, 32.7085 ], [ -116.96836, 32.70807 ], [ -116.96728, 32.70648 ], [ -116.96776, 32.70713 ], [ -116.96819, 32.70719 ], [ -116.96808, 32.70583 ], [ -116.96747, 32.70571 ], [ -116.96759, 32.70543 ], [ -116.96729, 32.70526 ], [ -116.96742, 32.70492 ], [ -116.96866, 32.70496 ], [ -116.96894, 32.70417 ], [ -116.96935, 32.70523 ], [ -116.96992, 32.70479 ], [ -116.96983, 32.70532 ], [ -116.97083, 32.70553 ], [ -116.97145, 32.70518 ], [ -116.97143, 32.70474 ], [ -116.97639, 32.70473 ], [ -116.97746, 32.70422 ], [ -116.97877, 32.70172 ], [ -116.98044, 32.70021 ], [ -116.98064, 32.69917 ], [ -116.98008, 32.69776 ], [ -116.9806, 32.69725 ], [ -116.98111, 32.69594 ], [ -116.9809, 32.69379 ], [ -116.97993, 32.69339 ], [ -116.98121, 32.69267 ], [ -116.98145, 32.69139 ], [ -116.98184, 32.69229 ], [ -116.98249, 32.6927 ], [ -116.98609, 32.69197 ], [ -116.98635, 32.69133 ], [ -116.98741, 32.69155 ], [ -116.98914, 32.69078 ], [ -116.98939, 32.6903 ], [ -116.98992, 32.69042 ], [ -116.99026, 32.69016 ], [ -116.99097, 32.69084 ], [ -116.99136, 32.69054 ], [ -116.9908, 32.68994 ], [ -116.99114, 32.68949 ], [ -116.99257, 32.68937 ], [ -116.99468, 32.68984 ], [ -116.99595, 32.68955 ], [ -116.99623, 32.68908 ], [ -116.99347, 32.68723 ], [ -116.99472, 32.68769 ], [ -116.99851, 32.68807 ], [ -116.99723, 32.68564 ], [ -116.99712, 32.68617 ], [ -116.99666, 32.68609 ], [ -116.99607, 32.68512 ], [ -116.99545, 32.68501 ], [ -116.99504, 32.68406 ], [ -116.99688, 32.68401 ], [ -116.99765, 32.68445 ], [ -116.99903, 32.68448 ], [ -117.00142, 32.68721 ], [ -117.0046, 32.68772 ], [ -117.00434, 32.68882 ], [ -117.00513, 32.6899 ], [ -117.00586, 32.69043 ], [ -117.00837, 32.69084 ], [ -117.0081, 32.69177 ], [ -117.00954, 32.6927 ], [ -117.00909, 32.69385 ], [ -117.00693, 32.69466 ], [ -117.0058, 32.69852 ], [ -117.00505, 32.69945 ], [ -117.00633, 32.70108 ], [ -117.00807, 32.70114 ], [ -117.00881, 32.70157 ], [ -117.01011, 32.70076 ], [ -117.01027, 32.70202 ], [ -117.01061, 32.70222 ], [ -117.0105, 32.70602 ], [ -117.00658, 32.70777 ], [ -116.98933, 32.70782 ], [ -116.98462, 32.70887 ], [ -116.9832, 32.70973 ], [ -116.98063, 32.71297 ], [ -116.97792, 32.71472 ], [ -116.97652, 32.71609 ], [ -116.97647, 32.71352 ], [ -116.97819, 32.712 ], [ -116.97823, 32.71123 ], [ -116.97793, 32.7109 ], [ -116.97836, 32.71055 ], [ -116.97731, 32.71038 ], [ -116.977, 32.71061 ] ] ] } },
{ "type": "Feature", "properties": { "police_beat": 634 }, "geometry": { "type": "Polygon", "coordinates": [ [ [ -117.00883, 32.70157 ], [ -117.00807, 32.70114 ], [ -117.00633, 32.70108 ], [ -117.00505, 32.69945 ], [ -117.0058, 32.69852 ], [ -117.00693, 32.69466 ], [ -117.00909, 32.69385 ], [ -117.00954, 32.6927 ], [ -117.00878, 32.69217 ], [ -117.01702, 32.69107 ], [ -117.0149, 32.69345 ], [ -117.0124, 32.6975 ], [ -117.01098, 32.70043 ], [ -117.01061, 32.70222 ], [ -117.01027, 32.70202 ], [ -117.01005, 32.70072 ], [ -117.00883, 32.70157 ] ] ] } },
{ "type": "Feature", "properties": { "police_beat": 635 }, "geometry": { "type": "Polygon", "coordinates": [ [ [ -116.86833, 32.70336 ], [ -116.86802, 32.70271 ], [ -116.87162, 32.70289 ], [ -116.87119, 32.70354 ], [ -116.86734, 32.70344 ], [ -116.86833, 32.70336 ] ] ] } },
{ "type": "Feature", "properties": { "police_beat": 638 }, "geometry": { "type": "Polygon", "coordinates": [ [ [ -116.75301, 32.76275 ], [ -116.73389, 32.76297 ], [ -116.73383, 32.75563 ], [ -116.73598, 32.75571 ], [ -116.73634, 32.75207 ], [ -116.72827, 32.75205 ], [ -116.72868, 32.74471 ], [ -116.72012, 32.74466 ], [ -116.7195, 32.7298 ], [ -116.73732, 32.73022 ], [ -116.73786, 32.72258 ], [ -116.73771, 32.70792 ], [ -116.7388, 32.7089 ], [ -116.74278, 32.7105 ], [ -116.74429, 32.71154 ], [ -116.748, 32.71198 ], [ -116.7503, 32.71279 ], [ -116.75431, 32.71302 ], [ -116.75661, 32.71417 ], [ -116.76008, 32.71383 ], [ -116.76462, 32.71532 ], [ -116.76799, 32.71595 ], [ -116.76926, 32.71574 ], [ -116.77188, 32.71397 ], [ -116.77367, 32.71385 ], [ -116.77493, 32.7133 ], [ -116.77534, 32.7128 ], [ -116.77517, 32.71201 ], [ -116.77606, 32.7115 ], [ -116.777, 32.71152 ], [ -116.77783, 32.71115 ], [ -116.77863, 32.70964 ], [ -116.78155, 32.71105 ], [ -116.78336, 32.71011 ], [ -116.78392, 32.70921 ], [ -116.78675, 32.70919 ], [ -116.78802, 32.7084 ], [ -116.78908, 32.70873 ], [ -116.78976, 32.70828 ], [ -116.79221, 32.70777 ], [ -116.79295, 32.70825 ], [ -116.79527, 32.70836 ], [ -116.79635, 32.70918 ], [ -116.79839, 32.70811 ], [ -116.79853, 32.70943 ], [ -116.79906, 32.71038 ], [ -116.79888, 32.71111 ], [ -116.79923, 32.71245 ], [ -116.80217, 32.71543 ], [ -116.8024, 32.71676 ], [ -116.80341, 32.71728 ], [ -116.80347, 32.71903 ], [ -116.80575, 32.72199 ], [ -116.80693, 32.72246 ], [ -116.81145, 32.7226 ], [ -116.8204, 32.73033 ], [ -116.82184, 32.73042 ], [ -116.82054, 32.73088 ], [ -116.81991, 32.73173 ], [ -116.81979, 32.73276 ], [ -116.8209, 32.73272 ], [ -116.82069, 32.73359 ], [ -116.81826, 32.73442 ], [ -116.81845, 32.73529 ], [ -116.81822, 32.73563 ], [ -116.81667, 32.73518 ], [ -116.81563, 32.73603 ], [ -116.81586, 32.73719 ], [ -116.81656, 32.73792 ], [ -116.81629, 32.7387 ], [ -116.81535, 32.73911 ], [ -116.81357, 32.73881 ], [ -116.81314, 32.73959 ], [ -116.81254, 32.73985 ], [ -116.81125, 32.7396 ], [ -116.81169, 32.7405 ], [ -116.81259, 32.74125 ], [ -116.81275, 32.74215 ], [ -116.81218, 32.74336 ], [ -116.80878, 32.74279 ], [ -116.80499, 32.74347 ], [ -116.80329, 32.74425 ], [ -116.80224, 32.74571 ], [ -116.7993, 32.74664 ], [ -116.79625, 32.74735 ], [ -116.79516, 32.74731 ], [ -116.79268, 32.74833 ], [ -116.79072, 32.74775 ], [ -116.78838, 32.74878 ], [ -116.78808, 32.75009 ], [ -116.78729, 32.75018 ], [ -116.78687, 32.75075 ], [ -116.78427, 32.75209 ], [ -116.78312, 32.75389 ], [ -116.77932, 32.75433 ], [ -116.77827, 32.75379 ], [ -116.77744, 32.75406 ], [ -116.77606, 32.7535 ], [ -116.77532, 32.75408 ], [ -116.77412, 32.75402 ], [ -116.77281, 32.75486 ], [ -116.77134, 32.75491 ], [ -116.77024, 32.75549 ], [ -116.76945, 32.75529 ], [ -116.76767, 32.75567 ], [ -116.76577, 32.75486 ], [ -116.76501, 32.75419 ], [ -116.76326, 32.75374 ], [ -116.76211, 32.7523 ], [ -116.76107, 32.75196 ], [ -116.75859, 32.75202 ], [ -116.75706, 32.75315 ], [ -116.7571, 32.75557 ], [ -116.75596, 32.75555 ], [ -116.75505, 32.75719 ], [ -116.75495, 32.75867 ], [ -116.75539, 32.75951 ], [ -116.75404, 32.76439 ], [ -116.75412, 32.76537 ], [ -116.75334, 32.76534 ], [ -116.75301, 32.76275 ] ] ] } },
{ "type": "Feature", "properties": { "police_beat": 639 }, "geometry": { "type": "Polygon", "coordinates": [ [ [ -116.94164, 32.74089 ], [ -116.943, 32.7405 ], [ -116.94427, 32.74063 ], [ -116.94429, 32.74284 ], [ -116.94502, 32.74281 ], [ -116.94502, 32.74396 ], [ -116.94531, 32.74404 ], [ -116.94589, 32.74645 ], [ -116.94502, 32.74828 ], [ -116.94303, 32.74906 ], [ -116.94192, 32.75064 ], [ -116.94096, 32.7501 ], [ -116.9373, 32.74726 ], [ -116.93506, 32.74424 ], [ -116.94164, 32.74089 ] ] ] } },
{ "type": "Feature", "properties": { "police_beat": 700 }, "geometry": { "type": "Polygon", "coordinates": [ [ [ -117.17282, 32.72409 ], [ -117.17169, 32.72444 ], [ -117.17119, 32.72203 ], [ -117.17119, 32.71997 ], [ -117.17283, 32.71997 ], [ -117.17282, 32.72409 ] ] ] } },
{ "type": "Feature", "properties": { "police_beat": 701 }, "geometry": { "type": "Polygon", "coordinates": [ [ [ -117.11801, 32.5839 ], [ -117.12741, 32.58393 ], [ -117.12741, 32.5871 ], [ -117.12175, 32.58899 ], [ -117.11855, 32.59129 ], [ -117.11796, 32.59127 ], [ -117.11801, 32.5839 ] ] ] } },
{ "type": "Feature", "properties": { "police_beat": 702 }, "geometry": { "type": "Polygon", "coordinates": [ [ [ -117.11037, 32.58959 ], [ -117.10956, 32.58917 ], [ -117.10906, 32.58828 ], [ -117.10827, 32.58794 ], [ -117.10694, 32.58775 ], [ -117.1057, 32.58799 ], [ -117.10566, 32.58387 ], [ -117.10381, 32.58387 ], [ -117.10381, 32.58227 ], [ -117.11801, 32.58231 ], [ -117.11796, 32.59129 ], [ -117.11592, 32.59108 ], [ -117.1149, 32.59063 ], [ -117.11387, 32.58968 ], [ -117.11037, 32.58959 ] ] ] } },
{ "type": "Feature", "properties": { "police_beat": 703 }, "geometry": { "type": "Polygon", "coordinates": [ [ [ -117.11801, 32.5839 ], [ -117.11802, 32.58024 ], [ -117.11863, 32.58025 ], [ -117.1187, 32.57657 ], [ -117.12432, 32.5766 ], [ -117.12428, 32.57554 ], [ -117.12742, 32.57556 ], [ -117.12741, 32.58393 ], [ -117.11801, 32.5839 ] ] ] } },
{ "type": "Feature", "properties": { "police_beat": 704 }, "geometry": { "type": "Polygon", "coordinates": [ [ [ -117.11061, 32.58229 ], [ -117.11061, 32.57655 ], [ -117.1187, 32.57657 ], [ -117.11863, 32.58025 ], [ -117.11802, 32.58024 ], [ -117.11801, 32.58231 ], [ -117.11061, 32.58229 ] ] ] } },
{ "type": "Feature", "properties": { "police_beat": 705 }, "geometry": { "type": "Polygon", "coordinates": [ [ [ -117.10381, 32.58227 ], [ -117.10384, 32.57652 ], [ -117.11061, 32.57655 ], [ -117.11061, 32.58229 ], [ -117.10381, 32.58227 ] ] ] } },
{ "type": "Feature", "properties": { "police_beat": 706 }, "geometry": { "type": "Polygon", "coordinates": [ [ [ -117.12744, 32.57661 ], [ -117.13171, 32.57662 ], [ -117.13236, 32.5666 ], [ -117.13321, 32.56657 ], [ -117.13272, 32.57539 ], [ -117.13308, 32.5795 ], [ -117.13738, 32.57954 ], [ -117.13308, 32.57956 ], [ -117.13287, 32.58392 ], [ -117.13368, 32.58394 ], [ -117.13287, 32.58398 ], [ -117.13273, 32.58567 ], [ -117.13179, 32.58559 ], [ -117.12741, 32.5871 ], [ -117.12744, 32.57661 ] ] ] } },
{ "type": "Feature", "properties": { "police_beat": 707 }, "geometry": { "type": "MultiPolygon", "coordinates": [ [ [ [ -117.10605, 32.55858 ], [ -117.10605, 32.55822 ], [ -117.11875, 32.55822 ], [ -117.10661, 32.56383 ], [ -117.10145, 32.56451 ], [ -117.10149, 32.55835 ], [ -117.10605, 32.55858 ] ] ], [ [ [ -117.12432, 32.5766 ], [ -117.12255, 32.5766 ], [ -117.12257, 32.56926 ], [ -117.12329, 32.56927 ], [ -117.12313, 32.5582 ], [ -117.11875, 32.55822 ], [ -117.1188, 32.55092 ], [ -117.12731, 32.55085 ], [ -117.12854, 32.55388 ], [ -117.12936, 32.55458 ], [ -117.12895, 32.55458 ], [ -117.13095, 32.55787 ], [ -117.13294, 32.56483 ], [ -117.1332, 32.56657 ], [ -117.13236, 32.5666 ], [ -117.13171, 32.57662 ], [ -117.12744, 32.57661 ], [ -117.12742, 32.57556 ], [ -117.12428, 32.57554 ], [ -117.12432, 32.5766 ] ] ] ] } },
{ "type": "Feature", "properties": { "police_beat": 708 }, "geometry": { "type": "Polygon", "coordinates": [ [ [ -117.11875, 32.5693 ], [ -117.12257, 32.56926 ], [ -117.12255, 32.5766 ], [ -117.1187, 32.57657 ], [ -117.11875, 32.5693 ] ] ] } },
{ "type": "Feature", "properties": { "police_beat": 709 }, "geometry": { "type": "Polygon", "coordinates": [ [ [ -117.11002, 32.57655 ], [ -117.11007, 32.569 ], [ -117.11875, 32.56914 ], [ -117.1187, 32.57657 ], [ -117.11002, 32.57655 ] ] ] } },
{ "type": "Feature", "properties": { "police_beat": 710 }, "geometry": { "type": "Polygon", "coordinates": [ [ [ -117.10135, 32.57641 ], [ -117.1014, 32.56912 ], [ -117.11007, 32.569 ], [ -117.11002, 32.57655 ], [ -117.10135, 32.57641 ] ] ] } },
{ "type": "Feature", "properties": { "police_beat": 711 }, "geometry": { "type": "MultiPolygon", "coordinates": [ [ [ [ -117.07453, 32.56098 ], [ -117.07196, 32.56004 ], [ -117.07212, 32.55984 ], [ -117.06716, 32.55682 ], [ -117.06424, 32.55699 ], [ -117.06242, 32.55671 ], [ -117.06241, 32.55452 ], [ -117.05697, 32.55216 ], [ -117.05549, 32.55065 ], [ -117.05494, 32.54915 ], [ -117.05447, 32.545 ], [ -117.05461, 32.54394 ], [ -117.05409, 32.54313 ], [ -117.04053, 32.54247 ], [ -117.03726, 32.54178 ], [ -117.11886, 32.53478 ], [ -117.11875, 32.55822 ], [ -117.10605, 32.55822 ], [ -117.10605, 32.55858 ], [ -117.10573, 32.55858 ], [ -117.10573, 32.55836 ], [ -117.08408, 32.5582 ], [ -117.08406, 32.56117 ], [ -117.07453, 32.56098 ] ] ], [ [ [ -117.10125, 32.56918 ], [ -117.10129, 32.56794 ], [ -117.09965, 32.56793 ], [ -117.09966, 32.56686 ], [ -117.10131, 32.56687 ], [ -117.10145, 32.56451 ], [ -117.10661, 32.56383 ], [ -117.11875, 32.55822 ], [ -117.12313, 32.5582 ], [ -117.12329, 32.56927 ], [ -117.10125, 32.56918 ] ] ] ] } },
{ "type": "Feature", "properties": { "police_beat": 712 }, "geometry": { "type": "MultiPolygon", "coordinates": [ [ [ [ -117.1255, 32.54458 ], [ -117.12731, 32.55085 ], [ -117.1188, 32.55092 ], [ -117.11886, 32.53478 ], [ -117.12472, 32.53427 ], [ -117.1255, 32.54458 ] ] ], [ [ [ -117.03933, 32.56541 ], [ -117.03935, 32.5628 ], [ -117.03871, 32.56275 ], [ -117.03941, 32.56185 ], [ -117.03665, 32.56183 ], [ -117.03658, 32.55821 ], [ -117.0337, 32.55819 ], [ -117.03356, 32.55452 ], [ -117.03219, 32.55451 ], [ -117.03217, 32.55084 ], [ -117.02725, 32.55077 ], [ -117.0272, 32.54422 ], [ -117.02704, 32.54356 ], [ -117.02606, 32.54274 ], [ -117.02668, 32.54268 ], [ -117.0274, 32.54326 ], [ -117.03078, 32.54718 ], [ -117.03168, 32.54717 ], [ -117.03128, 32.54672 ], [ -117.03128, 32.54611 ], [ -117.0318, 32.54505 ], [ -117.03271, 32.54427 ], [ -117.03421, 32.54382 ], [ -117.03641, 32.54397 ], [ -117.03645, 32.54185 ], [ -117.04091, 32.5425 ], [ -117.05409, 32.54313 ], [ -117.05461, 32.54394 ], [ -117.05493, 32.54908 ], [ -117.05537, 32.55044 ], [ -117.05692, 32.55214 ], [ -117.06241, 32.55452 ], [ -117.06237, 32.55871 ], [ -117.06426, 32.55954 ], [ -117.07351, 32.56544 ], [ -117.07138, 32.56686 ], [ -117.06444, 32.56853 ], [ -117.04045, 32.56826 ], [ -117.04108, 32.56542 ], [ -117.03933, 32.56541 ] ] ] ] } },
{ "type": "Feature", "properties": { "police_beat": 713 }, "geometry": { "type": "Polygon", "coordinates": [ [ [ -116.95154, 32.57856 ], [ -116.95368, 32.5786 ], [ -116.9537, 32.56765 ], [ -116.93642, 32.56749 ], [ -116.93647, 32.56019 ], [ -116.92783, 32.56009 ], [ -116.92785, 32.55109 ], [ -117.02606, 32.54274 ], [ -117.02704, 32.54356 ], [ -117.0272, 32.54422 ], [ -117.02725, 32.55077 ], [ -117.03217, 32.55084 ], [ -117.03219, 32.55451 ], [ -117.03356, 32.55452 ], [ -117.0337, 32.55819 ], [ -117.03658, 32.55821 ], [ -117.03665, 32.56183 ], [ -117.03941, 32.56185 ], [ -117.03871, 32.56275 ], [ -117.03935, 32.5628 ], [ -117.03933, 32.56541 ], [ -117.04108, 32.56542 ], [ -117.04045, 32.56826 ], [ -117.03188, 32.56821 ], [ -117.02581, 32.5687 ], [ -117.00121, 32.56824 ], [ -117.00121, 32.57565 ], [ -116.99878, 32.57557 ], [ -116.99979, 32.57792 ], [ -116.98381, 32.58253 ], [ -116.96664, 32.58242 ], [ -116.96664, 32.58433 ], [ -116.96221, 32.58429 ], [ -116.96222, 32.58619 ], [ -116.95156, 32.58585 ], [ -116.95154, 32.57856 ] ] ] } },
{ "type": "Feature", "properties": { "police_beat": 714 }, "geometry": { "type": "Polygon", "coordinates": [ [ [ -117.02668, 32.54268 ], [ -117.03645, 32.54185 ], [ -117.03641, 32.54397 ], [ -117.03413, 32.54383 ], [ -117.03253, 32.54439 ], [ -117.03178, 32.54508 ], [ -117.03124, 32.54623 ], [ -117.03168, 32.54717 ], [ -117.03053, 32.54698 ], [ -117.02668, 32.54268 ] ] ] } },
{ "type": "Feature", "properties": { "police_beat": 720 }, "geometry": { "type": "Polygon", "coordinates": [ [ [ -117.07037, 32.66945 ], [ -117.06957, 32.66969 ], [ -117.06904, 32.66907 ], [ -117.06944, 32.66839 ], [ -117.06835, 32.66759 ], [ -117.06863, 32.66698 ], [ -117.0678, 32.66654 ], [ -117.06795, 32.66557 ], [ -117.06761, 32.66547 ], [ -117.06807, 32.66468 ], [ -117.06773, 32.66431 ], [ -117.06783, 32.66381 ], [ -117.06891, 32.66383 ], [ -117.06931, 32.66334 ], [ -117.0701, 32.66335 ], [ -117.06999, 32.6628 ], [ -117.06875, 32.66206 ], [ -117.06817, 32.66263 ], [ -117.06811, 32.66159 ], [ -117.06938, 32.66134 ], [ -117.07063, 32.66198 ], [ -117.07101, 32.66291 ], [ -117.07321, 32.66231 ], [ -117.07267, 32.66092 ], [ -117.07477, 32.66058 ], [ -117.07587, 32.66149 ], [ -117.07549, 32.66175 ], [ -117.07561, 32.66208 ], [ -117.07656, 32.66219 ], [ -117.0764, 32.66177 ], [ -117.07686, 32.66166 ], [ -117.07701, 32.66211 ], [ -117.0777, 32.66196 ], [ -117.07793, 32.66261 ], [ -117.07869, 32.66309 ], [ -117.07846, 32.6615 ], [ -117.07872, 32.66125 ], [ -117.08068, 32.66172 ], [ -117.08042, 32.66182 ], [ -117.08064, 32.66228 ], [ -117.08002, 32.66249 ], [ -117.0802, 32.66317 ], [ -117.08346, 32.66214 ], [ -117.08385, 32.66316 ], [ -117.08286, 32.6637 ], [ -117.08309, 32.66408 ], [ -117.08268, 32.66448 ], [ -117.08295, 32.66617 ], [ -117.08094, 32.66649 ], [ -117.08125, 32.66771 ], [ -117.07901, 32.66834 ], [ -117.07897, 32.66805 ], [ -117.07852, 32.6681 ], [ -117.07856, 32.66787 ], [ -117.07907, 32.66793 ], [ -117.07921, 32.66671 ], [ -117.07822, 32.66644 ], [ -117.07849, 32.66621 ], [ -117.07937, 32.66637 ], [ -117.07867, 32.66474 ], [ -117.079, 32.66419 ], [ -117.07813, 32.66378 ], [ -117.07726, 32.66508 ], [ -117.07644, 32.6657 ], [ -117.07796, 32.66665 ], [ -117.07643, 32.66754 ], [ -117.07694, 32.66885 ], [ -117.07632, 32.66868 ], [ -117.07644, 32.66899 ], [ -117.07594, 32.66913 ], [ -117.07577, 32.66869 ], [ -117.07537, 32.66869 ], [ -117.07528, 32.66901 ], [ -117.07495, 32.66869 ], [ -117.07502, 32.66939 ], [ -117.07428, 32.6696 ], [ -117.07409, 32.66908 ], [ -117.07354, 32.66911 ], [ -117.07368, 32.66948 ], [ -117.07264, 32.66915 ], [ -117.07269, 32.66948 ], [ -117.07059, 32.67 ], [ -117.07037, 32.66945 ] ] ] } },
{ "type": "Feature", "properties": { "police_beat": 721 }, "geometry": { "type": "MultiPolygon", "coordinates": [ [ [ [ -117.11642, 32.60691 ], [ -117.10412, 32.60232 ], [ -117.10235, 32.60392 ], [ -117.10065, 32.60418 ], [ -117.09849, 32.60523 ], [ -117.0923, 32.60458 ], [ -117.09247, 32.60156 ], [ -117.0912, 32.60156 ], [ -117.09119, 32.59866 ], [ -117.09049, 32.5976 ], [ -117.09013, 32.59497 ], [ -117.08863, 32.59493 ], [ -117.08714, 32.58382 ], [ -117.09268, 32.58385 ], [ -117.09277, 32.55822 ], [ -117.10149, 32.55835 ], [ -117.10131, 32.56687 ], [ -117.09966, 32.56686 ], [ -117.09965, 32.56793 ], [ -117.10129, 32.56794 ], [ -117.10135, 32.57641 ], [ -117.10384, 32.57652 ], [ -117.10381, 32.58387 ], [ -117.10566, 32.58387 ], [ -117.1057, 32.58799 ], [ -117.10801, 32.58787 ], [ -117.10906, 32.58828 ], [ -117.10951, 32.58912 ], [ -117.11018, 32.58954 ], [ -117.114, 32.58969 ], [ -117.11489, 32.59062 ], [ -117.1161, 32.59114 ], [ -117.11855, 32.59129 ], [ -117.11499, 32.5938 ], [ -117.11488, 32.5942 ], [ -117.11671, 32.60605 ], [ -117.11959, 32.6057 ], [ -117.11982, 32.60706 ], [ -117.11888, 32.6073 ], [ -117.11877, 32.60663 ], [ -117.11642, 32.60691 ] ] ], [ [ [ -117.05731, 32.66201 ], [ -117.05698, 32.66109 ], [ -117.05889, 32.66056 ], [ -117.05922, 32.66143 ], [ -117.05862, 32.66125 ], [ -117.05731, 32.66201 ] ] ], [ [ [ -117.01501, 32.6849 ], [ -117.01397, 32.68328 ], [ -117.01422, 32.68146 ], [ -117.01768, 32.67803 ], [ -117.0217, 32.67638 ], [ -117.02476, 32.67409 ], [ -117.02536, 32.67257 ], [ -117.02499, 32.67049 ], [ -117.025, 32.66884 ], [ -117.02532, 32.66822 ], [ -117.03422, 32.66565 ], [ -117.0359, 32.6654 ], [ -117.03757, 32.66559 ], [ -117.03995, 32.6651 ], [ -117.04125, 32.66415 ], [ -117.04251, 32.66245 ], [ -117.04328, 32.66051 ], [ -117.04384, 32.66002 ], [ -117.04192, 32.65878 ], [ -117.04392, 32.65848 ], [ -117.04306, 32.6564 ], [ -117.04094, 32.65795 ], [ -117.0393, 32.65777 ], [ -117.03689, 32.65859 ], [ -117.03706, 32.65898 ], [ -117.03616, 32.65951 ], [ -117.03633, 32.65973 ], [ -117.0358, 32.66004 ], [ -117.03538, 32.65991 ], [ -117.03495, 32.66041 ], [ -117.03334, 32.65954 ], [ -117.03114, 32.65988 ], [ -117.0309, 32.65837 ], [ -117.03012, 32.65857 ], [ -117.02975, 32.65781 ], [ -117.03503, 32.65643 ], [ -117.03501, 32.65602 ], [ -117.03586, 32.65565 ], [ -117.0366, 32.65384 ], [ -117.03715, 32.65348 ], [ -117.03942, 32.65374 ], [ -117.03746, 32.64935 ], [ -117.04997, 32.64585 ], [ -117.04931, 32.64415 ], [ -117.05134, 32.64358 ], [ -117.052, 32.6453 ], [ -117.05577, 32.6442 ], [ -117.05516, 32.64277 ], [ -117.05439, 32.64239 ], [ -117.05443, 32.64172 ], [ -117.05285, 32.64162 ], [ -117.05271, 32.64129 ], [ -117.05671, 32.64015 ], [ -117.05827, 32.64361 ], [ -117.05858, 32.64344 ], [ -117.0586, 32.64177 ], [ -117.05845, 32.64191 ], [ -117.05795, 32.64065 ], [ -117.05868, 32.6396 ], [ -117.06082, 32.63899 ], [ -117.06092, 32.63999 ], [ -117.06123, 32.6399 ], [ -117.06135, 32.64021 ], [ -117.06168, 32.64012 ], [ -117.06157, 32.63975 ], [ -117.06345, 32.63926 ], [ -117.06333, 32.63879 ], [ -117.06511, 32.63816 ], [ -117.06546, 32.63908 ], [ -117.06485, 32.63925 ], [ -117.06503, 32.63972 ], [ -117.06565, 32.63957 ], [ -117.06575, 32.63983 ], [ -117.06505, 32.64002 ], [ -117.06518, 32.64035 ], [ -117.06366, 32.64048 ], [ -117.06351, 32.6401 ], [ -117.0625, 32.64037 ], [ -117.06303, 32.64207 ], [ -117.06402, 32.64223 ], [ -117.06369, 32.64337 ], [ -117.06283, 32.64414 ], [ -117.06304, 32.64467 ], [ -117.0624, 32.64484 ], [ -117.06281, 32.64587 ], [ -117.06163, 32.64572 ], [ -117.06126, 32.64706 ], [ -117.06134, 32.64736 ], [ -117.06304, 32.648 ], [ -117.05978, 32.648 ], [ -117.05894, 32.64778 ], [ -117.05855, 32.64729 ], [ -117.05767, 32.64765 ], [ -117.05813, 32.64857 ], [ -117.06296, 32.64997 ], [ -117.06383, 32.65057 ], [ -117.06445, 32.65191 ], [ -117.06371, 32.65316 ], [ -117.06402, 32.65337 ], [ -117.06373, 32.65701 ], [ -117.06195, 32.65756 ], [ -117.06205, 32.65781 ], [ -117.06175, 32.65789 ], [ -117.06157, 32.65747 ], [ -117.06116, 32.65758 ], [ -117.06046, 32.65694 ], [ -117.0599, 32.65709 ], [ -117.05968, 32.65652 ], [ -117.05699, 32.65722 ], [ -117.05686, 32.65693 ], [ -117.05648, 32.65703 ], [ -117.05676, 32.65782 ], [ -117.05575, 32.6581 ], [ -117.05632, 32.65938 ], [ -117.05527, 32.6595 ], [ -117.05661, 32.66319 ], [ -117.05474, 32.66367 ], [ -117.05404, 32.6619 ], [ -117.05227, 32.66237 ], [ -117.05193, 32.66211 ], [ -117.05151, 32.66224 ], [ -117.05067, 32.66314 ], [ -117.0491, 32.66299 ], [ -117.05084, 32.66372 ], [ -117.05136, 32.66464 ], [ -117.051, 32.66538 ], [ -117.04989, 32.66595 ], [ -117.05019, 32.66703 ], [ -117.04381, 32.67056 ], [ -117.04161, 32.67114 ], [ -117.04178, 32.6716 ], [ -117.03948, 32.67338 ], [ -117.03583, 32.67732 ], [ -117.03287, 32.67961 ], [ -117.03252, 32.68049 ], [ -117.03101, 32.68103 ], [ -117.02944, 32.68224 ], [ -117.02875, 32.68322 ], [ -117.02635, 32.68468 ], [ -117.02591, 32.68579 ], [ -117.02478, 32.68595 ], [ -117.02207, 32.68806 ], [ -117.02093, 32.68823 ], [ -117.01707, 32.69113 ], [ -117.01501, 32.6849 ] ] ] ] } },
{ "type": "Feature", "properties": { "police_beat": 722 }, "geometry": { "type": "MultiPolygon", "coordinates": [ [ [ [ -117.08714, 32.58382 ], [ -117.0862, 32.58091 ], [ -117.08542, 32.57974 ], [ -117.08193, 32.57614 ], [ -117.07384, 32.56575 ], [ -117.06426, 32.55954 ], [ -117.06237, 32.55871 ], [ -117.06242, 32.55671 ], [ -117.06424, 32.55699 ], [ -117.06716, 32.55682 ], [ -117.07212, 32.55984 ], [ -117.07196, 32.56004 ], [ -117.07537, 32.56117 ], [ -117.08406, 32.56117 ], [ -117.08408, 32.5582 ], [ -117.09277, 32.55822 ], [ -117.09268, 32.58385 ], [ -117.08714, 32.58382 ] ] ], [ [ [ -117.00861, 32.65554 ], [ -117.01117, 32.65595 ], [ -117.01236, 32.65643 ], [ -117.01217, 32.65691 ], [ -117.01266, 32.65704 ], [ -117.01282, 32.65661 ], [ -117.01474, 32.65698 ], [ -117.01471, 32.65751 ], [ -117.01488, 32.65707 ], [ -117.01798, 32.65766 ], [ -117.01756, 32.65831 ], [ -117.01806, 32.6577 ], [ -117.01903, 32.65846 ], [ -117.01957, 32.65777 ], [ -117.02005, 32.65799 ], [ -117.0205, 32.65737 ], [ -117.02105, 32.65762 ], [ -117.02062, 32.65819 ], [ -117.02066, 32.65898 ], [ -117.02094, 32.65913 ], [ -117.02137, 32.65865 ], [ -117.0219, 32.659 ], [ -117.02099, 32.65965 ], [ -117.02283, 32.66202 ], [ -117.02491, 32.66149 ], [ -117.02461, 32.66074 ], [ -117.02576, 32.66041 ], [ -117.02601, 32.66101 ], [ -117.02647, 32.66087 ], [ -117.02619, 32.66016 ], [ -117.02661, 32.66004 ], [ -117.02722, 32.66059 ], [ -117.0281, 32.66277 ], [ -117.024, 32.66559 ], [ -117.02318, 32.66711 ], [ -117.02302, 32.66863 ], [ -117.02564, 32.66789 ], [ -117.025, 32.66884 ], [ -117.02537, 32.67248 ], [ -117.02473, 32.67412 ], [ -117.0217, 32.67638 ], [ -117.01768, 32.67803 ], [ -117.01624, 32.67443 ], [ -117.00083, 32.67868 ], [ -117.00023, 32.67742 ], [ -116.999, 32.67677 ], [ -116.99504, 32.66702 ], [ -116.99289, 32.66509 ], [ -116.98916, 32.6639 ], [ -116.98816, 32.66413 ], [ -116.98587, 32.66642 ], [ -116.98518, 32.66592 ], [ -116.98518, 32.6649 ], [ -116.98441, 32.66532 ], [ -116.98438, 32.66724 ], [ -116.98005, 32.66727 ], [ -116.98001, 32.66134 ], [ -116.98162, 32.66028 ], [ -116.99253, 32.66025 ], [ -116.99313, 32.6617 ], [ -117.00111, 32.65948 ], [ -117.00371, 32.66643 ], [ -117.01192, 32.66413 ], [ -117.00861, 32.65554 ] ] ] ] } },
{ "type": "Feature", "properties": { "police_beat": 723 }, "geometry": { "type": "Polygon", "coordinates": [ [ [ -117.05812, 32.59106 ], [ -117.05813, 32.58744 ], [ -117.05371, 32.58741 ], [ -117.05371, 32.59104 ], [ -117.0493, 32.59103 ], [ -117.04926, 32.58737 ], [ -117.04501, 32.58741 ], [ -117.04496, 32.59119 ], [ -117.03561, 32.59118 ], [ -117.03578, 32.5875 ], [ -117.0363, 32.5875 ], [ -117.0369, 32.58374 ], [ -117.04045, 32.56826 ], [ -117.06444, 32.56853 ], [ -117.07138, 32.56686 ], [ -117.07351, 32.56544 ], [ -117.08228, 32.57648 ], [ -117.07543, 32.57647 ], [ -117.07546, 32.58119 ], [ -117.07495, 32.5813 ], [ -117.07487, 32.58198 ], [ -117.07163, 32.582 ], [ -117.07113, 32.57925 ], [ -117.07045, 32.57935 ], [ -117.07097, 32.58126 ], [ -117.07151, 32.58725 ], [ -117.07321, 32.59112 ], [ -117.05812, 32.59106 ] ] ] } },
{ "type": "Feature", "properties": { "police_beat": 724 }, "geometry": { "type": "MultiPolygon", "coordinates": [ [ [ [ -117.07321, 32.59112 ], [ -117.07151, 32.58725 ], [ -117.07097, 32.58126 ], [ -117.07045, 32.57935 ], [ -117.07113, 32.57925 ], [ -117.07163, 32.582 ], [ -117.07487, 32.58198 ], [ -117.07495, 32.5813 ], [ -117.07546, 32.58119 ], [ -117.07543, 32.57647 ], [ -117.08228, 32.57648 ], [ -117.08542, 32.57974 ], [ -117.08686, 32.58262 ], [ -117.08863, 32.59493 ], [ -117.08409, 32.59481 ], [ -117.08397, 32.59119 ], [ -117.07321, 32.59112 ] ] ], [ [ [ -116.93408, 32.64789 ], [ -116.93639, 32.64855 ], [ -116.93753, 32.64776 ], [ -116.93787, 32.64846 ], [ -116.93844, 32.64854 ], [ -116.93923, 32.6478 ], [ -116.94011, 32.64821 ], [ -116.94198, 32.64793 ], [ -116.94225, 32.64831 ], [ -116.94055, 32.64938 ], [ -116.94051, 32.65025 ], [ -116.93929, 32.65 ], [ -116.93889, 32.65053 ], [ -116.93851, 32.65043 ], [ -116.93773, 32.65091 ], [ -116.93725, 32.65163 ], [ -116.9374, 32.6519 ], [ -116.93945, 32.65198 ], [ -116.93725, 32.65337 ], [ -116.93684, 32.65404 ], [ -116.93855, 32.65439 ], [ -116.9393, 32.65419 ], [ -116.93906, 32.65482 ], [ -116.94073, 32.6554 ], [ -116.93784, 32.65555 ], [ -116.93777, 32.65604 ], [ -116.93681, 32.65603 ], [ -116.93677, 32.65632 ], [ -116.93834, 32.65765 ], [ -116.9379, 32.65742 ], [ -116.93754, 32.65766 ], [ -116.93796, 32.6586 ], [ -116.93728, 32.65869 ], [ -116.93659, 32.65805 ], [ -116.93656, 32.66517 ], [ -116.93437, 32.66514 ], [ -116.93436, 32.66698 ], [ -116.92782, 32.66688 ], [ -116.92785, 32.68428 ], [ -116.91523, 32.6841 ], [ -116.894, 32.68446 ], [ -116.89394, 32.67033 ], [ -116.89335, 32.65566 ], [ -116.87652, 32.65571 ], [ -116.87668, 32.64852 ], [ -116.87647, 32.64629 ], [ -116.89075, 32.64075 ], [ -116.88419, 32.6369 ], [ -116.8836, 32.63705 ], [ -116.88389, 32.63664 ], [ -116.88727, 32.63483 ], [ -116.89036, 32.63584 ], [ -116.89392, 32.63592 ], [ -116.89932, 32.63377 ], [ -116.90332, 32.63315 ], [ -116.90649, 32.63427 ], [ -116.9114, 32.63518 ], [ -116.91504, 32.63406 ], [ -116.91694, 32.63402 ], [ -116.92022, 32.63458 ], [ -116.92231, 32.63576 ], [ -116.9226, 32.6394 ], [ -116.927, 32.64527 ], [ -116.92811, 32.64746 ], [ -116.92953, 32.64794 ], [ -116.93114, 32.64717 ], [ -116.9324, 32.64768 ], [ -116.93243, 32.6489 ], [ -116.93408, 32.64789 ] ], [ [ -116.93223, 32.64869 ], [ -116.93104, 32.64947 ], [ -116.93144, 32.64993 ], [ -116.93263, 32.64913 ], [ -116.93243, 32.6489 ], [ -116.93223, 32.64869 ] ] ] ] } },
{ "type": "Feature", "properties": { "police_beat": 725 }, "geometry": { "type": "MultiPolygon", "coordinates": [ [ [ [ -117.01447, 32.58373 ], [ -117.00152, 32.58305 ], [ -116.99945, 32.57796 ], [ -116.99979, 32.57792 ], [ -116.99959, 32.5772 ], [ -116.99878, 32.57557 ], [ -117.00121, 32.57565 ], [ -117.00121, 32.56824 ], [ -117.02581, 32.5687 ], [ -117.03188, 32.56821 ], [ -117.04045, 32.56826 ], [ -117.0369, 32.58374 ], [ -117.0363, 32.5875 ], [ -117.03231, 32.58754 ], [ -117.03231, 32.59122 ], [ -117.01447, 32.59108 ], [ -117.01447, 32.58373 ] ] ], [ [ [ -117.00774, 32.59832 ], [ -117.02306, 32.5985 ], [ -117.02306, 32.60598 ], [ -117.0108, 32.60583 ], [ -117.01159, 32.60776 ], [ -116.99961, 32.6106 ], [ -116.99916, 32.60258 ], [ -117.00774, 32.59832 ] ] ] ] } },
{ "type": "Feature", "properties": { "police_beat": 726 }, "geometry": { "type": "Polygon", "coordinates": [ [ [ -116.92257, 32.63933 ], [ -116.92248, 32.63626 ], [ -116.92214, 32.63554 ], [ -116.92023, 32.63459 ], [ -116.91691, 32.63402 ], [ -116.91479, 32.63409 ], [ -116.91145, 32.63518 ], [ -116.90652, 32.63428 ], [ -116.90437, 32.63331 ], [ -116.90307, 32.63316 ], [ -116.89932, 32.63377 ], [ -116.89372, 32.63593 ], [ -116.89036, 32.63584 ], [ -116.88728, 32.63483 ], [ -116.8839, 32.63663 ], [ -116.8836, 32.63705 ], [ -116.87551, 32.63903 ], [ -116.87631, 32.63604 ], [ -116.87644, 32.62511 ], [ -116.87606, 32.61184 ], [ -116.89332, 32.61191 ], [ -116.89286, 32.55406 ], [ -116.91896, 32.55184 ], [ -116.91928, 32.56736 ], [ -116.91901, 32.57846 ], [ -116.9192, 32.5821 ], [ -116.91891, 32.58246 ], [ -116.91978, 32.58322 ], [ -116.92197, 32.58394 ], [ -116.92491, 32.58621 ], [ -116.92457, 32.58644 ], [ -116.92061, 32.58579 ], [ -116.91893, 32.58598 ], [ -116.91582, 32.58945 ], [ -116.91509, 32.59107 ], [ -116.91557, 32.59124 ], [ -116.91603, 32.5921 ], [ -116.91782, 32.59161 ], [ -116.91996, 32.59158 ], [ -116.9244, 32.59467 ], [ -116.92589, 32.59492 ], [ -116.92604, 32.5956 ], [ -116.92783, 32.59668 ], [ -116.92896, 32.59822 ], [ -116.92993, 32.59824 ], [ -116.92891, 32.59854 ], [ -116.93148, 32.60476 ], [ -116.93083, 32.60477 ], [ -116.93082, 32.60819 ], [ -116.92567, 32.60821 ], [ -116.92563, 32.61195 ], [ -116.92778, 32.61195 ], [ -116.92779, 32.61107 ], [ -116.92914, 32.61108 ], [ -116.92915, 32.61009 ], [ -116.93213, 32.6101 ], [ -116.93219, 32.60819 ], [ -116.93291, 32.60818 ], [ -116.93446, 32.61192 ], [ -116.93278, 32.61193 ], [ -116.93345, 32.61825 ], [ -116.93453, 32.62009 ], [ -116.93316, 32.62027 ], [ -116.93241, 32.62175 ], [ -116.93293, 32.62253 ], [ -116.932, 32.6229 ], [ -116.93431, 32.62447 ], [ -116.9314, 32.62449 ], [ -116.93011, 32.62744 ], [ -116.93046, 32.62814 ], [ -116.93247, 32.62899 ], [ -116.93063, 32.62955 ], [ -116.93086, 32.63162 ], [ -116.9306, 32.63235 ], [ -116.93168, 32.63325 ], [ -116.93343, 32.63381 ], [ -116.93285, 32.63418 ], [ -116.9314, 32.63421 ], [ -116.93122, 32.63493 ], [ -116.93225, 32.63864 ], [ -116.9336, 32.63939 ], [ -116.93287, 32.64058 ], [ -116.93279, 32.64155 ], [ -116.9332, 32.64277 ], [ -116.93579, 32.64327 ], [ -116.93441, 32.64322 ], [ -116.93347, 32.64386 ], [ -116.93258, 32.64536 ], [ -116.93374, 32.64633 ], [ -116.93199, 32.64634 ], [ -116.93031, 32.64768 ], [ -116.92943, 32.64794 ], [ -116.92804, 32.64738 ], [ -116.92711, 32.64544 ], [ -116.92257, 32.63933 ] ] ] } },
{ "type": "Feature", "properties": { "police_beat": 727 }, "geometry": { "type": "Polygon", "coordinates": [ [ [ -116.92783, 32.59668 ], [ -116.92604, 32.5956 ], [ -116.92589, 32.59492 ], [ -116.9244, 32.59467 ], [ -116.91999, 32.59159 ], [ -116.91784, 32.5916 ], [ -116.91603, 32.5921 ], [ -116.91557, 32.59124 ], [ -116.91509, 32.59107 ], [ -116.91582, 32.58945 ], [ -116.91893, 32.58598 ], [ -116.92061, 32.58579 ], [ -116.92457, 32.58644 ], [ -116.92491, 32.58621 ], [ -116.92197, 32.58394 ], [ -116.91978, 32.58322 ], [ -116.91891, 32.58246 ], [ -116.9192, 32.5821 ], [ -116.91901, 32.57846 ], [ -116.91928, 32.56736 ], [ -116.91896, 32.55184 ], [ -116.92785, 32.55109 ], [ -116.92783, 32.56009 ], [ -116.93647, 32.56019 ], [ -116.93642, 32.56749 ], [ -116.9537, 32.56765 ], [ -116.95368, 32.5786 ], [ -116.95154, 32.57856 ], [ -116.95156, 32.58585 ], [ -116.96222, 32.58619 ], [ -116.96221, 32.58429 ], [ -116.96664, 32.58433 ], [ -116.96664, 32.58242 ], [ -116.98381, 32.58253 ], [ -116.92993, 32.59824 ], [ -116.92901, 32.59825 ], [ -116.92783, 32.59668 ] ] ] } },
{ "type": "Feature", "properties": { "police_beat": 728 }, "geometry": { "type": "Polygon", "coordinates": [ [ [ -116.96117, 32.70625 ], [ -116.9608, 32.70391 ], [ -116.95978, 32.70195 ], [ -116.95917, 32.69631 ], [ -116.95792, 32.69364 ], [ -116.95801, 32.69315 ], [ -116.95739, 32.69262 ], [ -116.95608, 32.69223 ], [ -116.95528, 32.69103 ], [ -116.95383, 32.68978 ], [ -116.95445, 32.68732 ], [ -116.95548, 32.68547 ], [ -116.95815, 32.68545 ], [ -116.95843, 32.67808 ], [ -116.96057, 32.67812 ], [ -116.96061, 32.6763 ], [ -116.9624, 32.67632 ], [ -116.96258, 32.67204 ], [ -116.97565, 32.67255 ], [ -116.97566, 32.67073 ], [ -116.97783, 32.67069 ], [ -116.97782, 32.6716 ], [ -116.97999, 32.67156 ], [ -116.98, 32.67247 ], [ -116.9816, 32.67381 ], [ -116.98338, 32.67428 ], [ -116.98867, 32.6779 ], [ -116.98864, 32.67427 ], [ -116.99725, 32.67424 ], [ -116.99733, 32.6725 ], [ -116.999, 32.67677 ], [ -117.00023, 32.67742 ], [ -117.00083, 32.67868 ], [ -117.01624, 32.67443 ], [ -117.01768, 32.67803 ], [ -117.0144, 32.68117 ], [ -117.0139, 32.68287 ], [ -117.01596, 32.68722 ], [ -117.01702, 32.69107 ], [ -117.00846, 32.69211 ], [ -117.00803, 32.69151 ], [ -117.00837, 32.69084 ], [ -117.00585, 32.69043 ], [ -117.00464, 32.68938 ], [ -117.00434, 32.68882 ], [ -117.0046, 32.68772 ], [ -117.00136, 32.68718 ], [ -116.99899, 32.68446 ], [ -116.99765, 32.68445 ], [ -116.9969, 32.68401 ], [ -116.99507, 32.68402 ], [ -116.99545, 32.68501 ], [ -116.99607, 32.68512 ], [ -116.99665, 32.68608 ], [ -116.99712, 32.68617 ], [ -116.99723, 32.68564 ], [ -116.99851, 32.68807 ], [ -116.99472, 32.68769 ], [ -116.99349, 32.68721 ], [ -116.99632, 32.68928 ], [ -116.99509, 32.68984 ], [ -116.99256, 32.68937 ], [ -116.99113, 32.6895 ], [ -116.9908, 32.68996 ], [ -116.99136, 32.69054 ], [ -116.99097, 32.69084 ], [ -116.99026, 32.69016 ], [ -116.98992, 32.69042 ], [ -116.98939, 32.6903 ], [ -116.98914, 32.69078 ], [ -116.98741, 32.69155 ], [ -116.98635, 32.69133 ], [ -116.98609, 32.69197 ], [ -116.98249, 32.6927 ], [ -116.98184, 32.69229 ], [ -116.98145, 32.69139 ], [ -116.98121, 32.69267 ], [ -116.97993, 32.69339 ], [ -116.9809, 32.69379 ], [ -116.98111, 32.69594 ], [ -116.9806, 32.69725 ], [ -116.98008, 32.69776 ], [ -116.98064, 32.69917 ], [ -116.98044, 32.70021 ], [ -116.97877, 32.70172 ], [ -116.97746, 32.70422 ], [ -116.97639, 32.70473 ], [ -116.97143, 32.70474 ], [ -116.97145, 32.70518 ], [ -116.97083, 32.70553 ], [ -116.96983, 32.70532 ], [ -116.96992, 32.70479 ], [ -116.96935, 32.70523 ], [ -116.96894, 32.70417 ], [ -116.96866, 32.70496 ], [ -116.96742, 32.70492 ], [ -116.96729, 32.70526 ], [ -116.96759, 32.70543 ], [ -116.96747, 32.70571 ], [ -116.96808, 32.70583 ], [ -116.96819, 32.70719 ], [ -116.96776, 32.70713 ], [ -116.96728, 32.70648 ], [ -116.96835, 32.70808 ], [ -116.96773, 32.7085 ], [ -116.96716, 32.70808 ], [ -116.96706, 32.70888 ], [ -116.96117, 32.70625 ] ] ] } },
{ "type": "Feature", "properties": { "police_beat": 801 }, "geometry": { "type": "MultiPolygon", "coordinates": [ [ [ [ -117.08141, 33.33372 ], [ -117.08571, 33.33353 ], [ -117.08611, 33.34746 ], [ -117.07752, 33.34753 ], [ -117.07755, 33.34396 ], [ -117.08185, 33.34394 ], [ -117.08141, 33.33372 ] ] ], [ [ [ -117.08358, 33.40857 ], [ -117.08479, 33.40895 ], [ -117.08518, 33.40861 ], [ -117.08316, 33.40584 ], [ -117.08394, 33.40379 ], [ -117.08352, 33.40108 ], [ -117.08411, 33.39179 ], [ -117.08529, 33.38966 ], [ -117.08533, 33.38807 ], [ -117.09447, 33.38813 ], [ -117.09463, 33.36961 ], [ -117.09036, 33.36961 ], [ -117.09037, 33.37704 ], [ -117.08174, 33.37699 ], [ -117.08172, 33.37328 ], [ -117.08612, 33.37328 ], [ -117.08606, 33.36592 ], [ -117.09036, 33.36593 ], [ -117.09035, 33.36217 ], [ -117.08164, 33.36228 ], [ -117.08165, 33.35837 ], [ -117.08609, 33.35832 ], [ -117.08611, 33.35468 ], [ -117.09476, 33.35471 ], [ -117.09466, 33.33004 ], [ -117.08578, 33.33006 ], [ -117.08575, 33.32275 ], [ -117.08533, 33.32275 ], [ -117.08431, 33.31627 ], [ -117.08463, 33.31288 ], [ -117.08325, 33.30721 ], [ -117.08361, 33.30527 ], [ -117.08423, 33.3041 ], [ -117.08453, 33.30028 ], [ -117.08526, 33.29847 ], [ -117.08658, 33.30004 ], [ -117.08664, 33.30067 ], [ -117.08919, 33.30215 ], [ -117.08984, 33.30284 ], [ -117.09179, 33.30573 ], [ -117.09188, 33.30626 ], [ -117.09134, 33.30657 ], [ -117.09191, 33.30691 ], [ -117.09207, 33.30752 ], [ -117.09305, 33.30826 ], [ -117.09434, 33.30851 ], [ -117.09564, 33.30923 ], [ -117.09602, 33.31044 ], [ -117.09828, 33.31296 ], [ -117.09851, 33.31427 ], [ -117.09978, 33.31604 ], [ -117.09984, 33.31663 ], [ -117.10176, 33.3188 ], [ -117.10392, 33.32371 ], [ -117.10475, 33.32454 ], [ -117.10626, 33.32538 ], [ -117.10729, 33.32534 ], [ -117.10812, 33.32637 ], [ -117.10949, 33.32695 ], [ -117.11075, 33.32668 ], [ -117.11155, 33.32694 ], [ -117.11221, 33.32603 ], [ -117.11279, 33.32651 ], [ -117.11342, 33.3262 ], [ -117.11583, 33.32689 ], [ -117.11796, 33.32795 ], [ -117.11877, 33.3278 ], [ -117.119, 33.32842 ], [ -117.12021, 33.32907 ], [ -117.1205, 33.32967 ], [ -117.12184, 33.33022 ], [ -117.12238, 33.33023 ], [ -117.12298, 33.32953 ], [ -117.12379, 33.32957 ], [ -117.12495, 33.33065 ], [ -117.1252, 33.33236 ], [ -117.12665, 33.33372 ], [ -117.12868, 33.33413 ], [ -117.12987, 33.33377 ], [ -117.13121, 33.33474 ], [ -117.13124, 33.34363 ], [ -117.13241, 33.34337 ], [ -117.1331, 33.34281 ], [ -117.13462, 33.34454 ], [ -117.1356, 33.34674 ], [ -117.13535, 33.34977 ], [ -117.1359, 33.35458 ], [ -117.13637, 33.35538 ], [ -117.13582, 33.35903 ], [ -117.13655, 33.36121 ], [ -117.13463, 33.3617 ], [ -117.1334, 33.36351 ], [ -117.13216, 33.36437 ], [ -117.13041, 33.36475 ], [ -117.12864, 33.36724 ], [ -117.1276, 33.36803 ], [ -117.12761, 33.36953 ], [ -117.1268, 33.37147 ], [ -117.12507, 33.37188 ], [ -117.12402, 33.3725 ], [ -117.12146, 33.3723 ], [ -117.12029, 33.37363 ], [ -117.11846, 33.37422 ], [ -117.11599, 33.37421 ], [ -117.11504, 33.3757 ], [ -117.11341, 33.37715 ], [ -117.11292, 33.37678 ], [ -117.11215, 33.37755 ], [ -117.11153, 33.37752 ], [ -117.11105, 33.37808 ], [ -117.10967, 33.37861 ], [ -117.10814, 33.37848 ], [ -117.10702, 33.37911 ], [ -117.10607, 33.37897 ], [ -117.10572, 33.37931 ], [ -117.10575, 33.37995 ], [ -117.10349, 33.38404 ], [ -117.10095, 33.39049 ], [ -117.09686, 33.39847 ], [ -117.09419, 33.406 ], [ -117.09263, 33.41214 ], [ -117.09159, 33.41836 ], [ -117.09106, 33.42462 ], [ -117.09104, 33.43025 ], [ -117.08905, 33.43029 ], [ -117.08915, 33.42911 ], [ -117.08867, 33.42608 ], [ -117.08887, 33.42453 ], [ -117.08806, 33.42115 ], [ -117.08751, 33.42016 ], [ -117.08678, 33.41556 ], [ -117.08633, 33.41482 ], [ -117.08495, 33.41407 ], [ -117.08471, 33.41262 ], [ -117.08377, 33.41168 ], [ -117.08371, 33.40985 ], [ -117.08321, 33.40895 ], [ -117.08358, 33.40857 ] ] ], [ [ [ -117.05093, 33.38028 ], [ -117.05095, 33.37684 ], [ -117.06419, 33.37689 ], [ -117.06416, 33.38043 ], [ -117.05093, 33.38028 ] ] ], [ [ [ -117.06456, 33.38765 ], [ -117.06954, 33.38784 ], [ -117.0701, 33.39116 ], [ -117.07023, 33.38989 ], [ -117.07167, 33.39026 ], [ -117.07161, 33.39082 ], [ -117.0742, 33.39093 ], [ -117.07445, 33.39101 ], [ -117.0743, 33.39244 ], [ -117.07011, 33.39127 ], [ -117.07049, 33.39352 ], [ -117.0685, 33.39351 ], [ -117.06786, 33.38939 ], [ -117.06494, 33.38932 ], [ -117.06456, 33.38765 ] ] ] ] } },
{ "type": "Feature", "properties": { "police_beat": 802 }, "geometry": { "type": "Polygon", "coordinates": [ [ [ -117.05233, 33.43008 ], [ -117.05189, 33.41522 ], [ -117.03301, 33.41494 ], [ -117.03202, 33.40754 ], [ -117.03225, 33.4006 ], [ -117.01589, 33.40054 ], [ -117.01577, 33.38651 ], [ -117.03286, 33.3864 ], [ -117.0419, 33.38674 ], [ -117.04204, 33.38323 ], [ -117.03755, 33.38297 ], [ -117.0377, 33.3796 ], [ -117.05093, 33.38028 ], [ -117.05092, 33.38361 ], [ -117.04648, 33.38343 ], [ -117.04641, 33.38691 ], [ -117.0509, 33.38707 ], [ -117.0509, 33.38734 ], [ -117.06413, 33.38764 ], [ -117.06414, 33.40142 ], [ -117.06848, 33.40154 ], [ -117.07282, 33.4016 ], [ -117.0728, 33.39787 ], [ -117.07714, 33.39794 ], [ -117.07716, 33.40166 ], [ -117.08152, 33.40172 ], [ -117.08153, 33.38801 ], [ -117.08533, 33.38807 ], [ -117.08529, 33.38966 ], [ -117.08411, 33.39179 ], [ -117.08352, 33.40108 ], [ -117.08394, 33.40379 ], [ -117.08316, 33.40584 ], [ -117.08518, 33.40861 ], [ -117.08479, 33.40895 ], [ -117.08357, 33.40857 ], [ -117.08321, 33.40901 ], [ -117.08371, 33.40985 ], [ -117.08377, 33.41168 ], [ -117.08471, 33.41262 ], [ -117.08495, 33.41407 ], [ -117.08633, 33.41482 ], [ -117.08678, 33.41556 ], [ -117.08751, 33.42016 ], [ -117.08806, 33.42115 ], [ -117.08887, 33.42453 ], [ -117.08867, 33.42608 ], [ -117.08915, 33.42911 ], [ -117.08905, 33.43029 ], [ -117.05233, 33.43008 ] ] ] } },
{ "type": "Feature", "properties": { "police_beat": 803 }, "geometry": { "type": "Polygon", "coordinates": [ [ [ -116.92801, 33.38653 ], [ -117.01577, 33.38651 ], [ -117.01589, 33.40054 ], [ -117.03225, 33.4006 ], [ -117.03202, 33.40754 ], [ -117.03301, 33.41494 ], [ -117.05189, 33.41522 ], [ -117.05233, 33.43008 ], [ -117.03085, 33.4299 ], [ -117.03088, 33.42687 ], [ -116.99882, 33.42696 ], [ -116.98152, 33.42742 ], [ -116.85711, 33.42684 ], [ -116.8573, 33.4123 ], [ -116.84853, 33.41223 ], [ -116.84804, 33.40522 ], [ -116.83035, 33.405 ], [ -116.83015, 33.39758 ], [ -116.81346, 33.39827 ], [ -116.81389, 33.39153 ], [ -116.80493, 33.39189 ], [ -116.80582, 33.38459 ], [ -116.79711, 33.38476 ], [ -116.79741, 33.3776 ], [ -116.80171, 33.37756 ], [ -116.80181, 33.37401 ], [ -116.79319, 33.37408 ], [ -116.79331, 33.37051 ], [ -116.78855, 33.37044 ], [ -116.78024, 33.37146 ], [ -116.78014, 33.36428 ], [ -116.771, 33.36513 ], [ -116.77107, 33.35785 ], [ -116.76236, 33.35763 ], [ -116.76265, 33.35027 ], [ -116.75377, 33.35023 ], [ -116.75386, 33.34319 ], [ -116.74492, 33.34335 ], [ -116.74496, 33.33607 ], [ -116.73637, 33.33604 ], [ -116.73674, 33.32182 ], [ -116.71967, 33.32206 ], [ -116.71888, 33.29926 ], [ -116.74705, 33.29904 ], [ -116.74905, 33.29978 ], [ -116.75081, 33.2998 ], [ -116.75081, 33.29944 ], [ -116.76467, 33.30697 ], [ -116.77004, 33.30592 ], [ -116.77024, 33.30968 ], [ -116.7747, 33.30951 ], [ -116.77447, 33.30625 ], [ -116.77893, 33.30584 ], [ -116.77905, 33.2987 ], [ -116.77758, 33.29884 ], [ -116.75939, 33.28915 ], [ -116.75123, 33.27682 ], [ -116.75295, 33.26514 ], [ -116.75737, 33.2652 ], [ -116.75755, 33.26171 ], [ -116.76141, 33.26194 ], [ -116.76132, 33.25828 ], [ -116.75771, 33.25811 ], [ -116.75728, 33.25443 ], [ -116.75433, 33.25447 ], [ -116.75585, 33.24786 ], [ -116.75829, 33.24698 ], [ -116.75895, 33.24712 ], [ -116.76009, 33.24653 ], [ -116.76185, 33.24691 ], [ -116.7614, 33.24631 ], [ -116.76205, 33.24558 ], [ -116.76228, 33.24458 ], [ -116.76214, 33.24231 ], [ -116.76372, 33.2407 ], [ -116.77063, 33.24078 ], [ -116.77068, 33.23919 ], [ -116.7727, 33.23958 ], [ -116.77859, 33.24293 ], [ -116.78712, 33.24974 ], [ -116.79041, 33.25117 ], [ -116.79275, 33.25419 ], [ -116.79475, 33.25511 ], [ -116.8003, 33.25884 ], [ -116.80329, 33.2615 ], [ -116.80523, 33.26227 ], [ -116.80872, 33.26265 ], [ -116.81418, 33.26547 ], [ -116.81454, 33.27042 ], [ -116.82353, 33.2705 ], [ -116.82321, 33.28505 ], [ -116.84062, 33.28528 ], [ -116.84052, 33.29641 ], [ -116.8362, 33.29633 ], [ -116.8362, 33.29728 ], [ -116.83698, 33.29801 ], [ -116.83781, 33.29773 ], [ -116.83853, 33.29649 ], [ -116.83992, 33.29688 ], [ -116.84057, 33.29796 ], [ -116.84052, 33.30002 ], [ -116.875, 33.29984 ], [ -116.87597, 33.31401 ], [ -116.90143, 33.31431 ], [ -116.90011, 33.3158 ], [ -116.92821, 33.32736 ], [ -116.94476, 33.33283 ], [ -116.97067, 33.34277 ], [ -116.93693, 33.34289 ], [ -116.93686, 33.34664 ], [ -116.93551, 33.34665 ], [ -116.93254, 33.34663 ], [ -116.93259, 33.34292 ], [ -116.92819, 33.34295 ], [ -116.92801, 33.38653 ] ], [ [ -116.92805, 33.32857 ], [ -116.91067, 33.32842 ], [ -116.89641, 33.32868 ], [ -116.89369, 33.32821 ], [ -116.89401, 33.32511 ], [ -116.88503, 33.32497 ], [ -116.88506, 33.32861 ], [ -116.88935, 33.32867 ], [ -116.88936, 33.33938 ], [ -116.89804, 33.3393 ], [ -116.89792, 33.35021 ], [ -116.90218, 33.35019 ], [ -116.90209, 33.35385 ], [ -116.90637, 33.35384 ], [ -116.90625, 33.35749 ], [ -116.91484, 33.35746 ], [ -116.91511, 33.34652 ], [ -116.91078, 33.34649 ], [ -116.91086, 33.3428 ], [ -116.92819, 33.34289 ], [ -116.92805, 33.32857 ] ] ] } },
{ "type": "Feature", "properties": { "police_beat": 804 }, "geometry": { "type": "MultiPolygon", "coordinates": [ [ [ [ -117.03311, 33.31711 ], [ -117.03312, 33.31357 ], [ -117.03864, 33.31413 ], [ -117.03833, 33.31763 ], [ -117.03311, 33.31711 ] ] ], [ [ [ -117.03347, 33.34656 ], [ -117.02868, 33.34654 ], [ -117.02832, 33.34258 ], [ -117.03328, 33.34254 ], [ -117.03347, 33.34656 ] ] ], [ [ [ -117.02, 33.34647 ], [ -117.01986, 33.34269 ], [ -117.02411, 33.34267 ], [ -117.02426, 33.34652 ], [ -117.02, 33.34647 ] ] ], [ [ [ -117.02447, 33.35044 ], [ -117.02912, 33.35051 ], [ -117.0292, 33.35429 ], [ -117.02461, 33.35424 ], [ -117.02447, 33.35044 ] ] ], [ [ [ -117.03771, 33.36918 ], [ -117.03774, 33.36556 ], [ -117.04219, 33.36567 ], [ -117.04224, 33.35793 ], [ -117.04668, 33.35835 ], [ -117.05093, 33.3583 ], [ -117.05073, 33.3431 ], [ -117.0423, 33.34309 ], [ -117.03328, 33.34254 ], [ -117.03315, 33.3316 ], [ -117.03818, 33.33234 ], [ -117.03814, 33.32883 ], [ -117.04293, 33.32952 ], [ -117.04722, 33.32971 ], [ -117.04705, 33.33328 ], [ -117.05139, 33.33355 ], [ -117.05165, 33.32623 ], [ -117.04735, 33.32592 ], [ -117.0477, 33.31505 ], [ -117.052, 33.31547 ], [ -117.06445, 33.31547 ], [ -117.06435, 33.31917 ], [ -117.06842, 33.31916 ], [ -117.0683, 33.32301 ], [ -117.07262, 33.32297 ], [ -117.07273, 33.31541 ], [ -117.07711, 33.31548 ], [ -117.07709, 33.31915 ], [ -117.08134, 33.31909 ], [ -117.08132, 33.32284 ], [ -117.08575, 33.32275 ], [ -117.08578, 33.33006 ], [ -117.09466, 33.33004 ], [ -117.09476, 33.35471 ], [ -117.08611, 33.35468 ], [ -117.08609, 33.35832 ], [ -117.08165, 33.35837 ], [ -117.08164, 33.36076 ], [ -117.08164, 33.36228 ], [ -117.09035, 33.36217 ], [ -117.09036, 33.36593 ], [ -117.08606, 33.36592 ], [ -117.08612, 33.37328 ], [ -117.08172, 33.37328 ], [ -117.08174, 33.37699 ], [ -117.09037, 33.37704 ], [ -117.09036, 33.36961 ], [ -117.09463, 33.36961 ], [ -117.09447, 33.38813 ], [ -117.08153, 33.38801 ], [ -117.08152, 33.40172 ], [ -117.07716, 33.40166 ], [ -117.07714, 33.39794 ], [ -117.0728, 33.39787 ], [ -117.07282, 33.4016 ], [ -117.06414, 33.40142 ], [ -117.06413, 33.38764 ], [ -117.0509, 33.38734 ], [ -117.0509, 33.38707 ], [ -117.04641, 33.38691 ], [ -117.04648, 33.38343 ], [ -117.05092, 33.38361 ], [ -117.05093, 33.38028 ], [ -117.0377, 33.3796 ], [ -117.03755, 33.38297 ], [ -117.04204, 33.38323 ], [ -117.0419, 33.38674 ], [ -117.02394, 33.38634 ], [ -116.97991, 33.38638 ], [ -116.97997, 33.35312 ], [ -116.98431, 33.35128 ], [ -116.98397, 33.35089 ], [ -116.98115, 33.35086 ], [ -116.97998, 33.35039 ], [ -116.97997, 33.34656 ], [ -116.99566, 33.35291 ], [ -117.00721, 33.34474 ], [ -117.00727, 33.35799 ], [ -117.01156, 33.35797 ], [ -117.01151, 33.36903 ], [ -117.02459, 33.36901 ], [ -117.02452, 33.37264 ], [ -117.03304, 33.37258 ], [ -117.03315, 33.36919 ], [ -117.03771, 33.36918 ] ], [ [ -117.05095, 33.366 ], [ -117.05536, 33.36598 ], [ -117.05551, 33.35837 ], [ -117.05093, 33.3583 ], [ -117.05095, 33.366 ] ], [ [ -117.01589, 33.37269 ], [ -117.01586, 33.37642 ], [ -117.0244, 33.37629 ], [ -117.02452, 33.37264 ], [ -117.01589, 33.37269 ] ], [ [ -117.06416, 33.38043 ], [ -117.06419, 33.37689 ], [ -117.05095, 33.37684 ], [ -117.05094, 33.38028 ], [ -117.06416, 33.38043 ] ], [ [ -117.07161, 33.39082 ], [ -117.07167, 33.39026 ], [ -117.07023, 33.38989 ], [ -117.0701, 33.39116 ], [ -117.06954, 33.38784 ], [ -117.06456, 33.38765 ], [ -117.06494, 33.38932 ], [ -117.06786, 33.38939 ], [ -117.0685, 33.39351 ], [ -117.07049, 33.39352 ], [ -117.07011, 33.39127 ], [ -117.0743, 33.39244 ], [ -117.07445, 33.39101 ], [ -117.07161, 33.39082 ] ], [ [ -117.08141, 33.33372 ], [ -117.08185, 33.34394 ], [ -117.07755, 33.34396 ], [ -117.07752, 33.34753 ], [ -117.08611, 33.34746 ], [ -117.08571, 33.33353 ], [ -117.08141, 33.33372 ] ] ] ] } },
{ "type": "Feature", "properties": { "police_beat": 805 }, "geometry": { "type": "MultiPolygon", "coordinates": [ [ [ [ -116.93144, 33.30301 ], [ -116.93345, 33.30124 ], [ -116.93501, 33.30249 ], [ -116.933, 33.30426 ], [ -116.93144, 33.30301 ] ] ], [ [ [ -116.93511, 33.30828 ], [ -116.93285, 33.31051 ], [ -116.93069, 33.31052 ], [ -116.93296, 33.30825 ], [ -116.93511, 33.30828 ] ] ], [ [ [ -116.9907, 33.33326 ], [ -116.98617, 33.3379 ], [ -116.97772, 33.33124 ], [ -116.98062, 33.33024 ], [ -116.98182, 33.32936 ], [ -116.98814, 33.329 ], [ -116.99412, 33.32716 ], [ -116.99419, 33.33294 ], [ -116.9907, 33.33326 ] ] ], [ [ [ -116.92801, 33.38653 ], [ -116.92819, 33.34295 ], [ -116.93259, 33.34292 ], [ -116.93254, 33.34663 ], [ -116.93686, 33.34664 ], [ -116.93693, 33.34289 ], [ -116.96276, 33.34272 ], [ -116.97067, 33.34277 ], [ -116.97997, 33.34656 ], [ -116.97998, 33.35039 ], [ -116.97725, 33.34938 ], [ -116.97124, 33.35136 ], [ -116.97355, 33.35236 ], [ -116.97881, 33.35361 ], [ -116.97997, 33.35312 ], [ -116.97991, 33.38638 ], [ -116.92801, 33.38653 ] ] ] ] } },
{ "type": "Feature", "properties": { "police_beat": 806 }, "geometry": { "type": "Polygon", "coordinates": [ [ [ -116.90625, 33.35749 ], [ -116.90637, 33.35384 ], [ -116.90209, 33.35385 ], [ -116.90218, 33.35019 ], [ -116.89792, 33.35021 ], [ -116.89804, 33.3393 ], [ -116.88936, 33.33938 ], [ -116.88935, 33.32867 ], [ -116.88506, 33.32861 ], [ -116.88503, 33.32497 ], [ -116.89401, 33.32511 ], [ -116.89369, 33.32821 ], [ -116.89641, 33.32868 ], [ -116.91067, 33.32842 ], [ -116.92805, 33.32857 ], [ -116.92819, 33.34295 ], [ -116.91086, 33.3428 ], [ -116.91078, 33.34649 ], [ -116.91511, 33.34652 ], [ -116.91504, 33.35015 ], [ -116.91484, 33.35746 ], [ -116.90625, 33.35749 ] ] ] } },
{ "type": "Feature", "properties": { "police_beat": 807 }, "geometry": { "type": "Polygon", "coordinates": [ [ [ -117.1312, 33.33473 ], [ -117.12987, 33.33377 ], [ -117.12868, 33.33413 ], [ -117.12665, 33.33372 ], [ -117.1252, 33.33236 ], [ -117.12495, 33.33066 ], [ -117.12389, 33.32961 ], [ -117.12299, 33.32952 ], [ -117.12238, 33.33023 ], [ -117.12183, 33.33021 ], [ -117.1205, 33.32967 ], [ -117.12021, 33.32907 ], [ -117.119, 33.32842 ], [ -117.11881, 33.32782 ], [ -117.11794, 33.32794 ], [ -117.11743, 33.32749 ], [ -117.11344, 33.3262 ], [ -117.1128, 33.32651 ], [ -117.11218, 33.32603 ], [ -117.11155, 33.32694 ], [ -117.11075, 33.32668 ], [ -117.10946, 33.32694 ], [ -117.10811, 33.32636 ], [ -117.10732, 33.32535 ], [ -117.1062, 33.32535 ], [ -117.10397, 33.3238 ], [ -117.10176, 33.31882 ], [ -117.09984, 33.31663 ], [ -117.09978, 33.31604 ], [ -117.0985, 33.31423 ], [ -117.09828, 33.31296 ], [ -117.09602, 33.31044 ], [ -117.09564, 33.30923 ], [ -117.09434, 33.30851 ], [ -117.09305, 33.30826 ], [ -117.09207, 33.30752 ], [ -117.09191, 33.30691 ], [ -117.09134, 33.30657 ], [ -117.09188, 33.30626 ], [ -117.09179, 33.30573 ], [ -117.08984, 33.30284 ], [ -117.08919, 33.30215 ], [ -117.08664, 33.30067 ], [ -117.08658, 33.30004 ], [ -117.08526, 33.29847 ], [ -117.08672, 33.29539 ], [ -117.08684, 33.29374 ], [ -117.08623, 33.29234 ], [ -117.08383, 33.29008 ], [ -117.0833, 33.2888 ], [ -117.08373, 33.28628 ], [ -117.0836, 33.28478 ], [ -117.08389, 33.28417 ], [ -117.08359, 33.28315 ], [ -117.08429, 33.28147 ], [ -117.08404, 33.28093 ], [ -117.08417, 33.28021 ], [ -117.08358, 33.27993 ], [ -117.08349, 33.27942 ], [ -117.08413, 33.27752 ], [ -117.08407, 33.2757 ], [ -117.08482, 33.27419 ], [ -117.08452, 33.2726 ], [ -117.08488, 33.27136 ], [ -117.08397, 33.27101 ], [ -117.08262, 33.27104 ], [ -117.08195, 33.27034 ], [ -117.07998, 33.26949 ], [ -117.07666, 33.26464 ], [ -117.07642, 33.26365 ], [ -117.075, 33.26248 ], [ -117.07305, 33.2615 ], [ -117.07265, 33.25986 ], [ -117.07116, 33.25869 ], [ -117.07011, 33.25711 ], [ -117.066, 33.25494 ], [ -117.06431, 33.25293 ], [ -117.06174, 33.25174 ], [ -117.05992, 33.24992 ], [ -117.05744, 33.24917 ], [ -117.05454, 33.24729 ], [ -117.0541, 33.24581 ], [ -117.05522, 33.24108 ], [ -117.05511, 33.24017 ], [ -117.05306, 33.23764 ], [ -117.0506, 33.23551 ], [ -117.04906, 33.23373 ], [ -117.04658, 33.23257 ], [ -117.04505, 33.23063 ], [ -117.04262, 33.22872 ], [ -117.0422, 33.22753 ], [ -117.04219, 33.22389 ], [ -117.04154, 33.22284 ], [ -117.04308, 33.22151 ], [ -117.0438, 33.22138 ], [ -117.04603, 33.22236 ], [ -117.05094, 33.22662 ], [ -117.05318, 33.22664 ], [ -117.0553, 33.22575 ], [ -117.06958, 33.22599 ], [ -117.07217, 33.22637 ], [ -117.07535, 33.22754 ], [ -117.07961, 33.22848 ], [ -117.08115, 33.22812 ], [ -117.08148, 33.22682 ], [ -117.083, 33.22623 ], [ -117.08364, 33.22755 ], [ -117.08527, 33.22755 ], [ -117.0865, 33.2283 ], [ -117.08771, 33.22956 ], [ -117.08854, 33.22991 ], [ -117.08944, 33.23168 ], [ -117.09112, 33.23292 ], [ -117.09203, 33.23324 ], [ -117.09266, 33.23295 ], [ -117.09416, 33.2337 ], [ -117.09545, 33.23361 ], [ -117.09643, 33.23405 ], [ -117.09708, 33.23612 ], [ -117.09788, 33.23692 ], [ -117.09979, 33.23732 ], [ -117.10264, 33.23901 ], [ -117.10434, 33.23871 ], [ -117.10713, 33.23926 ], [ -117.10676, 33.24338 ], [ -117.10767, 33.24743 ], [ -117.10979, 33.25114 ], [ -117.11288, 33.25418 ], [ -117.11187, 33.25595 ], [ -117.11086, 33.25651 ], [ -117.11118, 33.2602 ], [ -117.11096, 33.26204 ], [ -117.11138, 33.26306 ], [ -117.11176, 33.26757 ], [ -117.1132, 33.26747 ], [ -117.11538, 33.26826 ], [ -117.11844, 33.26814 ], [ -117.12011, 33.26862 ], [ -117.1238, 33.2683 ], [ -117.12546, 33.26774 ], [ -117.12559, 33.27853 ], [ -117.12651, 33.27853 ], [ -117.12741, 33.27934 ], [ -117.12776, 33.28022 ], [ -117.12752, 33.28108 ], [ -117.13205, 33.28282 ], [ -117.13559, 33.28559 ], [ -117.13634, 33.28693 ], [ -117.13749, 33.2907 ], [ -117.13812, 33.29194 ], [ -117.13924, 33.29301 ], [ -117.14947, 33.29505 ], [ -117.1504, 33.30858 ], [ -117.15151, 33.31227 ], [ -117.1534, 33.31578 ], [ -117.14978, 33.31704 ], [ -117.14688, 33.3192 ], [ -117.14497, 33.32204 ], [ -117.14427, 33.32524 ], [ -117.14453, 33.32746 ], [ -117.14547, 33.32974 ], [ -117.14704, 33.33175 ], [ -117.14907, 33.33334 ], [ -117.14517, 33.33623 ], [ -117.14291, 33.33921 ], [ -117.14164, 33.34027 ], [ -117.13984, 33.3399 ], [ -117.13573, 33.33725 ], [ -117.13356, 33.33789 ], [ -117.13296, 33.33978 ], [ -117.1331, 33.34281 ], [ -117.13241, 33.34337 ], [ -117.13124, 33.34363 ], [ -117.1312, 33.33473 ] ] ] } },
{ "type": "Feature", "properties": { "police_beat": 808 }, "geometry": { "type": "Polygon", "coordinates": [ [ [ -117.06445, 33.31547 ], [ -117.052, 33.31547 ], [ -117.04771, 33.31505 ], [ -117.02482, 33.29783 ], [ -117.02299, 33.29595 ], [ -117.02368, 33.29444 ], [ -117.02393, 33.29288 ], [ -117.02356, 33.28493 ], [ -117.02342, 33.25624 ], [ -117.02368, 33.24091 ], [ -117.0242, 33.23118 ], [ -117.03409, 33.23092 ], [ -117.03627, 33.23022 ], [ -117.03727, 33.22892 ], [ -117.03767, 33.22612 ], [ -117.03746, 33.22413 ], [ -117.0367, 33.22233 ], [ -117.04022, 33.22229 ], [ -117.04164, 33.22293 ], [ -117.04219, 33.22389 ], [ -117.04221, 33.22762 ], [ -117.04278, 33.22894 ], [ -117.04505, 33.23063 ], [ -117.04658, 33.23257 ], [ -117.04904, 33.23371 ], [ -117.05493, 33.23986 ], [ -117.05523, 33.24101 ], [ -117.05409, 33.24591 ], [ -117.05466, 33.24742 ], [ -117.05746, 33.24918 ], [ -117.05992, 33.24992 ], [ -117.06174, 33.25174 ], [ -117.06431, 33.25293 ], [ -117.066, 33.25494 ], [ -117.07011, 33.25711 ], [ -117.07116, 33.25869 ], [ -117.07265, 33.25986 ], [ -117.07305, 33.2615 ], [ -117.075, 33.26248 ], [ -117.07642, 33.26365 ], [ -117.07666, 33.26464 ], [ -117.07998, 33.26949 ], [ -117.08195, 33.27034 ], [ -117.08262, 33.27104 ], [ -117.08404, 33.27102 ], [ -117.0849, 33.27142 ], [ -117.08452, 33.2726 ], [ -117.08482, 33.27421 ], [ -117.08407, 33.2757 ], [ -117.08413, 33.27752 ], [ -117.08349, 33.27942 ], [ -117.08358, 33.27993 ], [ -117.08417, 33.28021 ], [ -117.08404, 33.28093 ], [ -117.08429, 33.28147 ], [ -117.08359, 33.28315 ], [ -117.08389, 33.28417 ], [ -117.0836, 33.28478 ], [ -117.08373, 33.28628 ], [ -117.0833, 33.28892 ], [ -117.08386, 33.29011 ], [ -117.08631, 33.29246 ], [ -117.08689, 33.29447 ], [ -117.08457, 33.30013 ], [ -117.08421, 33.30183 ], [ -117.08423, 33.3041 ], [ -117.08361, 33.30527 ], [ -117.08325, 33.30721 ], [ -117.08464, 33.31291 ], [ -117.08431, 33.3162 ], [ -117.08533, 33.32275 ], [ -117.08132, 33.32284 ], [ -117.08134, 33.31909 ], [ -117.07709, 33.31915 ], [ -117.07711, 33.31548 ], [ -117.07273, 33.31541 ], [ -117.07262, 33.32297 ], [ -117.0683, 33.32301 ], [ -117.06842, 33.31916 ], [ -117.06435, 33.31917 ], [ -117.06445, 33.31547 ] ] ] } },
{ "type": "Feature", "properties": { "police_beat": 809 }, "geometry": { "type": "MultiPolygon", "coordinates": [ [ [ [ -117.05093, 33.3583 ], [ -117.04668, 33.35835 ], [ -117.04224, 33.35793 ], [ -117.04219, 33.36567 ], [ -117.03774, 33.36556 ], [ -117.03771, 33.36918 ], [ -117.03315, 33.36919 ], [ -117.03304, 33.37258 ], [ -117.02452, 33.37264 ], [ -117.02459, 33.36901 ], [ -117.01151, 33.36903 ], [ -117.01156, 33.35797 ], [ -117.00727, 33.35799 ], [ -117.00721, 33.34474 ], [ -116.99566, 33.35291 ], [ -116.97065, 33.34277 ], [ -116.94476, 33.33283 ], [ -116.92821, 33.32736 ], [ -116.90011, 33.3158 ], [ -116.92366, 33.28909 ], [ -116.92791, 33.28775 ], [ -116.92788, 33.28534 ], [ -116.9356, 33.28538 ], [ -116.94054, 33.2838 ], [ -116.94618, 33.28522 ], [ -116.97113, 33.2852 ], [ -116.99709, 33.28584 ], [ -117.02358, 33.28562 ], [ -117.02392, 33.29309 ], [ -117.02299, 33.29595 ], [ -117.02482, 33.29783 ], [ -117.04771, 33.31505 ], [ -117.04735, 33.32592 ], [ -117.05165, 33.32623 ], [ -117.05139, 33.33355 ], [ -117.04705, 33.33328 ], [ -117.04722, 33.32971 ], [ -117.04293, 33.32952 ], [ -117.03814, 33.32883 ], [ -117.03818, 33.33234 ], [ -117.03315, 33.3316 ], [ -117.03328, 33.34254 ], [ -117.0423, 33.34309 ], [ -117.05073, 33.3431 ], [ -117.05093, 33.3583 ] ], [ [ -117.02832, 33.34258 ], [ -117.02868, 33.34654 ], [ -117.03347, 33.34656 ], [ -117.03328, 33.34254 ], [ -117.02832, 33.34258 ] ], [ [ -116.93296, 33.30825 ], [ -116.93069, 33.31052 ], [ -116.93285, 33.31051 ], [ -116.93511, 33.30828 ], [ -116.93296, 33.30825 ] ], [ [ -116.93501, 33.30249 ], [ -116.93345, 33.30124 ], [ -116.93144, 33.30301 ], [ -116.933, 33.30426 ], [ -116.93501, 33.30249 ] ], [ [ -117.01986, 33.34269 ], [ -117.02, 33.34647 ], [ -117.02426, 33.34652 ], [ -117.02411, 33.34267 ], [ -117.01986, 33.34269 ] ], [ [ -117.02447, 33.35044 ], [ -117.02461, 33.35424 ], [ -117.0292, 33.35429 ], [ -117.02912, 33.35052 ], [ -117.02447, 33.35044 ] ], [ [ -117.03833, 33.31763 ], [ -117.03864, 33.31413 ], [ -117.03312, 33.31357 ], [ -117.03321, 33.31712 ], [ -117.03833, 33.31763 ] ], [ [ -116.98814, 33.329 ], [ -116.98182, 33.32936 ], [ -116.98062, 33.33024 ], [ -116.97772, 33.33124 ], [ -116.98617, 33.3379 ], [ -116.9907, 33.33326 ], [ -116.99419, 33.333 ], [ -116.99412, 33.32719 ], [ -116.98814, 33.329 ] ] ], [ [ [ -116.98115, 33.35086 ], [ -116.98397, 33.35089 ], [ -116.98431, 33.35128 ], [ -116.97881, 33.35361 ], [ -116.97355, 33.35236 ], [ -116.97124, 33.35136 ], [ -116.97725, 33.34938 ], [ -116.98115, 33.35086 ] ] ], [ [ [ -117.05095, 33.366 ], [ -117.05093, 33.3583 ], [ -117.05551, 33.35837 ], [ -117.05536, 33.36598 ], [ -117.05095, 33.366 ] ] ], [ [ [ -117.01586, 33.37642 ], [ -117.01589, 33.37269 ], [ -117.02452, 33.37264 ], [ -117.02437, 33.37629 ], [ -117.01586, 33.37642 ] ] ] ] } },
{ "type": "Feature", "properties": { "police_beat": 810 }, "geometry": { "type": "Polygon", "coordinates": [ [ [ -116.875, 33.29984 ], [ -116.89512, 33.30009 ], [ -116.89509, 33.31436 ], [ -116.87597, 33.31401 ], [ -116.875, 33.29984 ] ] ] } },
{ "type": "Feature", "properties": { "police_beat": 811 }, "geometry": { "type": "MultiPolygon", "coordinates": [ [ [ [ -117.10933, 32.75518 ], [ -117.1249, 32.75529 ], [ -117.12651, 32.75982 ], [ -117.12729, 32.76315 ], [ -117.1262, 32.76338 ], [ -117.10924, 32.76327 ], [ -117.10933, 32.75518 ] ] ], [ [ [ -116.91205, 33.27416 ], [ -116.90827, 33.30209 ], [ -116.90523, 33.30591 ], [ -116.89525, 33.29734 ], [ -116.88105, 33.29208 ], [ -116.87286, 33.28608 ], [ -116.87634, 33.27225 ], [ -116.91205, 33.27416 ] ] ] ] } },
{ "type": "Feature", "properties": { "police_beat": 812 }, "geometry": { "type": "MultiPolygon", "coordinates": [ [ [ [ -117.12958, 32.72965 ], [ -117.1293, 32.73564 ], [ -117.12506, 32.73562 ], [ -117.12528, 32.72963 ], [ -117.12958, 32.72965 ] ] ], [ [ [ -117.0694, 33.22598 ], [ -117.05532, 33.22575 ], [ -117.05318, 33.22664 ], [ -117.05094, 33.22662 ], [ -117.04615, 33.22245 ], [ -117.04382, 33.22138 ], [ -117.04313, 33.22147 ], [ -117.04154, 33.22284 ], [ -117.04019, 33.22228 ], [ -117.0367, 33.22233 ], [ -117.03357, 33.21862 ], [ -117.03352, 33.20711 ], [ -117.03292, 33.20457 ], [ -117.03151, 33.20187 ], [ -117.0308, 33.19932 ], [ -117.03149, 33.1998 ], [ -117.03226, 33.19949 ], [ -117.03225, 33.19889 ], [ -117.03353, 33.19868 ], [ -117.03378, 33.19776 ], [ -117.03581, 33.1968 ], [ -117.03645, 33.19684 ], [ -117.03738, 33.19764 ], [ -117.03868, 33.19798 ], [ -117.04028, 33.19654 ], [ -117.04154, 33.19664 ], [ -117.04155, 33.19639 ], [ -117.04949, 33.20339 ], [ -117.05851, 33.20317 ], [ -117.05865, 33.20737 ], [ -117.06376, 33.20737 ], [ -117.06379, 33.20799 ], [ -117.06316, 33.20801 ], [ -117.06331, 33.21159 ], [ -117.07089, 33.21132 ], [ -117.07144, 33.2167 ], [ -117.07253, 33.21845 ], [ -117.07418, 33.21972 ], [ -117.07689, 33.2206 ], [ -117.08878, 33.22233 ], [ -117.08759, 33.22265 ], [ -117.08714, 33.22353 ], [ -117.08742, 33.22464 ], [ -117.0863, 33.22533 ], [ -117.086, 33.22622 ], [ -117.08323, 33.2262 ], [ -117.08165, 33.22671 ], [ -117.08134, 33.2279 ], [ -117.08096, 33.2282 ], [ -117.07961, 33.22848 ], [ -117.0781, 33.22823 ], [ -117.07156, 33.2263 ], [ -117.0694, 33.22598 ] ] ] ] } },
{ "type": "Feature", "properties": { "police_beat": 813 }, "geometry": { "type": "MultiPolygon", "coordinates": [ [ [ [ -117.12781, 32.76483 ], [ -117.12649, 32.75975 ], [ -117.12289, 32.74925 ], [ -117.11626, 32.74081 ], [ -117.11477, 32.7381 ], [ -117.11281, 32.73333 ], [ -117.11151, 32.7318 ], [ -117.1116, 32.72962 ], [ -117.11223, 32.72777 ], [ -117.11667, 32.72125 ], [ -117.11956, 32.7213 ], [ -117.11958, 32.72295 ], [ -117.12092, 32.72294 ], [ -117.12102, 32.7255 ], [ -117.12182, 32.7255 ], [ -117.12184, 32.72655 ], [ -117.12364, 32.72655 ], [ -117.12355, 32.72858 ], [ -117.12264, 32.72858 ], [ -117.1226, 32.72963 ], [ -117.12528, 32.72963 ], [ -117.12506, 32.73562 ], [ -117.1293, 32.73564 ], [ -117.12958, 32.72965 ], [ -117.13389, 32.72965 ], [ -117.13363, 32.741 ], [ -117.14753, 32.74117 ], [ -117.14749, 32.74483 ], [ -117.14632, 32.74664 ], [ -117.14633, 32.75029 ], [ -117.1388, 32.75031 ], [ -117.13885, 32.76185 ], [ -117.13922, 32.76421 ], [ -117.13893, 32.766 ], [ -117.1379, 32.766 ], [ -117.13789, 32.76746 ], [ -117.13531, 32.76747 ], [ -117.13531, 32.76801 ], [ -117.13359, 32.7683 ], [ -117.13359, 32.76866 ], [ -117.13299, 32.76867 ], [ -117.13299, 32.7691 ], [ -117.12999, 32.76912 ], [ -117.12781, 32.76483 ] ] ], [ [ [ -116.96232, 33.28527 ], [ -116.96239, 33.26728 ], [ -116.96673, 33.26734 ], [ -116.96674, 33.27408 ], [ -116.97538, 33.27471 ], [ -116.97539, 33.27827 ], [ -116.99277, 33.27839 ], [ -116.99281, 33.27106 ], [ -116.98838, 33.27116 ], [ -116.98831, 33.2674 ], [ -116.97974, 33.26749 ], [ -116.97931, 33.24236 ], [ -116.96419, 33.2423 ], [ -116.96442, 33.23951 ], [ -116.96589, 33.23725 ], [ -116.96565, 33.23319 ], [ -116.96703, 33.23128 ], [ -116.9667, 33.22932 ], [ -116.9673, 33.22839 ], [ -116.96826, 33.22778 ], [ -116.96993, 33.22757 ], [ -116.97341, 33.22814 ], [ -116.98013, 33.22818 ], [ -116.97972, 33.23546 ], [ -116.99359, 33.2357 ], [ -116.99348, 33.23832 ], [ -116.99414, 33.2403 ], [ -116.99304, 33.24131 ], [ -116.99329, 33.24251 ], [ -117.01511, 33.24218 ], [ -117.02368, 33.24091 ], [ -117.02342, 33.25624 ], [ -117.02358, 33.28562 ], [ -116.98928, 33.28565 ], [ -116.96232, 33.28527 ] ] ], [ [ [ -116.97089, 33.2561 ], [ -116.97099, 33.26356 ], [ -116.96242, 33.26351 ], [ -116.96239, 33.25602 ], [ -116.97089, 33.2561 ] ] ] ] } },
{ "type": "Feature", "properties": { "police_beat": 814 }, "geometry": { "type": "MultiPolygon", "coordinates": [ [ [ [ -117.11153, 32.77545 ], [ -117.11251, 32.77344 ], [ -117.11264, 32.7723 ], [ -117.11177, 32.7686 ], [ -117.10968, 32.76549 ], [ -117.10911, 32.76326 ], [ -117.1262, 32.76338 ], [ -117.12729, 32.76315 ], [ -117.12845, 32.76642 ], [ -117.12999, 32.76912 ], [ -117.1286, 32.76986 ], [ -117.12878, 32.77065 ], [ -117.12337, 32.77347 ], [ -117.12292, 32.77309 ], [ -117.11751, 32.77592 ], [ -117.11716, 32.7754 ], [ -117.11627, 32.77525 ], [ -117.11465, 32.77662 ], [ -117.11313, 32.77663 ], [ -117.11159, 32.7762 ], [ -117.11153, 32.77545 ] ] ], [ [ [ -116.9356, 33.28538 ], [ -116.92788, 33.28534 ], [ -116.92792, 33.25619 ], [ -116.94507, 33.25611 ], [ -116.94485, 33.24154 ], [ -116.96208, 33.24229 ], [ -116.97931, 33.24236 ], [ -116.97974, 33.26749 ], [ -116.98831, 33.2674 ], [ -116.98838, 33.27116 ], [ -116.99281, 33.27106 ], [ -116.99277, 33.27839 ], [ -116.97539, 33.27827 ], [ -116.97538, 33.27471 ], [ -116.96674, 33.27408 ], [ -116.96673, 33.26734 ], [ -116.96239, 33.26728 ], [ -116.96232, 33.28527 ], [ -116.94618, 33.28522 ], [ -116.94054, 33.2838 ], [ -116.9356, 33.28538 ] ], [ [ -116.93651, 33.26612 ], [ -116.93651, 33.26703 ], [ -116.94077, 33.26702 ], [ -116.94079, 33.27417 ], [ -116.94506, 33.27415 ], [ -116.94504, 33.26609 ], [ -116.93651, 33.26612 ] ], [ [ -116.96242, 33.26351 ], [ -116.97099, 33.26356 ], [ -116.97089, 33.2561 ], [ -116.96239, 33.25602 ], [ -116.96242, 33.26351 ] ] ] ] } },
{ "type": "Feature", "properties": { "police_beat": 815 }, "geometry": { "type": "Polygon", "coordinates": [ [ [ -116.89512, 33.30009 ], [ -116.85779, 33.2998 ], [ -116.84052, 33.30002 ], [ -116.84057, 33.29796 ], [ -116.83959, 33.29665 ], [ -116.83851, 33.29649 ], [ -116.83772, 33.29781 ], [ -116.83668, 33.2979 ], [ -116.8362, 33.29728 ], [ -116.8362, 33.29633 ], [ -116.84052, 33.29641 ], [ -116.84062, 33.28528 ], [ -116.82321, 33.28505 ], [ -116.82353, 33.2705 ], [ -116.84073, 33.27072 ], [ -116.84058, 33.25621 ], [ -116.841, 33.25218 ], [ -116.84958, 33.25207 ], [ -116.84998, 33.24809 ], [ -116.85878, 33.24806 ], [ -116.85882, 33.25234 ], [ -116.87184, 33.25222 ], [ -116.87186, 33.25616 ], [ -116.91863, 33.25596 ], [ -116.92792, 33.25619 ], [ -116.92791, 33.28775 ], [ -116.92366, 33.28909 ], [ -116.90143, 33.31431 ], [ -116.89509, 33.31436 ], [ -116.89512, 33.30009 ] ], [ [ -116.87634, 33.27225 ], [ -116.87286, 33.28608 ], [ -116.88105, 33.29208 ], [ -116.89525, 33.29734 ], [ -116.90523, 33.30591 ], [ -116.90827, 33.30209 ], [ -116.91205, 33.27416 ], [ -116.87634, 33.27225 ] ] ] } },
{ "type": "Feature", "properties": { "police_beat": 816 }, "geometry": { "type": "Polygon", "coordinates": [ [ [ -116.99329, 33.24251 ], [ -116.99304, 33.24131 ], [ -116.99414, 33.2403 ], [ -116.99348, 33.23832 ], [ -116.99359, 33.2357 ], [ -116.97972, 33.23546 ], [ -116.98013, 33.22818 ], [ -116.97569, 33.22816 ], [ -116.97563, 33.22432 ], [ -116.97343, 33.22221 ], [ -116.97236, 33.22048 ], [ -116.98028, 33.22041 ], [ -116.9804, 33.2127 ], [ -116.98908, 33.2127 ], [ -116.98916, 33.20917 ], [ -116.97143, 33.20939 ], [ -116.97159, 33.19964 ], [ -116.97224, 33.19781 ], [ -116.97338, 33.19665 ], [ -116.97259, 33.19328 ], [ -116.9731, 33.1916 ], [ -116.97301, 33.1898 ], [ -116.97221, 33.18698 ], [ -116.97599, 33.1869 ], [ -116.97585, 33.19806 ], [ -116.98027, 33.19791 ], [ -116.98022, 33.20562 ], [ -116.98923, 33.20564 ], [ -116.98914, 33.19831 ], [ -116.99431, 33.19823 ], [ -116.99469, 33.19859 ], [ -116.9973, 33.19854 ], [ -116.99831, 33.19881 ], [ -116.99963, 33.1985 ], [ -117.00144, 33.19858 ], [ -117.00274, 33.19897 ], [ -117.00481, 33.19866 ], [ -117.00585, 33.19937 ], [ -117.00641, 33.19944 ], [ -117.00672, 33.19916 ], [ -117.00719, 33.19952 ], [ -117.00765, 33.19903 ], [ -117.01079, 33.19888 ], [ -117.0118, 33.19805 ], [ -117.01472, 33.19815 ], [ -117.01573, 33.19781 ], [ -117.01613, 33.1971 ], [ -117.01746, 33.19644 ], [ -117.01896, 33.19441 ], [ -117.02139, 33.19366 ], [ -117.02224, 33.19376 ], [ -117.02341, 33.1945 ], [ -117.02408, 33.19583 ], [ -117.02472, 33.19636 ], [ -117.02781, 33.19771 ], [ -117.02897, 33.19924 ], [ -117.02973, 33.19907 ], [ -117.03015, 33.19845 ], [ -117.03088, 33.19841 ], [ -117.0309, 33.19993 ], [ -117.03154, 33.20194 ], [ -117.0329, 33.20453 ], [ -117.03353, 33.20716 ], [ -117.03357, 33.21862 ], [ -117.03664, 33.22223 ], [ -117.03758, 33.2247 ], [ -117.03743, 33.22827 ], [ -117.03686, 33.22968 ], [ -117.03568, 33.23055 ], [ -117.03409, 33.23092 ], [ -117.0242, 33.23118 ], [ -117.02368, 33.24091 ], [ -117.01511, 33.24218 ], [ -116.99329, 33.24251 ] ] ] } },
{ "type": "Feature", "properties": { "police_beat": 817 }, "geometry": { "type": "MultiPolygon", "coordinates": [ [ [ [ -116.97158, 33.18699 ], [ -116.9715, 33.18336 ], [ -116.98477, 33.18323 ], [ -116.98476, 33.19043 ], [ -116.98033, 33.19046 ], [ -116.98027, 33.19791 ], [ -116.97585, 33.19806 ], [ -116.97599, 33.1869 ], [ -116.97158, 33.18699 ] ] ], [ [ [ -116.98022, 33.20562 ], [ -116.98027, 33.19791 ], [ -116.98913, 33.198 ], [ -116.98923, 33.20564 ], [ -116.98022, 33.20562 ] ] ], [ [ [ -116.9715, 33.19647 ], [ -116.97289, 33.19729 ], [ -116.97209, 33.19818 ], [ -116.96706, 33.19822 ], [ -116.96712, 33.1946 ], [ -116.97152, 33.19444 ], [ -116.9715, 33.19647 ] ] ], [ [ [ -116.96693, 33.22054 ], [ -116.95396, 33.22055 ], [ -116.954, 33.20547 ], [ -116.96275, 33.20562 ], [ -116.96273, 33.19826 ], [ -116.96706, 33.19822 ], [ -116.96693, 33.22054 ] ] ], [ [ [ -116.98916, 33.20917 ], [ -116.98908, 33.2127 ], [ -116.9804, 33.2127 ], [ -116.98028, 33.22041 ], [ -116.97121, 33.22048 ], [ -116.97143, 33.20939 ], [ -116.98916, 33.20917 ] ] ] ] } },
{ "type": "Feature", "properties": { "police_beat": 818 }, "geometry": { "type": "Polygon", "coordinates": [ [ [ -116.93651, 33.26612 ], [ -116.94504, 33.26609 ], [ -116.94506, 33.27415 ], [ -116.94079, 33.27417 ], [ -116.94077, 33.26702 ], [ -116.93651, 33.26703 ], [ -116.93651, 33.26612 ] ] ] } },
{ "type": "Feature", "properties": { "police_beat": 819 }, "geometry": { "type": "Polygon", "coordinates": [ [ [ -116.87186, 33.25616 ], [ -116.87184, 33.25222 ], [ -116.85882, 33.25234 ], [ -116.85878, 33.24806 ], [ -116.84998, 33.24809 ], [ -116.84958, 33.25207 ], [ -116.841, 33.25218 ], [ -116.84123, 33.21191 ], [ -116.84917, 33.21206 ], [ -116.84914, 33.20461 ], [ -116.86176, 33.20459 ], [ -116.86769, 33.20202 ], [ -116.87369, 33.19429 ], [ -116.87725, 33.1846 ], [ -116.8794, 33.18092 ], [ -116.87889, 33.17772 ], [ -116.88754, 33.17412 ], [ -116.89311, 33.16997 ], [ -116.89299, 33.12482 ], [ -116.94526, 33.12444 ], [ -116.98087, 33.12362 ], [ -116.99917, 33.12375 ], [ -116.99844, 33.13505 ], [ -117.01522, 33.13433 ], [ -117.01466, 33.15231 ], [ -117.01926, 33.1524 ], [ -117.01936, 33.14882 ], [ -117.0239, 33.14892 ], [ -117.02391, 33.1525 ], [ -117.02307, 33.16317 ], [ -117.01496, 33.16283 ], [ -117.01575, 33.16527 ], [ -117.01617, 33.16531 ], [ -117.01644, 33.16621 ], [ -117.02278, 33.16686 ], [ -117.02278, 33.17042 ], [ -117.0319, 33.17037 ], [ -117.03375, 33.18167 ], [ -117.03373, 33.18523 ], [ -117.04129, 33.18513 ], [ -117.0413, 33.18191 ], [ -117.04501, 33.18191 ], [ -117.0453, 33.19618 ], [ -117.04143, 33.19628 ], [ -117.04149, 33.19665 ], [ -117.04045, 33.19648 ], [ -117.03868, 33.19798 ], [ -117.03738, 33.19764 ], [ -117.03645, 33.19684 ], [ -117.03581, 33.1968 ], [ -117.03389, 33.19767 ], [ -117.03353, 33.19868 ], [ -117.03225, 33.19889 ], [ -117.03226, 33.19949 ], [ -117.03149, 33.1998 ], [ -117.0308, 33.19932 ], [ -117.03088, 33.19841 ], [ -117.03015, 33.19845 ], [ -117.02971, 33.19907 ], [ -117.02893, 33.19922 ], [ -117.02781, 33.19771 ], [ -117.02472, 33.19636 ], [ -117.02408, 33.19583 ], [ -117.02341, 33.1945 ], [ -117.02166, 33.19365 ], [ -117.01897, 33.1944 ], [ -117.01746, 33.19644 ], [ -117.01613, 33.1971 ], [ -117.01573, 33.19781 ], [ -117.01472, 33.19815 ], [ -117.0118, 33.19805 ], [ -117.01079, 33.19888 ], [ -117.00765, 33.19903 ], [ -117.00717, 33.19952 ], [ -117.00672, 33.19916 ], [ -117.00641, 33.19944 ], [ -117.00585, 33.19937 ], [ -117.00481, 33.19866 ], [ -117.00274, 33.19897 ], [ -117.00144, 33.19858 ], [ -116.99963, 33.1985 ], [ -116.99831, 33.19881 ], [ -116.9973, 33.19854 ], [ -116.99469, 33.19859 ], [ -116.99431, 33.19823 ], [ -116.98027, 33.19791 ], [ -116.98033, 33.19046 ], [ -116.98476, 33.19043 ], [ -116.98477, 33.18323 ], [ -116.9715, 33.18336 ], [ -116.97158, 33.18699 ], [ -116.97221, 33.18698 ], [ -116.97301, 33.1898 ], [ -116.9731, 33.19161 ], [ -116.97259, 33.19324 ], [ -116.97307, 33.19464 ], [ -116.97325, 33.197 ], [ -116.97289, 33.19729 ], [ -116.9715, 33.19647 ], [ -116.97152, 33.19444 ], [ -116.96712, 33.1946 ], [ -116.96706, 33.19822 ], [ -116.97209, 33.19818 ], [ -116.97147, 33.20076 ], [ -116.97121, 33.22048 ], [ -116.97236, 33.22048 ], [ -116.97344, 33.22222 ], [ -116.97556, 33.22417 ], [ -116.97569, 33.22816 ], [ -116.97168, 33.22801 ], [ -116.96939, 33.22758 ], [ -116.96807, 33.22786 ], [ -116.9671, 33.22862 ], [ -116.96666, 33.2296 ], [ -116.96702, 33.23132 ], [ -116.96566, 33.23315 ], [ -116.96588, 33.23729 ], [ -116.96442, 33.23951 ], [ -116.96419, 33.2423 ], [ -116.94485, 33.24154 ], [ -116.94507, 33.25611 ], [ -116.87186, 33.25616 ] ], [ [ -116.96273, 33.19826 ], [ -116.96275, 33.20562 ], [ -116.954, 33.20547 ], [ -116.95396, 33.22055 ], [ -116.96693, 33.22054 ], [ -116.96706, 33.19822 ], [ -116.96273, 33.19826 ] ], [ [ -117.02198, 33.18058 ], [ -117.02363, 33.18061 ], [ -117.02355, 33.17977 ], [ -117.01693, 33.17966 ], [ -117.01695, 33.18198 ], [ -117.02185, 33.18209 ], [ -117.02198, 33.18058 ] ] ] } },
{ "type": "Feature", "properties": { "police_beat": 820 }, "geometry": { "type": "MultiPolygon", "coordinates": [ [ [ [ -116.52603, 33.26684 ], [ -116.51772, 33.26698 ], [ -116.51784, 33.26349 ], [ -116.52607, 33.26342 ], [ -116.52603, 33.26684 ] ] ], [ [ [ -116.5933, 33.28841 ], [ -116.59347, 33.28467 ], [ -116.59791, 33.28463 ], [ -116.59773, 33.28106 ], [ -116.60207, 33.28103 ], [ -116.60211, 33.2883 ], [ -116.59777, 33.28835 ], [ -116.59749, 33.29587 ], [ -116.58441, 33.29581 ], [ -116.58447, 33.29214 ], [ -116.5889, 33.29213 ], [ -116.58904, 33.28843 ], [ -116.5933, 33.28841 ] ] ], [ [ [ -116.63399, 33.42713 ], [ -116.6177, 33.42744 ], [ -116.61799, 33.37415 ], [ -116.60527, 33.37369 ], [ -116.60534, 33.37028 ], [ -116.61801, 33.37057 ], [ -116.61801, 33.36696 ], [ -116.61391, 33.36686 ], [ -116.61402, 33.36334 ], [ -116.61784, 33.36337 ], [ -116.61792, 33.34883 ], [ -116.64619, 33.34951 ], [ -116.65504, 33.34879 ], [ -116.6527, 33.35683 ], [ -116.65227, 33.36354 ], [ -116.66964, 33.36268 ], [ -116.68596, 33.36257 ], [ -116.69335, 33.36288 ], [ -116.70221, 33.36231 ], [ -116.71099, 33.36225 ], [ -116.71927, 33.36261 ], [ -116.71903, 33.3426 ], [ -116.7113, 33.34003 ], [ -116.70139, 33.33422 ], [ -116.69753, 33.33332 ], [ -116.68261, 33.32866 ], [ -116.68059, 33.32411 ], [ -116.67078, 33.31408 ], [ -116.66369, 33.30761 ], [ -116.64377, 33.29956 ], [ -116.62377, 33.28855 ], [ -116.62143, 33.28235 ], [ -116.62049, 33.28159 ], [ -116.61742, 33.27519 ], [ -116.61558, 33.27393 ], [ -116.61557, 33.27735 ], [ -116.61503, 33.2775 ], [ -116.60191, 33.27756 ], [ -116.6018, 33.27402 ], [ -116.61049, 33.27399 ], [ -116.61053, 33.27066 ], [ -116.60638, 33.26841 ], [ -116.60601, 33.27053 ], [ -116.58874, 33.27049 ], [ -116.5891, 33.26697 ], [ -116.60207, 33.26703 ], [ -116.60217, 33.26612 ], [ -116.5867, 33.25763 ], [ -116.57882, 33.25746 ], [ -116.57723, 33.25504 ], [ -116.57894, 33.25373 ], [ -116.58046, 33.25324 ], [ -116.58762, 33.25413 ], [ -116.58978, 33.2534 ], [ -116.59282, 33.25345 ], [ -116.59527, 33.25308 ], [ -116.59794, 33.25167 ], [ -116.59923, 33.25003 ], [ -116.60073, 33.24584 ], [ -116.60261, 33.24395 ], [ -116.60295, 33.24012 ], [ -116.60481, 33.23629 ], [ -116.60596, 33.23496 ], [ -116.6082, 33.23349 ], [ -116.60942, 33.23312 ], [ -116.61101, 33.23306 ], [ -116.6168, 33.23596 ], [ -116.62382, 33.23855 ], [ -116.62917, 33.2395 ], [ -116.63676, 33.23899 ], [ -116.63929, 33.23941 ], [ -116.64312, 33.24085 ], [ -116.64616, 33.24139 ], [ -116.65035, 33.24107 ], [ -116.65476, 33.24142 ], [ -116.6586, 33.24396 ], [ -116.65997, 33.24408 ], [ -116.66365, 33.24346 ], [ -116.66596, 33.24272 ], [ -116.66834, 33.24089 ], [ -116.67004, 33.23542 ], [ -116.67248, 33.23183 ], [ -116.67298, 33.22946 ], [ -116.67282, 33.2274 ], [ -116.67202, 33.22479 ], [ -116.67078, 33.22261 ], [ -116.66627, 33.21728 ], [ -116.66055, 33.21396 ], [ -116.65135, 33.20726 ], [ -116.64801, 33.20411 ], [ -116.64518, 33.20084 ], [ -116.64402, 33.19902 ], [ -116.64371, 33.19526 ], [ -116.64291, 33.19332 ], [ -116.64211, 33.19241 ], [ -116.63965, 33.1912 ], [ -116.6395, 33.19017 ], [ -116.641, 33.18815 ], [ -116.64802, 33.19217 ], [ -116.65161, 33.19602 ], [ -116.66866, 33.19768 ], [ -116.70991, 33.19748 ], [ -116.71028, 33.19974 ], [ -116.71436, 33.20148 ], [ -116.71934, 33.20243 ], [ -116.72208, 33.20335 ], [ -116.72675, 33.2065 ], [ -116.7303, 33.20812 ], [ -116.73359, 33.21093 ], [ -116.73665, 33.21166 ], [ -116.73804, 33.21233 ], [ -116.74078, 33.21523 ], [ -116.74563, 33.2179 ], [ -116.7532, 33.22381 ], [ -116.75866, 33.22971 ], [ -116.75922, 33.23085 ], [ -116.75999, 33.23404 ], [ -116.76228, 33.23676 ], [ -116.76486, 33.2381 ], [ -116.77068, 33.23919 ], [ -116.77063, 33.24078 ], [ -116.76372, 33.2407 ], [ -116.76214, 33.24231 ], [ -116.76228, 33.24458 ], [ -116.76205, 33.24558 ], [ -116.7614, 33.24631 ], [ -116.76185, 33.24691 ], [ -116.76009, 33.24653 ], [ -116.75895, 33.24712 ], [ -116.75829, 33.24698 ], [ -116.75585, 33.24786 ], [ -116.75433, 33.25447 ], [ -116.75728, 33.25443 ], [ -116.75771, 33.25811 ], [ -116.76132, 33.25828 ], [ -116.76141, 33.26194 ], [ -116.75755, 33.26171 ], [ -116.75737, 33.2652 ], [ -116.75295, 33.26514 ], [ -116.75123, 33.27682 ], [ -116.75939, 33.28915 ], [ -116.77758, 33.29884 ], [ -116.77905, 33.2987 ], [ -116.77893, 33.30584 ], [ -116.77447, 33.30625 ], [ -116.7747, 33.30951 ], [ -116.77024, 33.30968 ], [ -116.77004, 33.30592 ], [ -116.76467, 33.30697 ], [ -116.75081, 33.29944 ], [ -116.75081, 33.2998 ], [ -116.74905, 33.29978 ], [ -116.74705, 33.29904 ], [ -116.71888, 33.29926 ], [ -116.71967, 33.32206 ], [ -116.73674, 33.32182 ], [ -116.73637, 33.33604 ], [ -116.74496, 33.33607 ], [ -116.74492, 33.34335 ], [ -116.75386, 33.34319 ], [ -116.75377, 33.35023 ], [ -116.76265, 33.35027 ], [ -116.76236, 33.35763 ], [ -116.77107, 33.35785 ], [ -116.771, 33.36513 ], [ -116.78014, 33.36428 ], [ -116.78024, 33.37146 ], [ -116.78855, 33.37044 ], [ -116.79331, 33.37051 ], [ -116.79319, 33.37408 ], [ -116.80181, 33.37401 ], [ -116.80171, 33.37756 ], [ -116.79741, 33.3776 ], [ -116.79711, 33.38476 ], [ -116.80582, 33.38459 ], [ -116.80493, 33.39189 ], [ -116.81389, 33.39153 ], [ -116.81346, 33.39827 ], [ -116.83015, 33.39758 ], [ -116.83035, 33.405 ], [ -116.84804, 33.40522 ], [ -116.84853, 33.41223 ], [ -116.8573, 33.4123 ], [ -116.85711, 33.42684 ], [ -116.77054, 33.42707 ], [ -116.71976, 33.42757 ], [ -116.63399, 33.42713 ] ] ] ] } },
{ "type": "Feature", "properties": { "police_beat": 821 }, "geometry": { "type": "MultiPolygon", "coordinates": [ [ [ [ -117.05371, 32.76989 ], [ -117.05369, 32.76913 ], [ -117.04708, 32.76925 ], [ -117.0471, 32.76977 ], [ -117.04045, 32.76989 ], [ -117.04044, 32.76955 ], [ -117.03907, 32.7696 ], [ -117.03905, 32.76899 ], [ -117.04032, 32.76896 ], [ -117.0403, 32.76766 ], [ -117.0456, 32.76756 ], [ -117.04558, 32.76601 ], [ -117.05113, 32.76601 ], [ -117.05116, 32.76325 ], [ -117.05335, 32.76327 ], [ -117.05348, 32.75577 ], [ -117.04913, 32.75566 ], [ -117.04913, 32.75519 ], [ -117.05591, 32.75535 ], [ -117.06447, 32.75285 ], [ -117.06612, 32.75624 ], [ -117.06635, 32.75943 ], [ -117.06703, 32.76068 ], [ -117.06685, 32.76518 ], [ -117.06303, 32.76518 ], [ -117.06317, 32.76407 ], [ -117.06072, 32.76573 ], [ -117.06107, 32.76605 ], [ -117.05976, 32.76734 ], [ -117.05861, 32.76754 ], [ -117.05856, 32.76705 ], [ -117.05626, 32.76781 ], [ -117.05642, 32.76795 ], [ -117.0555, 32.76838 ], [ -117.05553, 32.76881 ], [ -117.05653, 32.76901 ], [ -117.05604, 32.77037 ], [ -117.05505, 32.76988 ], [ -117.05371, 32.76989 ] ] ], [ [ [ -116.81414, 33.26615 ], [ -116.8145, 33.25612 ], [ -116.84058, 33.25621 ], [ -116.84073, 33.27072 ], [ -116.81454, 33.27042 ], [ -116.81414, 33.26615 ] ] ] ] } },
{ "type": "Feature", "properties": { "police_beat": 822 }, "geometry": { "type": "MultiPolygon", "coordinates": [ [ [ [ -117.067, 32.76058 ], [ -117.06634, 32.75941 ], [ -117.06616, 32.75638 ], [ -117.06447, 32.75285 ], [ -117.06739, 32.75191 ], [ -117.07116, 32.75 ], [ -117.07948, 32.74449 ], [ -117.07937, 32.75837 ], [ -117.07612, 32.7587 ], [ -117.07602, 32.75911 ], [ -117.07246, 32.75919 ], [ -117.07171, 32.75955 ], [ -117.07175, 32.75992 ], [ -117.07127, 32.75993 ], [ -117.07128, 32.76018 ], [ -117.07028, 32.76035 ], [ -117.07028, 32.76075 ], [ -117.06881, 32.76106 ], [ -117.06881, 32.76157 ], [ -117.06815, 32.76156 ], [ -117.06771, 32.76202 ], [ -117.06713, 32.76184 ], [ -117.067, 32.76058 ] ] ], [ [ [ -116.56734, 33.36289 ], [ -116.56766, 33.34839 ], [ -116.56689, 33.34151 ], [ -116.61647, 33.34173 ], [ -116.61465, 33.32733 ], [ -116.61503, 33.27736 ], [ -116.61557, 33.27735 ], [ -116.61558, 33.27393 ], [ -116.61742, 33.27519 ], [ -116.62049, 33.28159 ], [ -116.62143, 33.28235 ], [ -116.62377, 33.28855 ], [ -116.64377, 33.29956 ], [ -116.66369, 33.30761 ], [ -116.67078, 33.31408 ], [ -116.68059, 33.32411 ], [ -116.68261, 33.32866 ], [ -116.69753, 33.33332 ], [ -116.70139, 33.33422 ], [ -116.7113, 33.34003 ], [ -116.71903, 33.3426 ], [ -116.71927, 33.36261 ], [ -116.71099, 33.36225 ], [ -116.70221, 33.36231 ], [ -116.69335, 33.36288 ], [ -116.68596, 33.36257 ], [ -116.66964, 33.36268 ], [ -116.65227, 33.36354 ], [ -116.6527, 33.35683 ], [ -116.65504, 33.34879 ], [ -116.64619, 33.34951 ], [ -116.61792, 33.34883 ], [ -116.61784, 33.36337 ], [ -116.60154, 33.36318 ], [ -116.59356, 33.36377 ], [ -116.56734, 33.36289 ] ] ] ] } },
{ "type": "Feature", "properties": { "police_beat": 823 }, "geometry": { "type": "MultiPolygon", "coordinates": [ [ [ [ -117.06196, 32.74396 ], [ -117.06943, 32.74451 ], [ -117.07233, 32.74296 ], [ -117.07447, 32.74252 ], [ -117.077, 32.74259 ], [ -117.07952, 32.74317 ], [ -117.07948, 32.74449 ], [ -117.07124, 32.74995 ], [ -117.06741, 32.7519 ], [ -117.06447, 32.75285 ], [ -117.06271, 32.75039 ], [ -117.06159, 32.74703 ], [ -117.06056, 32.74623 ], [ -117.05872, 32.74568 ], [ -117.05964, 32.74458 ], [ -117.06196, 32.74396 ] ] ], [ [ [ -116.50154, 33.34128 ], [ -116.50081, 33.25257 ], [ -116.51819, 33.25298 ], [ -116.55098, 33.25276 ], [ -116.55063, 33.23874 ], [ -116.56843, 33.23858 ], [ -116.57217, 33.24742 ], [ -116.57882, 33.25746 ], [ -116.5867, 33.25763 ], [ -116.60217, 33.26612 ], [ -116.60207, 33.26703 ], [ -116.5891, 33.26697 ], [ -116.58874, 33.27049 ], [ -116.60601, 33.27053 ], [ -116.60638, 33.26841 ], [ -116.61053, 33.27066 ], [ -116.61049, 33.27399 ], [ -116.6018, 33.27402 ], [ -116.60191, 33.27756 ], [ -116.61503, 33.2775 ], [ -116.61465, 33.32733 ], [ -116.61647, 33.34173 ], [ -116.50154, 33.34128 ] ], [ [ -116.59773, 33.28106 ], [ -116.59791, 33.28463 ], [ -116.59347, 33.28467 ], [ -116.5933, 33.28841 ], [ -116.58896, 33.28843 ], [ -116.5889, 33.29213 ], [ -116.58447, 33.29214 ], [ -116.58441, 33.29581 ], [ -116.59749, 33.29587 ], [ -116.59777, 33.28835 ], [ -116.60211, 33.2883 ], [ -116.60198, 33.28103 ], [ -116.59773, 33.28106 ] ], [ [ -116.51784, 33.26349 ], [ -116.51772, 33.26698 ], [ -116.52603, 33.26684 ], [ -116.52607, 33.26341 ], [ -116.51784, 33.26349 ] ] ] ] } },
{ "type": "Feature", "properties": { "police_beat": 824 }, "geometry": { "type": "MultiPolygon", "coordinates": [ [ [ [ -117.08599, 32.77005 ], [ -117.0853, 32.76862 ], [ -117.0838, 32.76672 ], [ -117.08335, 32.76328 ], [ -117.08298, 32.76242 ], [ -117.08206, 32.76103 ], [ -117.07957, 32.75897 ], [ -117.07935, 32.75783 ], [ -117.09945, 32.75507 ], [ -117.10081, 32.75512 ], [ -117.10112, 32.75884 ], [ -117.09778, 32.76226 ], [ -117.097, 32.76374 ], [ -117.09685, 32.77076 ], [ -117.09707, 32.77241 ], [ -117.09429, 32.77168 ], [ -117.09113, 32.76997 ], [ -117.0886, 32.76957 ], [ -117.08599, 32.77005 ] ] ], [ [ [ -116.79268, 33.25413 ], [ -116.79049, 33.25123 ], [ -116.787, 33.24966 ], [ -116.77857, 33.24291 ], [ -116.77362, 33.23989 ], [ -116.77068, 33.23919 ], [ -116.77074, 33.22615 ], [ -116.79742, 33.22605 ], [ -116.79738, 33.21872 ], [ -116.80596, 33.21875 ], [ -116.80581, 33.20426 ], [ -116.81446, 33.20442 ], [ -116.81447, 33.18978 ], [ -116.79708, 33.18966 ], [ -116.79689, 33.16824 ], [ -116.77992, 33.1683 ], [ -116.78011, 33.15721 ], [ -116.77968, 33.15302 ], [ -116.77971, 33.14614 ], [ -116.79304, 33.14612 ], [ -116.79308, 33.13875 ], [ -116.7891, 33.13878 ], [ -116.78896, 33.11987 ], [ -116.7904, 33.12 ], [ -116.79197, 33.12074 ], [ -116.79314, 33.12313 ], [ -116.7942, 33.12423 ], [ -116.7998, 33.12321 ], [ -116.80005, 33.12374 ], [ -116.80201, 33.12408 ], [ -116.8021, 33.12462 ], [ -116.80297, 33.12549 ], [ -116.80397, 33.12592 ], [ -116.80339, 33.12659 ], [ -116.80365, 33.12708 ], [ -116.80761, 33.12632 ], [ -116.80838, 33.12563 ], [ -116.80892, 33.12307 ], [ -116.81029, 33.12252 ], [ -116.81159, 33.12285 ], [ -116.81377, 33.12439 ], [ -116.8171, 33.12374 ], [ -116.81714, 33.12458 ], [ -116.81755, 33.12516 ], [ -116.81742, 33.12565 ], [ -116.81794, 33.12644 ], [ -116.81772, 33.12746 ], [ -116.82064, 33.12693 ], [ -116.82174, 33.12704 ], [ -116.82245, 33.12755 ], [ -116.82286, 33.12712 ], [ -116.82365, 33.12744 ], [ -116.82548, 33.12729 ], [ -116.8277, 33.12791 ], [ -116.82935, 33.12776 ], [ -116.83006, 33.128 ], [ -116.83129, 33.12737 ], [ -116.83194, 33.12738 ], [ -116.83382, 33.12968 ], [ -116.83369, 33.1314 ], [ -116.83422, 33.13278 ], [ -116.83362, 33.13358 ], [ -116.83367, 33.13622 ], [ -116.83519, 33.13563 ], [ -116.83639, 33.13634 ], [ -116.83743, 33.13589 ], [ -116.83805, 33.13518 ], [ -116.83779, 33.13589 ], [ -116.83683, 33.13664 ], [ -116.83663, 33.13742 ], [ -116.83577, 33.13836 ], [ -116.8352, 33.14001 ], [ -116.83365, 33.14148 ], [ -116.83276, 33.14352 ], [ -116.83194, 33.14342 ], [ -116.83186, 33.14277 ], [ -116.83099, 33.14227 ], [ -116.83044, 33.14146 ], [ -116.82973, 33.13973 ], [ -116.82904, 33.1393 ], [ -116.82678, 33.13917 ], [ -116.82442, 33.14014 ], [ -116.82397, 33.13996 ], [ -116.822, 33.14259 ], [ -116.82168, 33.14078 ], [ -116.82123, 33.1408 ], [ -116.82056, 33.14142 ], [ -116.82038, 33.14225 ], [ -116.81975, 33.14261 ], [ -116.82076, 33.14367 ], [ -116.82092, 33.14519 ], [ -116.82364, 33.14369 ], [ -116.82534, 33.14325 ], [ -116.82571, 33.1434 ], [ -116.82561, 33.1438 ], [ -116.82615, 33.14489 ], [ -116.82302, 33.14551 ], [ -116.82216, 33.14644 ], [ -116.82168, 33.14758 ], [ -116.82047, 33.14772 ], [ -116.8192, 33.14867 ], [ -116.81858, 33.14993 ], [ -116.81858, 33.15157 ], [ -116.81732, 33.15297 ], [ -116.8165, 33.15554 ], [ -116.81664, 33.15673 ], [ -116.81602, 33.15799 ], [ -116.81641, 33.15833 ], [ -116.81747, 33.15819 ], [ -116.81821, 33.15888 ], [ -116.81869, 33.15843 ], [ -116.81962, 33.15855 ], [ -116.82042, 33.15936 ], [ -116.89313, 33.16744 ], [ -116.89311, 33.16997 ], [ -116.88892, 33.17314 ], [ -116.88754, 33.17412 ], [ -116.87889, 33.17772 ], [ -116.8794, 33.18092 ], [ -116.87725, 33.1846 ], [ -116.87369, 33.19429 ], [ -116.86769, 33.20202 ], [ -116.86176, 33.20459 ], [ -116.84914, 33.20461 ], [ -116.84917, 33.21206 ], [ -116.84123, 33.21191 ], [ -116.84116, 33.25018 ], [ -116.84058, 33.25621 ], [ -116.8145, 33.25612 ], [ -116.81418, 33.26547 ], [ -116.80869, 33.26264 ], [ -116.80543, 33.26231 ], [ -116.80365, 33.26171 ], [ -116.80055, 33.25901 ], [ -116.79268, 33.25413 ] ] ] ] } },
{ "type": "Feature", "properties": { "police_beat": 825 }, "geometry": { "type": "MultiPolygon", "coordinates": [ [ [ [ -117.097, 32.76374 ], [ -117.09778, 32.76226 ], [ -117.10112, 32.75884 ], [ -117.10081, 32.75512 ], [ -117.10933, 32.75518 ], [ -117.10919, 32.76411 ], [ -117.10983, 32.76575 ], [ -117.11177, 32.7686 ], [ -117.11266, 32.77249 ], [ -117.11148, 32.77622 ], [ -117.10942, 32.77705 ], [ -117.10435, 32.77699 ], [ -117.10369, 32.77547 ], [ -117.10336, 32.77599 ], [ -117.10209, 32.77576 ], [ -117.10095, 32.77712 ], [ -117.10032, 32.77739 ], [ -117.09801, 32.77458 ], [ -117.09706, 32.77237 ], [ -117.097, 32.76374 ] ] ], [ [ [ -116.74096, 33.09438 ], [ -116.74102, 33.08894 ], [ -116.74306, 33.08895 ], [ -116.74409, 33.08846 ], [ -116.74501, 33.08339 ], [ -116.74547, 33.08289 ], [ -116.74522, 33.08186 ], [ -116.74542, 33.07998 ], [ -116.74617, 33.07799 ], [ -116.74611, 33.0741 ], [ -116.74469, 33.07185 ], [ -116.74502, 33.07042 ], [ -116.74469, 33.06928 ], [ -116.74519, 33.06781 ], [ -116.7447, 33.06621 ], [ -116.74538, 33.06773 ], [ -116.74495, 33.06905 ], [ -116.74522, 33.07043 ], [ -116.74488, 33.07185 ], [ -116.74628, 33.07402 ], [ -116.74625, 33.07998 ], [ -116.75053, 33.08 ], [ -116.75072, 33.0763 ], [ -116.7593, 33.07636 ], [ -116.75915, 33.08001 ], [ -116.75851, 33.08001 ], [ -116.75867, 33.08742 ], [ -116.76294, 33.08749 ], [ -116.763, 33.09097 ], [ -116.75872, 33.09098 ], [ -116.75869, 33.09819 ], [ -116.75438, 33.09824 ], [ -116.75427, 33.10185 ], [ -116.74546, 33.1019 ], [ -116.74534, 33.09441 ], [ -116.74096, 33.09438 ] ] ], [ [ [ -116.73266, 33.11669 ], [ -116.73254, 33.11295 ], [ -116.72828, 33.11298 ], [ -116.7282, 33.10929 ], [ -116.72398, 33.10934 ], [ -116.724, 33.09452 ], [ -116.72818, 33.09446 ], [ -116.7282, 33.10195 ], [ -116.73243, 33.10194 ], [ -116.7325, 33.10924 ], [ -116.73672, 33.1092 ], [ -116.7368, 33.11289 ], [ -116.74543, 33.11289 ], [ -116.74551, 33.11663 ], [ -116.74983, 33.11661 ], [ -116.74993, 33.12419 ], [ -116.73281, 33.12415 ], [ -116.73275, 33.1204 ], [ -116.72844, 33.1204 ], [ -116.72837, 33.11675 ], [ -116.73266, 33.11669 ] ] ], [ [ [ -116.78903, 33.14234 ], [ -116.78462, 33.14229 ], [ -116.78466, 33.13879 ], [ -116.79308, 33.13875 ], [ -116.79304, 33.14612 ], [ -116.78904, 33.1461 ], [ -116.78903, 33.14234 ] ] ] ] } },
{ "type": "Feature", "properties": { "police_beat": 826 }, "geometry": { "type": "MultiPolygon", "coordinates": [ [ [ [ -117.08607, 32.74912 ], [ -117.08767, 32.7495 ], [ -117.09228, 32.74954 ], [ -117.0922, 32.75607 ], [ -117.07935, 32.75783 ], [ -117.07944, 32.74879 ], [ -117.08607, 32.74912 ] ] ], [ [ [ -116.76285, 33.15698 ], [ -116.75845, 33.15693 ], [ -116.75846, 33.15316 ], [ -116.75411, 33.15313 ], [ -116.75435, 33.14598 ], [ -116.75008, 33.14599 ], [ -116.75008, 33.13866 ], [ -116.72432, 33.13848 ], [ -116.71994, 33.13029 ], [ -116.71993, 33.12392 ], [ -116.77151, 33.12419 ], [ -116.77163, 33.13883 ], [ -116.77126, 33.1683 ], [ -116.75402, 33.16819 ], [ -116.75408, 33.16434 ], [ -116.75842, 33.16413 ], [ -116.75844, 33.16069 ], [ -116.7628, 33.16073 ], [ -116.76285, 33.15698 ] ] ], [ [ [ -116.63357, 33.18359 ], [ -116.63725, 33.16904 ], [ -116.62165, 33.1694 ], [ -116.6163, 33.15916 ], [ -116.61629, 33.15193 ], [ -116.61668, 33.1446 ], [ -116.61608, 33.12159 ], [ -116.63537, 33.13001 ], [ -116.63822, 33.13266 ], [ -116.65087, 33.13807 ], [ -116.6725, 33.1527 ], [ -116.67493, 33.15919 ], [ -116.67621, 33.16073 ], [ -116.68076, 33.16471 ], [ -116.68413, 33.17103 ], [ -116.68538, 33.17279 ], [ -116.70075, 33.18703 ], [ -116.70862, 33.19531 ], [ -116.70991, 33.19748 ], [ -116.66866, 33.19768 ], [ -116.65161, 33.19602 ], [ -116.64802, 33.19217 ], [ -116.63869, 33.18682 ], [ -116.63156, 33.18855 ], [ -116.62632, 33.19776 ], [ -116.61545, 33.19809 ], [ -116.61601, 33.19201 ], [ -116.61586, 33.18458 ], [ -116.63357, 33.18359 ] ] ], [ [ [ -116.77128, 33.19693 ], [ -116.7195, 33.19726 ], [ -116.71951, 33.18293 ], [ -116.7798, 33.18242 ], [ -116.77991, 33.18969 ], [ -116.78848, 33.18965 ], [ -116.78879, 33.20401 ], [ -116.77122, 33.20407 ], [ -116.77128, 33.19693 ] ] ] ] } },
{ "type": "Feature", "properties": { "police_beat": 827 }, "geometry": { "type": "MultiPolygon", "coordinates": [ [ [ [ -117.07944, 32.74879 ], [ -117.07949, 32.74418 ], [ -117.0818, 32.74294 ], [ -117.08808, 32.73615 ], [ -117.08943, 32.7369 ], [ -117.09223, 32.73711 ], [ -117.09224, 32.73801 ], [ -117.09178, 32.73775 ], [ -117.09054, 32.73913 ], [ -117.0899, 32.73913 ], [ -117.08993, 32.74126 ], [ -117.08824, 32.74136 ], [ -117.08806, 32.74412 ], [ -117.08595, 32.74411 ], [ -117.08594, 32.7445 ], [ -117.08635, 32.74451 ], [ -117.0875, 32.7463 ], [ -117.08802, 32.7461 ], [ -117.08799, 32.7495 ], [ -117.08586, 32.74911 ], [ -117.07944, 32.74879 ] ] ], [ [ [ -116.75243, 33.22312 ], [ -116.74754, 33.21964 ], [ -116.74559, 33.21788 ], [ -116.74082, 33.21525 ], [ -116.73776, 33.21215 ], [ -116.73359, 33.21093 ], [ -116.7303, 33.20812 ], [ -116.72675, 33.2065 ], [ -116.72205, 33.20334 ], [ -116.71931, 33.20242 ], [ -116.71436, 33.20148 ], [ -116.71028, 33.19974 ], [ -116.70984, 33.19731 ], [ -116.70849, 33.19516 ], [ -116.69997, 33.18625 ], [ -116.68511, 33.17246 ], [ -116.68076, 33.16471 ], [ -116.6762, 33.16072 ], [ -116.67493, 33.15918 ], [ -116.6725, 33.1527 ], [ -116.66002, 33.14424 ], [ -116.66547, 33.1397 ], [ -116.66271, 33.13278 ], [ -116.66459, 33.13198 ], [ -116.66488, 33.13016 ], [ -116.66619, 33.12976 ], [ -116.66937, 33.12971 ], [ -116.67109, 33.12842 ], [ -116.67409, 33.12875 ], [ -116.67686, 33.12781 ], [ -116.67902, 33.12768 ], [ -116.68026, 33.12586 ], [ -116.68199, 33.12549 ], [ -116.68238, 33.12423 ], [ -116.6839, 33.12327 ], [ -116.68436, 33.12229 ], [ -116.68562, 33.12197 ], [ -116.68642, 33.12138 ], [ -116.68731, 33.12039 ], [ -116.68876, 33.11782 ], [ -116.69048, 33.11643 ], [ -116.69358, 33.11648 ], [ -116.69881, 33.11751 ], [ -116.69984, 33.11721 ], [ -116.70404, 33.11734 ], [ -116.70551, 33.11668 ], [ -116.70588, 33.11522 ], [ -116.70652, 33.11442 ], [ -116.71011, 33.11286 ], [ -116.71178, 33.11245 ], [ -116.71275, 33.11308 ], [ -116.71508, 33.11361 ], [ -116.71559, 33.11301 ], [ -116.71567, 33.11207 ], [ -116.71631, 33.1107 ], [ -116.71761, 33.11056 ], [ -116.71867, 33.11092 ], [ -116.71955, 33.11054 ], [ -116.72202, 33.11062 ], [ -116.72302, 33.11131 ], [ -116.72823, 33.11064 ], [ -116.72828, 33.11298 ], [ -116.73254, 33.11295 ], [ -116.73266, 33.11669 ], [ -116.72837, 33.11669 ], [ -116.72844, 33.1204 ], [ -116.73275, 33.1204 ], [ -116.73281, 33.12415 ], [ -116.71993, 33.12392 ], [ -116.71994, 33.13029 ], [ -116.72432, 33.13848 ], [ -116.75008, 33.13866 ], [ -116.75008, 33.14599 ], [ -116.75435, 33.14598 ], [ -116.75411, 33.15313 ], [ -116.75846, 33.15316 ], [ -116.75845, 33.15693 ], [ -116.76285, 33.15698 ], [ -116.7628, 33.16073 ], [ -116.75844, 33.16069 ], [ -116.75842, 33.16413 ], [ -116.75408, 33.16434 ], [ -116.75402, 33.16819 ], [ -116.77126, 33.1683 ], [ -116.77163, 33.13883 ], [ -116.77151, 33.12419 ], [ -116.74993, 33.12419 ], [ -116.74983, 33.11661 ], [ -116.74551, 33.11663 ], [ -116.74543, 33.11289 ], [ -116.7368, 33.11289 ], [ -116.73672, 33.1092 ], [ -116.7325, 33.10924 ], [ -116.73243, 33.10194 ], [ -116.7282, 33.10195 ], [ -116.72818, 33.09446 ], [ -116.73105, 33.09476 ], [ -116.73091, 33.09896 ], [ -116.73152, 33.09952 ], [ -116.73826, 33.09842 ], [ -116.74551, 33.09823 ], [ -116.74546, 33.1019 ], [ -116.75427, 33.10185 ], [ -116.75438, 33.09824 ], [ -116.77851, 33.09802 ], [ -116.78077, 33.09866 ], [ -116.78271, 33.10081 ], [ -116.78417, 33.10166 ], [ -116.78885, 33.10178 ], [ -116.78871, 33.11837 ], [ -116.78896, 33.11987 ], [ -116.7891, 33.13878 ], [ -116.78466, 33.13879 ], [ -116.78462, 33.14229 ], [ -116.78903, 33.14234 ], [ -116.78906, 33.14597 ], [ -116.77971, 33.14614 ], [ -116.77968, 33.15302 ], [ -116.78011, 33.15721 ], [ -116.77992, 33.1683 ], [ -116.79689, 33.16824 ], [ -116.79708, 33.18966 ], [ -116.81447, 33.18978 ], [ -116.81446, 33.20442 ], [ -116.80581, 33.20426 ], [ -116.80596, 33.21875 ], [ -116.79738, 33.21872 ], [ -116.79742, 33.22605 ], [ -116.77074, 33.22615 ], [ -116.77068, 33.23919 ], [ -116.76485, 33.2381 ], [ -116.76222, 33.23671 ], [ -116.75997, 33.23402 ], [ -116.75872, 33.22981 ], [ -116.75243, 33.22312 ] ], [ [ -116.71951, 33.18293 ], [ -116.7195, 33.19726 ], [ -116.77128, 33.19693 ], [ -116.77122, 33.20407 ], [ -116.78879, 33.20401 ], [ -116.78848, 33.18965 ], [ -116.77991, 33.18969 ], [ -116.7798, 33.18242 ], [ -116.71951, 33.18293 ] ] ] ] } },
{ "type": "Feature", "properties": { "police_beat": 828 }, "geometry": { "type": "MultiPolygon", "coordinates": [ [ [ [ -117.08799, 32.7495 ], [ -117.08802, 32.7461 ], [ -117.0875, 32.7463 ], [ -117.08635, 32.74451 ], [ -117.08594, 32.7445 ], [ -117.08595, 32.74411 ], [ -117.08806, 32.74412 ], [ -117.08824, 32.74136 ], [ -117.08993, 32.74126 ], [ -117.08994, 32.74257 ], [ -117.09232, 32.74344 ], [ -117.09228, 32.74954 ], [ -117.08799, 32.7495 ] ] ], [ [ [ -116.49984, 33.24679 ], [ -116.49895, 33.24676 ], [ -116.49921, 33.24264 ], [ -116.49043, 33.24256 ], [ -116.49132, 33.23887 ], [ -116.49129, 33.22821 ], [ -116.4956, 33.22815 ], [ -116.49559, 33.22465 ], [ -116.4915, 33.22471 ], [ -116.49138, 33.22127 ], [ -116.49565, 33.22119 ], [ -116.49553, 33.21766 ], [ -116.49769, 33.21764 ], [ -116.49764, 33.21587 ], [ -116.49547, 33.21588 ], [ -116.49528, 33.21039 ], [ -116.50396, 33.21035 ], [ -116.50405, 33.203 ], [ -116.49983, 33.20305 ], [ -116.49997, 33.19577 ], [ -116.50833, 33.1956 ], [ -116.50838, 33.19192 ], [ -116.5167, 33.19206 ], [ -116.51694, 33.18504 ], [ -116.5128, 33.18479 ], [ -116.51282, 33.18415 ], [ -116.51699, 33.18441 ], [ -116.51721, 33.18155 ], [ -116.51647, 33.16892 ], [ -116.51404, 33.15087 ], [ -116.5121, 33.12653 ], [ -116.49214, 33.10875 ], [ -116.48381, 33.10176 ], [ -116.45563, 33.10312 ], [ -116.45562, 33.10524 ], [ -116.45127, 33.10562 ], [ -116.45115, 33.11306 ], [ -116.44669, 33.113 ], [ -116.44655, 33.11706 ], [ -116.43781, 33.11697 ], [ -116.43782, 33.11677 ], [ -116.44104, 33.11507 ], [ -116.44289, 33.11467 ], [ -116.44474, 33.1129 ], [ -116.44577, 33.1125 ], [ -116.44666, 33.11125 ], [ -116.44902, 33.11064 ], [ -116.44917, 33.10898 ], [ -116.45076, 33.10788 ], [ -116.45078, 33.10631 ], [ -116.45113, 33.10561 ], [ -116.45301, 33.10434 ], [ -116.45411, 33.10305 ], [ -116.45874, 33.10086 ], [ -116.4682, 33.09956 ], [ -116.48125, 33.09449 ], [ -116.53178, 33.07843 ], [ -116.53295, 33.07779 ], [ -116.53468, 33.07597 ], [ -116.538, 33.074 ], [ -116.53896, 33.07305 ], [ -116.54307, 33.07088 ], [ -116.54444, 33.07068 ], [ -116.5467, 33.06881 ], [ -116.54791, 33.06726 ], [ -116.54843, 33.06724 ], [ -116.54972, 33.06817 ], [ -116.55144, 33.06818 ], [ -116.55241, 33.06762 ], [ -116.55309, 33.06643 ], [ -116.55347, 33.06632 ], [ -116.55368, 33.06746 ], [ -116.55329, 33.06797 ], [ -116.55166, 33.06912 ], [ -116.5499, 33.06952 ], [ -116.54902, 33.07012 ], [ -116.54851, 33.07112 ], [ -116.54855, 33.0723 ], [ -116.54971, 33.07492 ], [ -116.55339, 33.07777 ], [ -116.5568, 33.08254 ], [ -116.56034, 33.08545 ], [ -116.56202, 33.08885 ], [ -116.56723, 33.09206 ], [ -116.57197, 33.0962 ], [ -116.57544, 33.09811 ], [ -116.57738, 33.10016 ], [ -116.578, 33.1013 ], [ -116.57834, 33.10241 ], [ -116.57765, 33.10318 ], [ -116.57746, 33.10525 ], [ -116.58011, 33.13219 ], [ -116.58199, 33.14242 ], [ -116.58396, 33.14836 ], [ -116.58568, 33.15072 ], [ -116.58835, 33.15354 ], [ -116.59141, 33.15598 ], [ -116.59361, 33.15737 ], [ -116.59719, 33.15871 ], [ -116.60106, 33.15971 ], [ -116.60505, 33.1603 ], [ -116.61706, 33.1606 ], [ -116.62165, 33.1694 ], [ -116.63725, 33.16904 ], [ -116.63357, 33.18359 ], [ -116.61586, 33.18458 ], [ -116.61601, 33.19201 ], [ -116.61545, 33.19809 ], [ -116.62632, 33.19776 ], [ -116.63156, 33.18855 ], [ -116.63869, 33.18682 ], [ -116.641, 33.18815 ], [ -116.6395, 33.19017 ], [ -116.63965, 33.1912 ], [ -116.64211, 33.19241 ], [ -116.64291, 33.19332 ], [ -116.64371, 33.19526 ], [ -116.64402, 33.19902 ], [ -116.64518, 33.20084 ], [ -116.64801, 33.20411 ], [ -116.65135, 33.20726 ], [ -116.66055, 33.21396 ], [ -116.66627, 33.21728 ], [ -116.67078, 33.22261 ], [ -116.67202, 33.22479 ], [ -116.67282, 33.2274 ], [ -116.67298, 33.22946 ], [ -116.67248, 33.23183 ], [ -116.67004, 33.23542 ], [ -116.66834, 33.24089 ], [ -116.66596, 33.24272 ], [ -116.66214, 33.24383 ], [ -116.65997, 33.24408 ], [ -116.6586, 33.24396 ], [ -116.65476, 33.24142 ], [ -116.65035, 33.24107 ], [ -116.64616, 33.24139 ], [ -116.64312, 33.24085 ], [ -116.63929, 33.23941 ], [ -116.63676, 33.23899 ], [ -116.62917, 33.2395 ], [ -116.62382, 33.23855 ], [ -116.6168, 33.23596 ], [ -116.61101, 33.23306 ], [ -116.60942, 33.23312 ], [ -116.6082, 33.23349 ], [ -116.60596, 33.23496 ], [ -116.60481, 33.23629 ], [ -116.60295, 33.24012 ], [ -116.60261, 33.24395 ], [ -116.60073, 33.24584 ], [ -116.59923, 33.25003 ], [ -116.59794, 33.25167 ], [ -116.59527, 33.25308 ], [ -116.59282, 33.25345 ], [ -116.58978, 33.2534 ], [ -116.58762, 33.25413 ], [ -116.58046, 33.25324 ], [ -116.57894, 33.25373 ], [ -116.57723, 33.25504 ], [ -116.57217, 33.24742 ], [ -116.56843, 33.23858 ], [ -116.56811, 33.23854 ], [ -116.55063, 33.23874 ], [ -116.55098, 33.25276 ], [ -116.51819, 33.25298 ], [ -116.50085, 33.25245 ], [ -116.49984, 33.24679 ] ] ] ] } },
{ "type": "Feature", "properties": { "police_beat": 829 }, "geometry": { "type": "MultiPolygon", "coordinates": [ [ [ [ -117.09178, 32.73775 ], [ -117.09224, 32.73801 ], [ -117.09232, 32.74344 ], [ -117.08994, 32.74257 ], [ -117.0899, 32.73913 ], [ -117.09054, 32.73913 ], [ -117.09178, 32.73775 ] ] ], [ [ [ -116.65884, 33.07987 ], [ -116.66006, 33.07987 ], [ -116.66067, 33.06412 ], [ -116.61771, 33.06344 ], [ -116.59258, 33.06403 ], [ -116.58396, 33.06386 ], [ -116.58418, 33.04972 ], [ -116.56705, 33.0497 ], [ -116.56665, 33.02106 ], [ -116.59685, 33.02109 ], [ -116.59708, 33.02817 ], [ -116.60563, 33.02809 ], [ -116.60548, 33.02095 ], [ -116.60973, 33.02082 ], [ -116.60991, 33.00601 ], [ -116.61817, 33.00611 ], [ -116.61824, 32.99137 ], [ -116.60983, 32.99126 ], [ -116.61019, 32.97641 ], [ -116.61097, 32.9614 ], [ -116.65825, 32.96496 ], [ -116.66011, 32.96403 ], [ -116.66102, 32.96323 ], [ -116.66301, 32.96378 ], [ -116.6658, 32.96315 ], [ -116.66664, 32.96363 ], [ -116.66716, 32.9648 ], [ -116.66847, 32.96481 ], [ -116.67086, 32.96599 ], [ -116.67144, 32.96582 ], [ -116.67321, 32.96633 ], [ -116.67548, 32.9678 ], [ -116.6756, 32.96822 ], [ -116.67491, 32.96937 ], [ -116.67524, 32.96981 ], [ -116.67627, 32.97007 ], [ -116.67707, 32.96987 ], [ -116.68039, 32.9709 ], [ -116.68053, 32.96948 ], [ -116.68087, 32.96892 ], [ -116.68221, 32.96813 ], [ -116.68813, 32.96996 ], [ -116.68886, 32.97077 ], [ -116.68846, 32.97109 ], [ -116.68857, 32.97173 ], [ -116.68756, 32.97402 ], [ -116.68819, 32.97525 ], [ -116.69113, 32.97553 ], [ -116.69428, 32.97382 ], [ -116.69628, 32.97483 ], [ -116.70086, 32.97376 ], [ -116.70498, 32.97582 ], [ -116.7058, 32.97694 ], [ -116.70699, 32.97672 ], [ -116.70854, 32.97767 ], [ -116.71254, 32.978 ], [ -116.71695, 32.97691 ], [ -116.71942, 32.97747 ], [ -116.72247, 32.97697 ], [ -116.7236, 32.97619 ], [ -116.72608, 32.97537 ], [ -116.73087, 32.97598 ], [ -116.73514, 32.97582 ], [ -116.73619, 32.97523 ], [ -116.73619, 32.9779 ], [ -116.74003, 32.97793 ], [ -116.74126, 32.97926 ], [ -116.74159, 32.98023 ], [ -116.74234, 32.98058 ], [ -116.74333, 32.98166 ], [ -116.74313, 32.98255 ], [ -116.74198, 32.98348 ], [ -116.74042, 32.98646 ], [ -116.73966, 32.98677 ], [ -116.73898, 32.98753 ], [ -116.73895, 32.98845 ], [ -116.73979, 32.98833 ], [ -116.73976, 32.9889 ], [ -116.73858, 32.98954 ], [ -116.73843, 32.99016 ], [ -116.73746, 32.99053 ], [ -116.73699, 32.99112 ], [ -116.73548, 32.99094 ], [ -116.73444, 32.99213 ], [ -116.73394, 32.99215 ], [ -116.73365, 32.99268 ], [ -116.73238, 32.9935 ], [ -116.72814, 32.99395 ], [ -116.72897, 32.99537 ], [ -116.72852, 32.99598 ], [ -116.72927, 32.99661 ], [ -116.7294, 32.99727 ], [ -116.7282, 32.99808 ], [ -116.72807, 32.99926 ], [ -116.72737, 32.99985 ], [ -116.72731, 33.00096 ], [ -116.72598, 33.00141 ], [ -116.72548, 33.0024 ], [ -116.72353, 33.00235 ], [ -116.72294, 33.00335 ], [ -116.72024, 33.0022 ], [ -116.72092, 33.02124 ], [ -116.72111, 33.05033 ], [ -116.72036, 33.07241 ], [ -116.68615, 33.07212 ], [ -116.68591, 33.07987 ], [ -116.6848, 33.07987 ], [ -116.68498, 33.09427 ], [ -116.66776, 33.09423 ], [ -116.66777, 33.10245 ], [ -116.65931, 33.10613 ], [ -116.65941, 33.09944 ], [ -116.65928, 33.09802 ], [ -116.65896, 33.09803 ], [ -116.65884, 33.07987 ] ], [ [ -116.64772, 32.99927 ], [ -116.63506, 32.99912 ], [ -116.63505, 33.00631 ], [ -116.63924, 33.00633 ], [ -116.63935, 33.02062 ], [ -116.65182, 33.02076 ], [ -116.65182, 33.00289 ], [ -116.64774, 33.00287 ], [ -116.64772, 32.99927 ] ], [ [ -116.61813, 33.02045 ], [ -116.62666, 33.02054 ], [ -116.62671, 33.0169 ], [ -116.61813, 33.01684 ], [ -116.61813, 33.02045 ] ] ] ] } },
{ "type": "Feature", "properties": { "police_beat": 830 }, "geometry": { "type": "MultiPolygon", "coordinates": [ [ [ [ -116.63924, 33.00633 ], [ -116.63505, 33.00631 ], [ -116.63506, 32.99912 ], [ -116.64772, 32.99927 ], [ -116.64774, 33.00287 ], [ -116.65182, 33.00289 ], [ -116.65182, 33.02076 ], [ -116.63935, 33.02062 ], [ -116.63924, 33.00633 ] ] ], [ [ [ -116.62671, 33.0169 ], [ -116.62666, 33.02054 ], [ -116.61813, 33.02045 ], [ -116.61813, 33.01684 ], [ -116.62671, 33.0169 ] ] ] ] } },
{ "type": "Feature", "properties": { "police_beat": 831 }, "geometry": { "type": "MultiPolygon", "coordinates": [ [ [ [ -117.09228, 32.74954 ], [ -117.10088, 32.74961 ], [ -117.10081, 32.75512 ], [ -117.0922, 32.75607 ], [ -117.09228, 32.74954 ] ] ], [ [ [ -116.66916, 33.10927 ], [ -116.66802, 33.10667 ], [ -116.66825, 33.10421 ], [ -116.66733, 33.10264 ], [ -116.66777, 33.10245 ], [ -116.66776, 33.09423 ], [ -116.68498, 33.09427 ], [ -116.6848, 33.07987 ], [ -116.68591, 33.07987 ], [ -116.68615, 33.07212 ], [ -116.72036, 33.07241 ], [ -116.72076, 33.05772 ], [ -116.74142, 33.06746 ], [ -116.7382, 33.06926 ], [ -116.73556, 33.07157 ], [ -116.7344, 33.07341 ], [ -116.73347, 33.07626 ], [ -116.72915, 33.07625 ], [ -116.72912, 33.07995 ], [ -116.72616, 33.07994 ], [ -116.72611, 33.08594 ], [ -116.7258, 33.08558 ], [ -116.72215, 33.08656 ], [ -116.72153, 33.08551 ], [ -116.72173, 33.08477 ], [ -116.71978, 33.08478 ], [ -116.71982, 33.09458 ], [ -116.724, 33.09452 ], [ -116.72398, 33.10934 ], [ -116.7282, 33.10929 ], [ -116.72823, 33.11064 ], [ -116.72302, 33.11131 ], [ -116.72202, 33.11062 ], [ -116.71955, 33.11054 ], [ -116.71867, 33.11092 ], [ -116.71761, 33.11056 ], [ -116.71631, 33.1107 ], [ -116.71567, 33.11207 ], [ -116.71559, 33.11301 ], [ -116.71508, 33.11361 ], [ -116.71275, 33.11308 ], [ -116.71178, 33.11245 ], [ -116.71011, 33.11286 ], [ -116.70652, 33.11442 ], [ -116.70588, 33.11522 ], [ -116.70551, 33.11668 ], [ -116.70404, 33.11734 ], [ -116.69984, 33.11721 ], [ -116.69881, 33.11751 ], [ -116.69358, 33.11648 ], [ -116.69064, 33.11637 ], [ -116.68876, 33.11782 ], [ -116.68731, 33.12039 ], [ -116.68642, 33.12138 ], [ -116.68562, 33.12197 ], [ -116.68436, 33.12229 ], [ -116.6839, 33.12327 ], [ -116.68238, 33.12423 ], [ -116.68199, 33.12549 ], [ -116.68026, 33.12586 ], [ -116.67965, 33.127 ], [ -116.67879, 33.12776 ], [ -116.67686, 33.12781 ], [ -116.67467, 33.12852 ], [ -116.66916, 33.10927 ] ] ] ] } },
{ "type": "Feature", "properties": { "police_beat": 832 }, "geometry": { "type": "MultiPolygon", "coordinates": [ [ [ [ -117.1094, 32.74968 ], [ -117.10933, 32.75518 ], [ -117.10081, 32.75512 ], [ -117.101, 32.74961 ], [ -117.1094, 32.74968 ] ] ], [ [ [ -116.60618, 33.16039 ], [ -116.60185, 33.15986 ], [ -116.59764, 33.15885 ], [ -116.59361, 33.15737 ], [ -116.58813, 33.15334 ], [ -116.58586, 33.15094 ], [ -116.58396, 33.14836 ], [ -116.58199, 33.14242 ], [ -116.58011, 33.13219 ], [ -116.57746, 33.10525 ], [ -116.57765, 33.10318 ], [ -116.57834, 33.10241 ], [ -116.578, 33.1013 ], [ -116.57738, 33.10016 ], [ -116.57544, 33.09811 ], [ -116.57197, 33.0962 ], [ -116.56723, 33.09206 ], [ -116.56202, 33.08885 ], [ -116.56034, 33.08545 ], [ -116.5568, 33.08254 ], [ -116.55339, 33.07777 ], [ -116.54971, 33.07492 ], [ -116.54855, 33.0723 ], [ -116.54851, 33.07112 ], [ -116.54902, 33.07012 ], [ -116.5499, 33.06952 ], [ -116.55166, 33.06912 ], [ -116.55329, 33.06797 ], [ -116.55368, 33.06746 ], [ -116.55361, 33.06641 ], [ -116.55315, 33.06637 ], [ -116.5525, 33.06753 ], [ -116.55137, 33.06819 ], [ -116.54967, 33.06816 ], [ -116.54829, 33.0672 ], [ -116.54773, 33.06746 ], [ -116.54692, 33.06708 ], [ -116.54647, 33.06734 ], [ -116.54481, 33.06721 ], [ -116.54564, 33.06665 ], [ -116.54599, 33.06584 ], [ -116.54661, 33.06573 ], [ -116.54675, 33.06455 ], [ -116.54756, 33.0635 ], [ -116.54719, 33.0624 ], [ -116.54656, 33.06217 ], [ -116.54705, 33.06189 ], [ -116.54671, 33.06118 ], [ -116.54689, 33.06049 ], [ -116.54504, 33.05898 ], [ -116.54277, 33.05418 ], [ -116.54229, 33.05385 ], [ -116.54181, 33.05192 ], [ -116.54039, 33.05107 ], [ -116.54074, 33.0506 ], [ -116.53881, 33.05042 ], [ -116.53832, 33.05007 ], [ -116.53877, 33.0493 ], [ -116.53862, 33.04865 ], [ -116.53929, 33.04817 ], [ -116.53937, 33.04688 ], [ -116.54027, 33.04621 ], [ -116.54019, 33.04486 ], [ -116.53896, 33.0439 ], [ -116.53877, 33.04349 ], [ -116.53911, 33.04271 ], [ -116.53836, 33.04264 ], [ -116.53857, 33.04208 ], [ -116.53739, 33.04094 ], [ -116.53785, 33.04025 ], [ -116.53788, 33.03947 ], [ -116.53717, 33.03859 ], [ -116.53723, 33.03809 ], [ -116.53658, 33.03789 ], [ -116.53647, 33.03572 ], [ -116.53614, 33.03491 ], [ -116.53516, 33.03351 ], [ -116.53388, 33.03244 ], [ -116.53178, 33.02867 ], [ -116.53117, 33.02822 ], [ -116.53062, 33.02631 ], [ -116.53008, 33.02587 ], [ -116.53, 33.02376 ], [ -116.52829, 33.02106 ], [ -116.54119, 33.021 ], [ -116.54121, 33.01224 ], [ -116.54024, 33.01059 ], [ -116.54174, 33.01236 ], [ -116.5416, 33.01388 ], [ -116.54291, 33.01483 ], [ -116.54301, 33.01646 ], [ -116.54411, 33.01797 ], [ -116.54406, 33.01864 ], [ -116.54471, 33.01896 ], [ -116.54641, 33.01937 ], [ -116.5492, 33.0194 ], [ -116.5504, 33.02014 ], [ -116.55393, 33.01888 ], [ -116.55496, 33.01881 ], [ -116.55726, 33.01753 ], [ -116.55874, 33.01714 ], [ -116.55942, 33.01726 ], [ -116.56133, 33.01856 ], [ -116.56233, 33.01721 ], [ -116.56255, 33.01592 ], [ -116.56166, 33.01415 ], [ -116.56114, 33.01108 ], [ -116.56369, 33.00785 ], [ -116.5645, 33.00238 ], [ -116.56565, 33.0014 ], [ -116.56671, 32.99901 ], [ -116.57164, 32.99406 ], [ -116.57231, 32.99299 ], [ -116.57648, 32.99073 ], [ -116.57833, 32.99117 ], [ -116.57967, 32.99062 ], [ -116.581, 32.9911 ], [ -116.58569, 32.9917 ], [ -116.5862, 32.99262 ], [ -116.58584, 32.99391 ], [ -116.5851, 32.99414 ], [ -116.58613, 32.99897 ], [ -116.59602, 32.99892 ], [ -116.5962, 33.02109 ], [ -116.56665, 33.02106 ], [ -116.56705, 33.0497 ], [ -116.58418, 33.04972 ], [ -116.58396, 33.06386 ], [ -116.59258, 33.06403 ], [ -116.61771, 33.06344 ], [ -116.66067, 33.06412 ], [ -116.66006, 33.07987 ], [ -116.65884, 33.07987 ], [ -116.65896, 33.09803 ], [ -116.65928, 33.09802 ], [ -116.65951, 33.10342 ], [ -116.65905, 33.10432 ], [ -116.65891, 33.10669 ], [ -116.65851, 33.10725 ], [ -116.65776, 33.10747 ], [ -116.65697, 33.10724 ], [ -116.65592, 33.10595 ], [ -116.65419, 33.10508 ], [ -116.65288, 33.10258 ], [ -116.64973, 33.1014 ], [ -116.64869, 33.09903 ], [ -116.64615, 33.09729 ], [ -116.64605, 33.09438 ], [ -116.63705, 33.09435 ], [ -116.63449, 33.09522 ], [ -116.63355, 33.09485 ], [ -116.63257, 33.0951 ], [ -116.63177, 33.09454 ], [ -116.63054, 33.0944 ], [ -116.62907, 33.09367 ], [ -116.62765, 33.09391 ], [ -116.627, 33.09354 ], [ -116.62651, 33.09409 ], [ -116.62555, 33.09417 ], [ -116.62578, 33.09482 ], [ -116.62558, 33.09529 ], [ -116.6245, 33.09706 ], [ -116.62383, 33.09747 ], [ -116.62303, 33.09753 ], [ -116.61969, 33.09651 ], [ -116.61903, 33.09665 ], [ -116.61712, 33.09574 ], [ -116.6155, 33.09658 ], [ -116.61317, 33.09644 ], [ -116.61299, 33.09688 ], [ -116.61408, 33.09728 ], [ -116.6142, 33.0977 ], [ -116.61309, 33.09888 ], [ -116.61161, 33.09913 ], [ -116.61102, 33.09953 ], [ -116.61088, 33.10079 ], [ -116.60986, 33.10079 ], [ -116.60892, 33.10152 ], [ -116.60813, 33.10133 ], [ -116.60724, 33.10065 ], [ -116.6064, 33.10119 ], [ -116.60586, 33.1025 ], [ -116.61209, 33.10606 ], [ -116.61339, 33.10751 ], [ -116.61608, 33.12159 ], [ -116.61668, 33.1446 ], [ -116.61629, 33.15193 ], [ -116.6163, 33.15916 ], [ -116.61706, 33.1606 ], [ -116.60618, 33.16039 ] ] ] ] } },
{ "type": "Feature", "properties": { "police_beat": 833 }, "geometry": { "type": "MultiPolygon", "coordinates": [ [ [ [ -117.10096, 32.74027 ], [ -117.10088, 32.74961 ], [ -117.09228, 32.74954 ], [ -117.09228, 32.74028 ], [ -117.10096, 32.74027 ] ] ], [ [ [ -116.68674, 32.92025 ], [ -116.68673, 32.91293 ], [ -116.67787, 32.913 ], [ -116.67785, 32.90923 ], [ -116.67333, 32.90929 ], [ -116.67337, 32.91671 ], [ -116.67785, 32.91669 ], [ -116.67794, 32.92032 ], [ -116.67338, 32.92036 ], [ -116.67341, 32.92753 ], [ -116.66935, 32.92758 ], [ -116.66936, 32.90576 ], [ -116.66833, 32.90576 ], [ -116.66847, 32.88748 ], [ -116.68563, 32.88824 ], [ -116.68567, 32.88471 ], [ -116.68151, 32.88461 ], [ -116.68161, 32.87754 ], [ -116.68574, 32.87763 ], [ -116.6858, 32.87413 ], [ -116.70289, 32.87416 ], [ -116.71934, 32.87434 ], [ -116.71955, 32.88838 ], [ -116.75525, 32.88816 ], [ -116.7551, 32.87394 ], [ -116.77235, 32.87382 ], [ -116.77238, 32.88832 ], [ -116.7682, 32.88828 ], [ -116.76821, 32.88987 ], [ -116.76382, 32.88978 ], [ -116.76381, 32.88824 ], [ -116.76162, 32.88822 ], [ -116.7617, 32.89511 ], [ -116.77245, 32.89523 ], [ -116.77224, 32.90247 ], [ -116.77624, 32.90237 ], [ -116.77611, 32.90681 ], [ -116.77683, 32.91397 ], [ -116.77249, 32.91387 ], [ -116.77328, 32.92111 ], [ -116.77323, 32.92776 ], [ -116.76698, 32.92771 ], [ -116.76692, 32.93568 ], [ -116.7691, 32.93567 ], [ -116.76914, 32.93931 ], [ -116.76504, 32.93952 ], [ -116.76507, 32.94258 ], [ -116.75677, 32.94302 ], [ -116.75674, 32.94644 ], [ -116.75882, 32.94632 ], [ -116.75877, 32.94995 ], [ -116.75671, 32.94991 ], [ -116.7553, 32.95665 ], [ -116.75096, 32.95664 ], [ -116.75024, 32.96006 ], [ -116.74551, 32.96005 ], [ -116.74482, 32.96342 ], [ -116.74485, 32.96709 ], [ -116.73813, 32.96704 ], [ -116.7382, 32.97066 ], [ -116.73895, 32.97067 ], [ -116.73896, 32.971 ], [ -116.73839, 32.97228 ], [ -116.73841, 32.97432 ], [ -116.73808, 32.97452 ], [ -116.73797, 32.97531 ], [ -116.74003, 32.97793 ], [ -116.73619, 32.9779 ], [ -116.73617, 32.96341 ], [ -116.73885, 32.94988 ], [ -116.73901, 32.93595 ], [ -116.72222, 32.93583 ], [ -116.7205, 32.92067 ], [ -116.68674, 32.92025 ] ], [ [ -116.73674, 32.92065 ], [ -116.73667, 32.90607 ], [ -116.71925, 32.90569 ], [ -116.72052, 32.92067 ], [ -116.73674, 32.92065 ] ] ], [ [ [ -116.68674, 32.92025 ], [ -116.68697, 32.93482 ], [ -116.67818, 32.93493 ], [ -116.67794, 32.92032 ], [ -116.68674, 32.92025 ] ] ] ] } },
{ "type": "Feature", "properties": { "police_beat": 834 }, "geometry": { "type": "MultiPolygon", "coordinates": [ [ [ [ -117.10096, 32.7399 ], [ -117.1018, 32.74072 ], [ -117.1055, 32.73722 ], [ -117.11013, 32.73431 ], [ -117.11173, 32.7327 ], [ -117.11167, 32.73208 ], [ -117.11281, 32.73333 ], [ -117.11477, 32.7381 ], [ -117.11329, 32.74103 ], [ -117.1097, 32.7451 ], [ -117.1094, 32.74968 ], [ -117.10088, 32.74961 ], [ -117.10096, 32.7399 ] ] ], [ [ [ -116.59602, 32.99892 ], [ -116.58613, 32.99897 ], [ -116.5851, 32.99414 ], [ -116.58584, 32.99391 ], [ -116.5862, 32.99262 ], [ -116.58569, 32.9917 ], [ -116.58771, 32.99161 ], [ -116.58832, 32.99101 ], [ -116.58843, 32.99023 ], [ -116.5869, 32.98852 ], [ -116.58442, 32.98765 ], [ -116.58223, 32.98503 ], [ -116.58174, 32.98319 ], [ -116.58075, 32.98171 ], [ -116.58115, 32.98062 ], [ -116.58095, 32.97908 ], [ -116.5819, 32.977 ], [ -116.58174, 32.97658 ], [ -116.57959, 32.97653 ], [ -116.57862, 32.9781 ], [ -116.57757, 32.97861 ], [ -116.57654, 32.97808 ], [ -116.57591, 32.97877 ], [ -116.57591, 32.97931 ], [ -116.57348, 32.98119 ], [ -116.5715, 32.98021 ], [ -116.57099, 32.98056 ], [ -116.57135, 32.98121 ], [ -116.57281, 32.98194 ], [ -116.57522, 32.98098 ], [ -116.57643, 32.9811 ], [ -116.57692, 32.98221 ], [ -116.57622, 32.98464 ], [ -116.57722, 32.98544 ], [ -116.57843, 32.98504 ], [ -116.57898, 32.98623 ], [ -116.58027, 32.98689 ], [ -116.58008, 32.9872 ], [ -116.57803, 32.98781 ], [ -116.57725, 32.98759 ], [ -116.57655, 32.98683 ], [ -116.57673, 32.98562 ], [ -116.57356, 32.9865 ], [ -116.57219, 32.98597 ], [ -116.57158, 32.98704 ], [ -116.57075, 32.9873 ], [ -116.5697, 32.98714 ], [ -116.56897, 32.98662 ], [ -116.56855, 32.985 ], [ -116.56638, 32.98355 ], [ -116.56637, 32.98249 ], [ -116.56185, 32.98228 ], [ -116.56186, 32.97665 ], [ -116.53235, 32.97689 ], [ -116.53272, 32.93378 ], [ -116.50849, 32.934 ], [ -116.51426, 32.91119 ], [ -116.61291, 32.91106 ], [ -116.61019, 32.97641 ], [ -116.60983, 32.99126 ], [ -116.61824, 32.99137 ], [ -116.61817, 33.00611 ], [ -116.60991, 33.00601 ], [ -116.60973, 33.02082 ], [ -116.60548, 33.02095 ], [ -116.60563, 33.02809 ], [ -116.59708, 33.02817 ], [ -116.59685, 33.02109 ], [ -116.5962, 33.021 ], [ -116.59602, 32.99892 ] ] ] ] } },
{ "type": "Feature", "properties": { "police_beat": 835 }, "geometry": { "type": "MultiPolygon", "coordinates": [ [ [ [ -117.10096, 32.7399 ], [ -117.10105, 32.73082 ], [ -117.10063, 32.72971 ], [ -117.09975, 32.72884 ], [ -117.10334, 32.72556 ], [ -117.10411, 32.72701 ], [ -117.10543, 32.72841 ], [ -117.11151, 32.73195 ], [ -117.11173, 32.7327 ], [ -117.10951, 32.73479 ], [ -117.10547, 32.73725 ], [ -117.1018, 32.74072 ], [ -117.10096, 32.7399 ] ] ], [ [ [ -116.54912, 33.01938 ], [ -116.54573, 33.01926 ], [ -116.54405, 33.01863 ], [ -116.54411, 33.01798 ], [ -116.54295, 33.0163 ], [ -116.54293, 33.01488 ], [ -116.54157, 33.0138 ], [ -116.54174, 33.01236 ], [ -116.54024, 33.01059 ], [ -116.51536, 32.96173 ], [ -116.51211, 32.9485 ], [ -116.50923, 32.93922 ], [ -116.50798, 32.93392 ], [ -116.53272, 32.93378 ], [ -116.53235, 32.97689 ], [ -116.56186, 32.97665 ], [ -116.56185, 32.98228 ], [ -116.56637, 32.98249 ], [ -116.56638, 32.98355 ], [ -116.56855, 32.985 ], [ -116.56897, 32.98662 ], [ -116.5697, 32.98714 ], [ -116.57075, 32.9873 ], [ -116.57158, 32.98704 ], [ -116.57219, 32.98597 ], [ -116.57356, 32.9865 ], [ -116.57673, 32.98562 ], [ -116.57655, 32.98683 ], [ -116.57725, 32.98759 ], [ -116.57803, 32.98781 ], [ -116.58008, 32.9872 ], [ -116.58027, 32.98689 ], [ -116.57898, 32.98623 ], [ -116.57843, 32.98504 ], [ -116.57722, 32.98544 ], [ -116.57622, 32.98464 ], [ -116.57692, 32.98221 ], [ -116.57643, 32.9811 ], [ -116.57522, 32.98098 ], [ -116.57281, 32.98194 ], [ -116.57135, 32.98121 ], [ -116.57099, 32.98056 ], [ -116.5715, 32.98021 ], [ -116.57348, 32.98119 ], [ -116.57591, 32.97931 ], [ -116.57591, 32.97877 ], [ -116.57654, 32.97808 ], [ -116.57726, 32.9786 ], [ -116.57828, 32.9784 ], [ -116.57959, 32.97653 ], [ -116.58157, 32.97651 ], [ -116.58191, 32.97695 ], [ -116.58095, 32.97906 ], [ -116.58115, 32.98062 ], [ -116.58075, 32.98172 ], [ -116.58174, 32.98319 ], [ -116.58224, 32.98504 ], [ -116.58443, 32.98766 ], [ -116.58683, 32.98848 ], [ -116.58834, 32.98995 ], [ -116.58827, 32.9911 ], [ -116.58719, 32.9918 ], [ -116.58104, 32.9911 ], [ -116.57967, 32.99062 ], [ -116.57833, 32.99117 ], [ -116.57658, 32.99072 ], [ -116.57239, 32.99292 ], [ -116.57163, 32.99407 ], [ -116.56671, 32.99901 ], [ -116.56565, 33.0014 ], [ -116.56447, 33.00244 ], [ -116.56369, 33.00785 ], [ -116.56112, 33.01118 ], [ -116.56166, 33.01417 ], [ -116.56254, 33.01582 ], [ -116.5624, 33.01705 ], [ -116.56187, 33.01794 ], [ -116.56131, 33.01856 ], [ -116.55942, 33.01726 ], [ -116.55849, 33.01717 ], [ -116.55493, 33.01882 ], [ -116.55393, 33.01888 ], [ -116.55044, 33.02013 ], [ -116.54912, 33.01938 ] ] ] ] } },
{ "type": "Feature", "properties": { "police_beat": 836 }, "geometry": { "type": "MultiPolygon", "coordinates": [ [ [ [ -117.09228, 32.74028 ], [ -117.09227, 32.73651 ], [ -117.09281, 32.73535 ], [ -117.09748, 32.73069 ], [ -117.09975, 32.72884 ], [ -117.10064, 32.72973 ], [ -117.10106, 32.73087 ], [ -117.10096, 32.74027 ], [ -117.09228, 32.74028 ] ] ], [ [ [ -116.49669, 33.01364 ], [ -116.48862, 33.01348 ], [ -116.48827, 33.00982 ], [ -116.48406, 33.00974 ], [ -116.4836, 33.00604 ], [ -116.48458, 32.99505 ], [ -116.47641, 32.99499 ], [ -116.47675, 32.9912 ], [ -116.50437, 32.99165 ], [ -116.5044, 32.9844 ], [ -116.50764, 32.9844 ], [ -116.50763, 32.98803 ], [ -116.51808, 32.98795 ], [ -116.51823, 32.98437 ], [ -116.50951, 32.98441 ], [ -116.51004, 32.97713 ], [ -116.50769, 32.97716 ], [ -116.50782, 32.96983 ], [ -116.50436, 32.96978 ], [ -116.50429, 32.96228 ], [ -116.50053, 32.96211 ], [ -116.49983, 32.95453 ], [ -116.49153, 32.95453 ], [ -116.49215, 32.96215 ], [ -116.48381, 32.96218 ], [ -116.48245, 32.94679 ], [ -116.46563, 32.94669 ], [ -116.46419, 32.93176 ], [ -116.48099, 32.93175 ], [ -116.48149, 32.93571 ], [ -116.48555, 32.93571 ], [ -116.48591, 32.93927 ], [ -116.49017, 32.93939 ], [ -116.4908, 32.94684 ], [ -116.49912, 32.94694 ], [ -116.49862, 32.93949 ], [ -116.51001, 32.9412 ], [ -116.51536, 32.96173 ], [ -116.54121, 33.01224 ], [ -116.54119, 33.021 ], [ -116.51354, 33.02127 ], [ -116.49302, 33.02082 ], [ -116.49284, 33.0172 ], [ -116.49672, 33.0173 ], [ -116.49669, 33.01364 ] ] ] ] } },
{ "type": "Feature", "properties": { "police_beat": 837 }, "geometry": { "type": "Polygon", "coordinates": [ [ [ -117.1026, 32.72337 ], [ -117.1027, 32.71882 ], [ -117.10742, 32.71813 ], [ -117.11063, 32.71825 ], [ -117.1178, 32.71713 ], [ -117.11713, 32.72053 ], [ -117.11193, 32.7284 ], [ -117.11147, 32.73119 ], [ -117.11167, 32.73208 ], [ -117.10565, 32.72859 ], [ -117.10411, 32.72701 ], [ -117.1026, 32.72337 ] ] ] } },
{ "type": "Feature", "properties": { "police_beat": 838 }, "geometry": { "type": "Polygon", "coordinates": [ [ [ -117.10933, 32.75518 ], [ -117.1094, 32.74968 ], [ -117.12001, 32.74977 ], [ -117.12103, 32.74901 ], [ -117.12252, 32.74864 ], [ -117.1249, 32.75529 ], [ -117.10933, 32.75518 ] ] ] } },
{ "type": "Feature", "properties": { "police_beat": 839 }, "geometry": { "type": "Polygon", "coordinates": [ [ [ -117.1097, 32.7451 ], [ -117.11329, 32.74103 ], [ -117.11477, 32.7381 ], [ -117.11717, 32.74216 ], [ -117.12238, 32.74867 ], [ -117.12103, 32.74901 ], [ -117.12001, 32.74977 ], [ -117.1094, 32.74968 ], [ -117.1097, 32.7451 ] ] ] } },
{ "type": "Feature", "properties": { "police_beat": 841 }, "geometry": { "type": "MultiPolygon", "coordinates": [ [ [ [ -117.04913, 32.75519 ], [ -117.04928, 32.74358 ], [ -117.05128, 32.74246 ], [ -117.05364, 32.74435 ], [ -117.0601, 32.74606 ], [ -117.06119, 32.74663 ], [ -117.06196, 32.74765 ], [ -117.06274, 32.75044 ], [ -117.06447, 32.75285 ], [ -117.05595, 32.75535 ], [ -117.04913, 32.75519 ] ] ], [ [ [ -116.25889, 33.24052 ], [ -116.25876, 33.23325 ], [ -116.26728, 33.23317 ], [ -116.26726, 33.24062 ], [ -116.25889, 33.24052 ] ] ], [ [ [ -116.12997, 33.42611 ], [ -116.08489, 33.42632 ], [ -116.08521, 33.33928 ], [ -116.08225, 33.25128 ], [ -116.08171, 33.21981 ], [ -116.10838, 33.2208 ], [ -116.15012, 33.22081 ], [ -116.15015, 33.16947 ], [ -116.15909, 33.16946 ], [ -116.15912, 33.16197 ], [ -116.17579, 33.16196 ], [ -116.1758, 33.1545 ], [ -116.18475, 33.1545 ], [ -116.18734, 33.15552 ], [ -116.18749, 33.15918 ], [ -116.19009, 33.16013 ], [ -116.2012, 33.16766 ], [ -116.2068, 33.16962 ], [ -116.20334, 33.15868 ], [ -116.20128, 33.15679 ], [ -116.22412, 33.15948 ], [ -116.24041, 33.15849 ], [ -116.24693, 33.15638 ], [ -116.25734, 33.15065 ], [ -116.26909, 33.14302 ], [ -116.27158, 33.14259 ], [ -116.27531, 33.14331 ], [ -116.29277, 33.1388 ], [ -116.2977, 33.13554 ], [ -116.29969, 33.13497 ], [ -116.30013, 33.13412 ], [ -116.30004, 33.13191 ], [ -116.30059, 33.13124 ], [ -116.30143, 33.13087 ], [ -116.30768, 33.1313 ], [ -116.3115, 33.13215 ], [ -116.31394, 33.13335 ], [ -116.33239, 33.13283 ], [ -116.35313, 33.13553 ], [ -116.36426, 33.134 ], [ -116.36605, 33.13438 ], [ -116.37002, 33.13596 ], [ -116.3751, 33.13703 ], [ -116.37789, 33.1359 ], [ -116.38037, 33.13556 ], [ -116.38299, 33.13468 ], [ -116.38579, 33.13516 ], [ -116.38837, 33.13502 ], [ -116.39418, 33.1326 ], [ -116.39647, 33.13213 ], [ -116.40173, 33.13212 ], [ -116.40499, 33.13106 ], [ -116.41074, 33.13128 ], [ -116.41386, 33.13084 ], [ -116.41566, 33.13021 ], [ -116.42752, 33.12836 ], [ -116.4293, 33.12849 ], [ -116.4313, 33.12923 ], [ -116.43408, 33.12878 ], [ -116.43458, 33.12846 ], [ -116.43464, 33.1271 ], [ -116.43562, 33.12618 ], [ -116.43579, 33.12446 ], [ -116.43553, 33.12228 ], [ -116.43418, 33.12061 ], [ -116.43459, 33.11942 ], [ -116.43782, 33.11677 ], [ -116.43781, 33.11697 ], [ -116.44655, 33.11706 ], [ -116.44669, 33.113 ], [ -116.45115, 33.11306 ], [ -116.45127, 33.10562 ], [ -116.45562, 33.10524 ], [ -116.45563, 33.10312 ], [ -116.48381, 33.10176 ], [ -116.49214, 33.10875 ], [ -116.5121, 33.12653 ], [ -116.51404, 33.15087 ], [ -116.51647, 33.16892 ], [ -116.51721, 33.18155 ], [ -116.51699, 33.18441 ], [ -116.51282, 33.18415 ], [ -116.5128, 33.18479 ], [ -116.51694, 33.18504 ], [ -116.5167, 33.19206 ], [ -116.50838, 33.19192 ], [ -116.50833, 33.1956 ], [ -116.49997, 33.19577 ], [ -116.49983, 33.20305 ], [ -116.50405, 33.203 ], [ -116.50396, 33.21035 ], [ -116.49528, 33.21039 ], [ -116.49547, 33.21588 ], [ -116.49764, 33.21587 ], [ -116.49769, 33.21764 ], [ -116.49553, 33.21766 ], [ -116.49565, 33.22119 ], [ -116.49138, 33.22127 ], [ -116.4915, 33.22471 ], [ -116.49559, 33.22465 ], [ -116.4956, 33.22815 ], [ -116.49129, 33.22821 ], [ -116.49132, 33.23887 ], [ -116.49043, 33.24256 ], [ -116.49921, 33.24264 ], [ -116.49895, 33.24676 ], [ -116.49984, 33.24679 ], [ -116.50085, 33.25245 ], [ -116.50154, 33.34128 ], [ -116.56689, 33.34151 ], [ -116.56766, 33.34839 ], [ -116.56734, 33.36289 ], [ -116.59356, 33.36377 ], [ -116.60154, 33.36318 ], [ -116.61402, 33.36334 ], [ -116.61391, 33.36686 ], [ -116.61801, 33.36696 ], [ -116.61801, 33.37057 ], [ -116.60534, 33.37028 ], [ -116.60527, 33.37369 ], [ -116.61799, 33.37415 ], [ -116.6177, 33.42744 ], [ -116.50777, 33.42709 ], [ -116.4024, 33.42752 ], [ -116.29853, 33.42745 ], [ -116.19763, 33.42891 ], [ -116.12997, 33.42611 ] ], [ [ -116.29822, 33.35423 ], [ -116.30039, 33.35423 ], [ -116.30037, 33.35336 ], [ -116.30258, 33.35337 ], [ -116.30258, 33.35424 ], [ -116.31556, 33.35427 ], [ -116.31558, 33.32509 ], [ -116.2984, 33.32502 ], [ -116.29822, 33.35423 ] ], [ [ -116.29838, 33.31768 ], [ -116.28969, 33.31759 ], [ -116.28966, 33.29616 ], [ -116.30702, 33.29625 ], [ -116.30702, 33.2997 ], [ -116.31287, 33.29965 ], [ -116.31575, 33.30082 ], [ -116.31573, 33.30317 ], [ -116.32006, 33.30319 ], [ -116.32004, 33.31049 ], [ -116.33303, 33.31053 ], [ -116.3329, 33.32511 ], [ -116.35021, 33.32522 ], [ -116.3502, 33.33243 ], [ -116.36756, 33.33245 ], [ -116.36749, 33.33613 ], [ -116.38062, 33.3367 ], [ -116.38065, 33.333 ], [ -116.40209, 33.33321 ], [ -116.40144, 33.25648 ], [ -116.40171, 33.25634 ], [ -116.4017, 33.2557 ], [ -116.40277, 33.2557 ], [ -116.40277, 33.25297 ], [ -116.40061, 33.25296 ], [ -116.40064, 33.25451 ], [ -116.39957, 33.25451 ], [ -116.39973, 33.25337 ], [ -116.4006, 33.25243 ], [ -116.4001, 33.22788 ], [ -116.42441, 33.22522 ], [ -116.42472, 33.22419 ], [ -116.42436, 33.2237 ], [ -116.42418, 33.21091 ], [ -116.42376, 33.20391 ], [ -116.39968, 33.20662 ], [ -116.39983, 33.21373 ], [ -116.39114, 33.21374 ], [ -116.39101, 33.20663 ], [ -116.37339, 33.20669 ], [ -116.37324, 33.19256 ], [ -116.36453, 33.19257 ], [ -116.36448, 33.18541 ], [ -116.35569, 33.18511 ], [ -116.35568, 33.17796 ], [ -116.33804, 33.17734 ], [ -116.33806, 33.17004 ], [ -116.30634, 33.16933 ], [ -116.2516, 33.16957 ], [ -116.25129, 33.18019 ], [ -116.24704, 33.18025 ], [ -116.24693, 33.18377 ], [ -116.25971, 33.18362 ], [ -116.25946, 33.19075 ], [ -116.24251, 33.19098 ], [ -116.24267, 33.18382 ], [ -116.2247, 33.18341 ], [ -116.22462, 33.19763 ], [ -116.24235, 33.19806 ], [ -116.24226, 33.20159 ], [ -116.2465, 33.20157 ], [ -116.24659, 33.19801 ], [ -116.2592, 33.19785 ], [ -116.25907, 33.20515 ], [ -116.24216, 33.2053 ], [ -116.24197, 33.21247 ], [ -116.22446, 33.21212 ], [ -116.22439, 33.22256 ], [ -116.22758, 33.22256 ], [ -116.22758, 33.22599 ], [ -116.23298, 33.22595 ], [ -116.233, 33.2331 ], [ -116.24595, 33.23312 ], [ -116.24597, 33.2367 ], [ -116.25025, 33.23676 ], [ -116.25028, 33.24037 ], [ -116.25889, 33.24052 ], [ -116.26089, 33.2541 ], [ -116.26137, 33.25973 ], [ -116.25916, 33.25959 ], [ -116.25931, 33.26149 ], [ -116.26153, 33.26161 ], [ -116.26169, 33.2635 ], [ -116.25945, 33.26336 ], [ -116.25974, 33.26712 ], [ -116.26201, 33.26728 ], [ -116.26306, 33.28255 ], [ -116.26078, 33.2825 ], [ -116.26105, 33.28571 ], [ -116.25662, 33.28571 ], [ -116.25679, 33.28906 ], [ -116.2546, 33.2891 ], [ -116.25481, 33.2927 ], [ -116.25699, 33.29267 ], [ -116.25708, 33.29447 ], [ -116.2592, 33.29448 ], [ -116.25929, 33.29628 ], [ -116.26372, 33.29625 ], [ -116.2635, 33.31026 ], [ -116.27227, 33.31027 ], [ -116.27223, 33.31749 ], [ -116.28102, 33.3175 ], [ -116.28096, 33.32493 ], [ -116.2984, 33.32502 ], [ -116.29838, 33.31768 ] ] ] ] } },
{ "type": "Feature", "properties": { "police_beat": 842 }, "geometry": { "type": "MultiPolygon", "coordinates": [ [ [ [ -116.25025, 33.23676 ], [ -116.24597, 33.2367 ], [ -116.24595, 33.23312 ], [ -116.233, 33.2331 ], [ -116.23298, 33.22595 ], [ -116.22758, 33.22599 ], [ -116.22758, 33.22256 ], [ -116.22439, 33.22256 ], [ -116.22446, 33.21212 ], [ -116.24197, 33.21247 ], [ -116.24216, 33.2053 ], [ -116.25907, 33.20515 ], [ -116.2592, 33.19785 ], [ -116.24659, 33.19801 ], [ -116.2465, 33.20157 ], [ -116.24226, 33.20159 ], [ -116.24235, 33.19806 ], [ -116.22462, 33.19763 ], [ -116.2247, 33.18341 ], [ -116.24267, 33.18382 ], [ -116.24251, 33.19098 ], [ -116.25946, 33.19075 ], [ -116.25971, 33.18362 ], [ -116.24693, 33.18377 ], [ -116.24704, 33.18025 ], [ -116.25129, 33.18019 ], [ -116.2516, 33.16957 ], [ -116.30634, 33.16933 ], [ -116.33806, 33.17004 ], [ -116.33804, 33.17734 ], [ -116.35568, 33.17796 ], [ -116.35569, 33.18511 ], [ -116.36448, 33.18541 ], [ -116.36453, 33.19257 ], [ -116.37324, 33.19256 ], [ -116.37339, 33.20669 ], [ -116.39101, 33.20663 ], [ -116.39114, 33.21374 ], [ -116.39983, 33.21373 ], [ -116.39968, 33.20662 ], [ -116.42376, 33.20391 ], [ -116.42418, 33.21091 ], [ -116.42436, 33.2237 ], [ -116.42472, 33.22419 ], [ -116.42441, 33.22522 ], [ -116.4001, 33.22788 ], [ -116.4006, 33.25243 ], [ -116.39973, 33.25337 ], [ -116.39957, 33.25451 ], [ -116.40064, 33.25451 ], [ -116.40061, 33.25296 ], [ -116.40277, 33.25297 ], [ -116.40277, 33.2557 ], [ -116.4017, 33.2557 ], [ -116.40171, 33.25634 ], [ -116.40144, 33.25648 ], [ -116.40209, 33.33321 ], [ -116.38065, 33.333 ], [ -116.38062, 33.3367 ], [ -116.36749, 33.33613 ], [ -116.36756, 33.33245 ], [ -116.3502, 33.33243 ], [ -116.35021, 33.32522 ], [ -116.3329, 33.32511 ], [ -116.33303, 33.31053 ], [ -116.32004, 33.31049 ], [ -116.32006, 33.30319 ], [ -116.31573, 33.30317 ], [ -116.31575, 33.30082 ], [ -116.31287, 33.29965 ], [ -116.30702, 33.2997 ], [ -116.30689, 33.29624 ], [ -116.28966, 33.29616 ], [ -116.28969, 33.31759 ], [ -116.29838, 33.31768 ], [ -116.2984, 33.32502 ], [ -116.28096, 33.32493 ], [ -116.28102, 33.3175 ], [ -116.27223, 33.31749 ], [ -116.27227, 33.31027 ], [ -116.2635, 33.31026 ], [ -116.26372, 33.29625 ], [ -116.25929, 33.29628 ], [ -116.2592, 33.29448 ], [ -116.25708, 33.29447 ], [ -116.25699, 33.29267 ], [ -116.25481, 33.2927 ], [ -116.2546, 33.2891 ], [ -116.25679, 33.28906 ], [ -116.25662, 33.28571 ], [ -116.26105, 33.28571 ], [ -116.26078, 33.2825 ], [ -116.26306, 33.28255 ], [ -116.26201, 33.26728 ], [ -116.25974, 33.26712 ], [ -116.25959, 33.26526 ], [ -116.25945, 33.26336 ], [ -116.26169, 33.2635 ], [ -116.26153, 33.26161 ], [ -116.25931, 33.26149 ], [ -116.25916, 33.25959 ], [ -116.26137, 33.25973 ], [ -116.26089, 33.2541 ], [ -116.25889, 33.24052 ], [ -116.25028, 33.24037 ], [ -116.25025, 33.23676 ] ], [ [ -116.26726, 33.24062 ], [ -116.26728, 33.23317 ], [ -116.25876, 33.23325 ], [ -116.25889, 33.24052 ], [ -116.26726, 33.24062 ] ] ], [ [ [ -116.30039, 33.35423 ], [ -116.29822, 33.35423 ], [ -116.2984, 33.32502 ], [ -116.31558, 33.32509 ], [ -116.31556, 33.35427 ], [ -116.30258, 33.35424 ], [ -116.30258, 33.35337 ], [ -116.30037, 33.35336 ], [ -116.30039, 33.35423 ] ] ] ] } },
{ "type": "Feature", "properties": { "police_beat": 843 }, "geometry": { "type": "Polygon", "coordinates": [ [ [ -116.43807, 33.11285 ], [ -116.44237, 33.11297 ], [ -116.44257, 33.10887 ], [ -116.44687, 33.10894 ], [ -116.44747, 33.09755 ], [ -116.43882, 33.09737 ], [ -116.43903, 33.08658 ], [ -116.43488, 33.08661 ], [ -116.43487, 33.08286 ], [ -116.42621, 33.0828 ], [ -116.4262, 33.0793 ], [ -116.42828, 33.07932 ], [ -116.42834, 33.07558 ], [ -116.42408, 33.07558 ], [ -116.42415, 33.07192 ], [ -116.41982, 33.0719 ], [ -116.41993, 33.05728 ], [ -116.43708, 33.05725 ], [ -116.43709, 33.05353 ], [ -116.44124, 33.05349 ], [ -116.44125, 33.0608 ], [ -116.44555, 33.06073 ], [ -116.44552, 33.06809 ], [ -116.44982, 33.06807 ], [ -116.44983, 33.07928 ], [ -116.46066, 33.07924 ], [ -116.46067, 33.08295 ], [ -116.46887, 33.08304 ], [ -116.46884, 33.08652 ], [ -116.45634, 33.08654 ], [ -116.45635, 33.09006 ], [ -116.46559, 33.09006 ], [ -116.47791, 33.07758 ], [ -116.47938, 33.07823 ], [ -116.47956, 33.07178 ], [ -116.4753, 33.07166 ], [ -116.47537, 33.068 ], [ -116.4926, 33.06844 ], [ -116.4925, 33.07216 ], [ -116.49667, 33.0723 ], [ -116.49681, 33.06866 ], [ -116.50115, 33.06872 ], [ -116.50101, 33.07245 ], [ -116.51369, 33.07245 ], [ -116.5141, 33.05057 ], [ -116.51394, 33.04328 ], [ -116.50972, 33.04312 ], [ -116.50968, 33.03946 ], [ -116.50538, 33.03927 ], [ -116.50525, 33.0356 ], [ -116.50963, 33.03582 ], [ -116.5098, 33.03215 ], [ -116.51373, 33.03231 ], [ -116.51354, 33.02127 ], [ -116.52829, 33.02106 ], [ -116.53, 33.02376 ], [ -116.53008, 33.02587 ], [ -116.53062, 33.02631 ], [ -116.53117, 33.02822 ], [ -116.53178, 33.02867 ], [ -116.53388, 33.03244 ], [ -116.53516, 33.03351 ], [ -116.53614, 33.03491 ], [ -116.53647, 33.03572 ], [ -116.53658, 33.03789 ], [ -116.53723, 33.03809 ], [ -116.53717, 33.03859 ], [ -116.53788, 33.03947 ], [ -116.53785, 33.04025 ], [ -116.53739, 33.04094 ], [ -116.53857, 33.04208 ], [ -116.53836, 33.04264 ], [ -116.53911, 33.04271 ], [ -116.53877, 33.04349 ], [ -116.53896, 33.0439 ], [ -116.54019, 33.04486 ], [ -116.54027, 33.04621 ], [ -116.53937, 33.04688 ], [ -116.53929, 33.04817 ], [ -116.53862, 33.04865 ], [ -116.53877, 33.0493 ], [ -116.53832, 33.05007 ], [ -116.53881, 33.05042 ], [ -116.54074, 33.0506 ], [ -116.54039, 33.05107 ], [ -116.54181, 33.05192 ], [ -116.54229, 33.05385 ], [ -116.54277, 33.05418 ], [ -116.54504, 33.05898 ], [ -116.54689, 33.06047 ], [ -116.54671, 33.06118 ], [ -116.54705, 33.06189 ], [ -116.54656, 33.06217 ], [ -116.54719, 33.0624 ], [ -116.54756, 33.0635 ], [ -116.54675, 33.06455 ], [ -116.54661, 33.06573 ], [ -116.54599, 33.06584 ], [ -116.54564, 33.06665 ], [ -116.5448, 33.06718 ], [ -116.54645, 33.06734 ], [ -116.54692, 33.06708 ], [ -116.54773, 33.06746 ], [ -116.54675, 33.06876 ], [ -116.54436, 33.07072 ], [ -116.54307, 33.07088 ], [ -116.53892, 33.07308 ], [ -116.538, 33.074 ], [ -116.53468, 33.07597 ], [ -116.53295, 33.07779 ], [ -116.53178, 33.07843 ], [ -116.48125, 33.09449 ], [ -116.4682, 33.09956 ], [ -116.45874, 33.10086 ], [ -116.45411, 33.10305 ], [ -116.45301, 33.10434 ], [ -116.45113, 33.10561 ], [ -116.45078, 33.10631 ], [ -116.45076, 33.10788 ], [ -116.44917, 33.10898 ], [ -116.44902, 33.11064 ], [ -116.44662, 33.11128 ], [ -116.44577, 33.1125 ], [ -116.44475, 33.11289 ], [ -116.4428, 33.11473 ], [ -116.44107, 33.11506 ], [ -116.43783, 33.11667 ], [ -116.43807, 33.11285 ] ] ] } },
{ "type": "Feature", "properties": { "police_beat": 844 }, "geometry": { "type": "Polygon", "coordinates": [ [ [ -116.20043, 33.15601 ], [ -116.2, 33.15423 ], [ -116.18489, 33.14745 ], [ -116.16741, 33.14752 ], [ -116.16739, 33.131 ], [ -116.16949, 33.131 ], [ -116.16948, 33.13291 ], [ -116.17597, 33.13292 ], [ -116.17593, 33.12554 ], [ -116.18448, 33.12552 ], [ -116.18453, 33.12923 ], [ -116.19734, 33.13482 ], [ -116.19753, 33.12407 ], [ -116.18437, 33.1182 ], [ -116.1673, 33.11822 ], [ -116.16729, 33.08948 ], [ -116.13292, 33.08929 ], [ -116.13297, 33.07486 ], [ -116.10332, 33.07475 ], [ -116.10319, 33.04874 ], [ -116.12042, 33.0489 ], [ -116.12037, 33.03435 ], [ -116.10315, 33.03426 ], [ -116.1029, 32.95645 ], [ -116.1024, 32.95621 ], [ -116.18878, 32.95608 ], [ -116.18998, 32.95585 ], [ -116.1911, 32.95599 ], [ -116.19237, 32.95674 ], [ -116.19607, 32.95783 ], [ -116.19745, 32.95891 ], [ -116.19813, 32.96019 ], [ -116.19855, 32.96399 ], [ -116.20065, 32.966 ], [ -116.20198, 32.96809 ], [ -116.20502, 32.96964 ], [ -116.20654, 32.97084 ], [ -116.20866, 32.97402 ], [ -116.21184, 32.97688 ], [ -116.21492, 32.97856 ], [ -116.21683, 32.97868 ], [ -116.21862, 32.97964 ], [ -116.22057, 32.98209 ], [ -116.22297, 32.98377 ], [ -116.22417, 32.98578 ], [ -116.22608, 32.98735 ], [ -116.23086, 32.98954 ], [ -116.23765, 32.99017 ], [ -116.23916, 32.99095 ], [ -116.24327, 32.99404 ], [ -116.24855, 32.99568 ], [ -116.25114, 32.9976 ], [ -116.25569, 32.99774 ], [ -116.2597, 32.99888 ], [ -116.2618, 33.00035 ], [ -116.26333, 33.00229 ], [ -116.26402, 33.00437 ], [ -116.26407, 33.00572 ], [ -116.26365, 33.00638 ], [ -116.26232, 33.007 ], [ -116.26225, 33.00786 ], [ -116.26397, 33.00973 ], [ -116.2652, 33.01262 ], [ -116.26702, 33.01405 ], [ -116.26926, 33.01492 ], [ -116.27429, 33.01504 ], [ -116.27871, 33.01819 ], [ -116.28547, 33.01964 ], [ -116.29281, 33.02273 ], [ -116.29407, 33.02277 ], [ -116.29848, 33.02192 ], [ -116.30089, 33.02208 ], [ -116.30234, 33.02251 ], [ -116.30512, 33.02523 ], [ -116.30855, 33.02698 ], [ -116.31053, 33.02981 ], [ -116.31539, 33.034 ], [ -116.32021, 33.03648 ], [ -116.32219, 33.03912 ], [ -116.3237, 33.04054 ], [ -116.32802, 33.04288 ], [ -116.33011, 33.04577 ], [ -116.33139, 33.04678 ], [ -116.33464, 33.04821 ], [ -116.34499, 33.05108 ], [ -116.34802, 33.05241 ], [ -116.35172, 33.055 ], [ -116.35339, 33.05538 ], [ -116.35574, 33.05528 ], [ -116.35913, 33.05734 ], [ -116.36381, 33.05925 ], [ -116.36734, 33.06213 ], [ -116.37041, 33.06331 ], [ -116.37167, 33.06418 ], [ -116.37224, 33.06491 ], [ -116.37295, 33.06695 ], [ -116.37466, 33.06872 ], [ -116.37607, 33.06936 ], [ -116.37942, 33.06937 ], [ -116.37994, 33.06966 ], [ -116.38029, 33.07068 ], [ -116.38125, 33.0717 ], [ -116.3842, 33.07244 ], [ -116.38438, 33.07358 ], [ -116.38333, 33.07439 ], [ -116.38343, 33.07563 ], [ -116.38404, 33.07688 ], [ -116.38538, 33.0783 ], [ -116.38771, 33.08016 ], [ -116.38952, 33.08043 ], [ -116.39119, 33.08132 ], [ -116.39286, 33.08367 ], [ -116.39402, 33.08453 ], [ -116.39589, 33.08528 ], [ -116.39821, 33.08533 ], [ -116.39983, 33.08582 ], [ -116.40137, 33.08706 ], [ -116.40271, 33.08937 ], [ -116.40678, 33.09058 ], [ -116.40775, 33.09144 ], [ -116.40817, 33.09252 ], [ -116.40958, 33.09358 ], [ -116.41088, 33.09549 ], [ -116.41302, 33.09681 ], [ -116.41316, 33.09818 ], [ -116.41399, 33.09908 ], [ -116.41701, 33.09909 ], [ -116.41897, 33.09949 ], [ -116.42087, 33.1002 ], [ -116.42222, 33.10202 ], [ -116.4248, 33.10203 ], [ -116.42558, 33.10414 ], [ -116.42749, 33.10511 ], [ -116.4275, 33.10649 ], [ -116.42852, 33.10762 ], [ -116.42808, 33.11025 ], [ -116.42886, 33.1124 ], [ -116.43063, 33.11359 ], [ -116.43387, 33.11348 ], [ -116.43567, 33.1157 ], [ -116.43783, 33.11667 ], [ -116.43489, 33.11911 ], [ -116.4342, 33.12009 ], [ -116.43431, 33.1209 ], [ -116.43554, 33.1223 ], [ -116.43579, 33.12442 ], [ -116.43561, 33.1262 ], [ -116.43456, 33.12729 ], [ -116.43456, 33.12851 ], [ -116.43153, 33.12922 ], [ -116.4292, 33.12846 ], [ -116.42755, 33.12836 ], [ -116.41566, 33.13021 ], [ -116.41386, 33.13084 ], [ -116.41074, 33.13128 ], [ -116.40499, 33.13106 ], [ -116.40173, 33.13212 ], [ -116.39647, 33.13213 ], [ -116.39418, 33.1326 ], [ -116.38837, 33.13502 ], [ -116.38579, 33.13516 ], [ -116.38299, 33.13468 ], [ -116.38037, 33.13556 ], [ -116.37789, 33.1359 ], [ -116.37508, 33.13703 ], [ -116.37002, 33.13596 ], [ -116.36605, 33.13438 ], [ -116.36427, 33.134 ], [ -116.35313, 33.13553 ], [ -116.33239, 33.13283 ], [ -116.31394, 33.13335 ], [ -116.3115, 33.13215 ], [ -116.3077, 33.1313 ], [ -116.30158, 33.13084 ], [ -116.30067, 33.13119 ], [ -116.30005, 33.13189 ], [ -116.30013, 33.13412 ], [ -116.29969, 33.13497 ], [ -116.2977, 33.13554 ], [ -116.29277, 33.1388 ], [ -116.27531, 33.14331 ], [ -116.27158, 33.14259 ], [ -116.26909, 33.14302 ], [ -116.25734, 33.15065 ], [ -116.24693, 33.15638 ], [ -116.24041, 33.15849 ], [ -116.22412, 33.15948 ], [ -116.20128, 33.15679 ], [ -116.20043, 33.15601 ] ] ] } },
{ "type": "Feature", "properties": { "police_beat": 845 }, "geometry": { "type": "MultiPolygon", "coordinates": [ [ [ [ -116.10315, 33.03426 ], [ -116.12037, 33.03435 ], [ -116.12042, 33.0489 ], [ -116.10319, 33.04874 ], [ -116.10315, 33.03426 ] ] ], [ [ [ -116.08088, 33.14742 ], [ -116.0812, 33.07467 ], [ -116.13297, 33.07486 ], [ -116.13292, 33.08929 ], [ -116.16729, 33.08948 ], [ -116.1673, 33.11822 ], [ -116.18437, 33.1182 ], [ -116.19753, 33.12407 ], [ -116.19734, 33.13482 ], [ -116.18453, 33.12923 ], [ -116.18448, 33.12552 ], [ -116.17593, 33.12554 ], [ -116.17597, 33.13292 ], [ -116.16948, 33.13291 ], [ -116.16949, 33.131 ], [ -116.16739, 33.131 ], [ -116.16741, 33.14752 ], [ -116.18489, 33.14745 ], [ -116.2, 33.15423 ], [ -116.20043, 33.15601 ], [ -116.20334, 33.15868 ], [ -116.2068, 33.16962 ], [ -116.2012, 33.16766 ], [ -116.19009, 33.16013 ], [ -116.18749, 33.15918 ], [ -116.18734, 33.15552 ], [ -116.18475, 33.1545 ], [ -116.1758, 33.1545 ], [ -116.17579, 33.16196 ], [ -116.15912, 33.16197 ], [ -116.15909, 33.16946 ], [ -116.15015, 33.16947 ], [ -116.15012, 33.22081 ], [ -116.10838, 33.2208 ], [ -116.08171, 33.21981 ], [ -116.08088, 33.14742 ] ] ] ] } },
{ "type": "Feature", "properties": { "police_beat": 846 }, "geometry": { "type": "Polygon", "coordinates": [ [ [ -116.10583, 32.66087 ], [ -116.11446, 32.66091 ], [ -116.11443, 32.66453 ], [ -116.11015, 32.66451 ], [ -116.11014, 32.66819 ], [ -116.11433, 32.66821 ], [ -116.11437, 32.67551 ], [ -116.11002, 32.6755 ], [ -116.11003, 32.67937 ], [ -116.12298, 32.6792 ], [ -116.12298, 32.68284 ], [ -116.10573, 32.68288 ], [ -116.10583, 32.66087 ] ] ] } },
{ "type": "Feature", "properties": { "police_beat": 847 }, "geometry": { "type": "Polygon", "coordinates": [ [ [ -116.48103, 33.02056 ], [ -116.47664, 33.0205 ], [ -116.47588, 33.00964 ], [ -116.47169, 33.00959 ], [ -116.47195, 33.01323 ], [ -116.45921, 33.01321 ], [ -116.45985, 33.00588 ], [ -116.46002, 32.99855 ], [ -116.44758, 32.99859 ], [ -116.4473, 32.99477 ], [ -116.44205, 32.99471 ], [ -116.4418, 32.99085 ], [ -116.41166, 32.99064 ], [ -116.41187, 32.97222 ], [ -116.40832, 32.97216 ], [ -116.40846, 32.97589 ], [ -116.38556, 32.9759 ], [ -116.38485, 32.97959 ], [ -116.36333, 32.98043 ], [ -116.36368, 32.97684 ], [ -116.33878, 32.97702 ], [ -116.33502, 32.95938 ], [ -116.32758, 32.96131 ], [ -116.32757, 32.94545 ], [ -116.32877, 32.9297 ], [ -116.32681, 32.91591 ], [ -116.30117, 32.9181 ], [ -116.29316, 32.9172 ], [ -116.24336, 32.91794 ], [ -116.23786, 32.90203 ], [ -116.24355, 32.89622 ], [ -116.24306, 32.88895 ], [ -116.25936, 32.88771 ], [ -116.26766, 32.88772 ], [ -116.26769, 32.88035 ], [ -116.27647, 32.88034 ], [ -116.27659, 32.87287 ], [ -116.28484, 32.87294 ], [ -116.28501, 32.86572 ], [ -116.29335, 32.86572 ], [ -116.29347, 32.85847 ], [ -116.30981, 32.85843 ], [ -116.30969, 32.873 ], [ -116.31813, 32.87306 ], [ -116.31811, 32.85848 ], [ -116.32219, 32.85857 ], [ -116.32219, 32.85493 ], [ -116.32638, 32.85493 ], [ -116.32644, 32.8513 ], [ -116.33485, 32.8512 ], [ -116.33473, 32.83517 ], [ -116.33643, 32.83501 ], [ -116.33771, 32.83549 ], [ -116.33981, 32.83813 ], [ -116.34116, 32.84187 ], [ -116.34067, 32.84279 ], [ -116.34111, 32.84394 ], [ -116.35964, 32.84391 ], [ -116.36015, 32.85848 ], [ -116.37737, 32.85851 ], [ -116.3776, 32.86576 ], [ -116.40816, 32.86569 ], [ -116.40836, 32.88017 ], [ -116.41274, 32.8802 ], [ -116.41306, 32.90203 ], [ -116.448, 32.90175 ], [ -116.44683, 32.93169 ], [ -116.46419, 32.93176 ], [ -116.46563, 32.94669 ], [ -116.48245, 32.94679 ], [ -116.48381, 32.96218 ], [ -116.49215, 32.96215 ], [ -116.49153, 32.95453 ], [ -116.49983, 32.95453 ], [ -116.50053, 32.96211 ], [ -116.50429, 32.96228 ], [ -116.50436, 32.96978 ], [ -116.50782, 32.96983 ], [ -116.50769, 32.97716 ], [ -116.51004, 32.97713 ], [ -116.50951, 32.98441 ], [ -116.51823, 32.98437 ], [ -116.51808, 32.98795 ], [ -116.50763, 32.98803 ], [ -116.50764, 32.9844 ], [ -116.5044, 32.9844 ], [ -116.50437, 32.99165 ], [ -116.47675, 32.9912 ], [ -116.47641, 32.99499 ], [ -116.48458, 32.99505 ], [ -116.4836, 33.00604 ], [ -116.48406, 33.00974 ], [ -116.48827, 33.00982 ], [ -116.48862, 33.01348 ], [ -116.49669, 33.01364 ], [ -116.49672, 33.0173 ], [ -116.49284, 33.0172 ], [ -116.49302, 33.02082 ], [ -116.48925, 33.02072 ], [ -116.48781, 33.02441 ], [ -116.47967, 33.02428 ], [ -116.48103, 33.02056 ] ] ] } },
{ "type": "Feature", "properties": { "police_beat": 848 }, "geometry": { "type": "Polygon", "coordinates": [ [ [ -116.63822, 33.13266 ], [ -116.63537, 33.13001 ], [ -116.61608, 33.12159 ], [ -116.61342, 33.10758 ], [ -116.61209, 33.10606 ], [ -116.60586, 33.1025 ], [ -116.60652, 33.10103 ], [ -116.60727, 33.10065 ], [ -116.6089, 33.10152 ], [ -116.60987, 33.10078 ], [ -116.61088, 33.10079 ], [ -116.61102, 33.09953 ], [ -116.61161, 33.09913 ], [ -116.61309, 33.09888 ], [ -116.6142, 33.0977 ], [ -116.61408, 33.09728 ], [ -116.61299, 33.09688 ], [ -116.61319, 33.09643 ], [ -116.6155, 33.09658 ], [ -116.61712, 33.09574 ], [ -116.61903, 33.09665 ], [ -116.61969, 33.09651 ], [ -116.62303, 33.09753 ], [ -116.62381, 33.09747 ], [ -116.6245, 33.09706 ], [ -116.62557, 33.09531 ], [ -116.62578, 33.09482 ], [ -116.62555, 33.09417 ], [ -116.62651, 33.09409 ], [ -116.62701, 33.09354 ], [ -116.62765, 33.09391 ], [ -116.62907, 33.09367 ], [ -116.63054, 33.0944 ], [ -116.63177, 33.09454 ], [ -116.63257, 33.0951 ], [ -116.63355, 33.09485 ], [ -116.63449, 33.09522 ], [ -116.63705, 33.09435 ], [ -116.64605, 33.09438 ], [ -116.64625, 33.09743 ], [ -116.64869, 33.09903 ], [ -116.64978, 33.10145 ], [ -116.65287, 33.10257 ], [ -116.65425, 33.10515 ], [ -116.65585, 33.1059 ], [ -116.65687, 33.10716 ], [ -116.65745, 33.10744 ], [ -116.65826, 33.10738 ], [ -116.65883, 33.10691 ], [ -116.65905, 33.10432 ], [ -116.65951, 33.10342 ], [ -116.65931, 33.10613 ], [ -116.66733, 33.10264 ], [ -116.66821, 33.10404 ], [ -116.66804, 33.10679 ], [ -116.66916, 33.10927 ], [ -116.67467, 33.12852 ], [ -116.674, 33.12875 ], [ -116.67109, 33.12842 ], [ -116.66937, 33.12971 ], [ -116.66619, 33.12976 ], [ -116.66482, 33.13023 ], [ -116.66459, 33.13198 ], [ -116.66271, 33.13278 ], [ -116.66547, 33.1397 ], [ -116.66002, 33.14424 ], [ -116.65087, 33.13807 ], [ -116.63822, 33.13266 ] ] ] } },
{ "type": "Feature", "properties": { "police_beat": 849 }, "geometry": { "type": "Polygon", "coordinates": [ [ [ -116.43063, 33.11359 ], [ -116.42886, 33.1124 ], [ -116.42808, 33.11025 ], [ -116.42852, 33.10762 ], [ -116.4275, 33.10649 ], [ -116.42749, 33.10511 ], [ -116.42558, 33.10414 ], [ -116.4248, 33.10203 ], [ -116.42222, 33.10202 ], [ -116.42087, 33.1002 ], [ -116.41897, 33.09949 ], [ -116.41701, 33.09909 ], [ -116.41399, 33.09908 ], [ -116.41316, 33.09818 ], [ -116.41302, 33.09681 ], [ -116.41088, 33.09549 ], [ -116.40958, 33.09358 ], [ -116.40817, 33.09252 ], [ -116.40775, 33.09144 ], [ -116.40678, 33.09058 ], [ -116.40271, 33.08937 ], [ -116.40137, 33.08706 ], [ -116.39983, 33.08582 ], [ -116.39821, 33.08533 ], [ -116.39589, 33.08528 ], [ -116.39402, 33.08453 ], [ -116.39286, 33.08367 ], [ -116.39119, 33.08132 ], [ -116.38952, 33.08043 ], [ -116.38771, 33.08016 ], [ -116.38538, 33.0783 ], [ -116.38404, 33.07688 ], [ -116.38343, 33.07563 ], [ -116.38333, 33.07439 ], [ -116.38438, 33.07358 ], [ -116.3842, 33.07244 ], [ -116.38125, 33.0717 ], [ -116.38029, 33.07068 ], [ -116.37994, 33.06966 ], [ -116.37942, 33.06937 ], [ -116.37607, 33.06936 ], [ -116.37466, 33.06872 ], [ -116.37295, 33.06695 ], [ -116.37224, 33.06491 ], [ -116.37167, 33.06418 ], [ -116.37041, 33.06331 ], [ -116.36734, 33.06213 ], [ -116.36381, 33.05925 ], [ -116.35913, 33.05734 ], [ -116.35574, 33.05528 ], [ -116.35339, 33.05538 ], [ -116.35172, 33.055 ], [ -116.34802, 33.05241 ], [ -116.34499, 33.05108 ], [ -116.33464, 33.04821 ], [ -116.33139, 33.04678 ], [ -116.33011, 33.04577 ], [ -116.32802, 33.04288 ], [ -116.3237, 33.04054 ], [ -116.32219, 33.03912 ], [ -116.32021, 33.03648 ], [ -116.31539, 33.034 ], [ -116.31053, 33.02981 ], [ -116.30855, 33.02698 ], [ -116.30512, 33.02523 ], [ -116.30234, 33.02251 ], [ -116.30089, 33.02208 ], [ -116.29848, 33.02192 ], [ -116.29407, 33.02277 ], [ -116.29281, 33.02273 ], [ -116.28547, 33.01964 ], [ -116.27871, 33.01819 ], [ -116.27429, 33.01504 ], [ -116.26926, 33.01492 ], [ -116.26702, 33.01405 ], [ -116.2652, 33.01262 ], [ -116.26397, 33.00973 ], [ -116.26225, 33.00786 ], [ -116.26232, 33.007 ], [ -116.26365, 33.00638 ], [ -116.26407, 33.00572 ], [ -116.26402, 33.00437 ], [ -116.26333, 33.00229 ], [ -116.2618, 33.00035 ], [ -116.2597, 32.99888 ], [ -116.25569, 32.99774 ], [ -116.25114, 32.9976 ], [ -116.24855, 32.99568 ], [ -116.24327, 32.99404 ], [ -116.23916, 32.99095 ], [ -116.23765, 32.99017 ], [ -116.23086, 32.98954 ], [ -116.22608, 32.98735 ], [ -116.22417, 32.98578 ], [ -116.22297, 32.98377 ], [ -116.22057, 32.98209 ], [ -116.21862, 32.97964 ], [ -116.21683, 32.97868 ], [ -116.21492, 32.97856 ], [ -116.21184, 32.97688 ], [ -116.20866, 32.97402 ], [ -116.20654, 32.97084 ], [ -116.20502, 32.96964 ], [ -116.20198, 32.96809 ], [ -116.20065, 32.966 ], [ -116.19855, 32.96399 ], [ -116.19813, 32.96019 ], [ -116.19745, 32.95891 ], [ -116.19607, 32.95783 ], [ -116.19237, 32.95674 ], [ -116.1911, 32.95599 ], [ -116.18998, 32.95585 ], [ -116.18878, 32.95608 ], [ -116.1029, 32.95618 ], [ -116.10303, 32.9307 ], [ -116.1024, 32.90871 ], [ -116.10319, 32.9037 ], [ -116.1037, 32.88897 ], [ -116.10268, 32.86471 ], [ -116.10345, 32.84187 ], [ -116.10358, 32.81442 ], [ -116.10299, 32.72635 ], [ -116.10558, 32.72635 ], [ -116.10573, 32.68288 ], [ -116.12298, 32.68284 ], [ -116.12298, 32.6792 ], [ -116.11003, 32.67937 ], [ -116.11002, 32.6755 ], [ -116.11437, 32.67551 ], [ -116.11433, 32.66821 ], [ -116.11014, 32.66819 ], [ -116.11015, 32.66451 ], [ -116.11443, 32.66453 ], [ -116.11446, 32.66091 ], [ -116.10583, 32.66087 ], [ -116.10581, 32.65367 ], [ -116.12301, 32.65368 ], [ -116.12301, 32.66826 ], [ -116.13935, 32.66873 ], [ -116.14001, 32.69759 ], [ -116.15733, 32.69758 ], [ -116.15691, 32.68285 ], [ -116.1821, 32.68288 ], [ -116.18326, 32.69734 ], [ -116.18296, 32.70097 ], [ -116.1871, 32.70097 ], [ -116.18659, 32.70811 ], [ -116.19093, 32.70811 ], [ -116.19061, 32.71188 ], [ -116.19087, 32.71558 ], [ -116.18658, 32.71558 ], [ -116.18682, 32.71907 ], [ -116.18253, 32.71908 ], [ -116.18306, 32.72644 ], [ -116.18027, 32.72642 ], [ -116.18008, 32.74086 ], [ -116.18434, 32.74089 ], [ -116.18426, 32.74821 ], [ -116.18868, 32.74824 ], [ -116.18852, 32.75573 ], [ -116.18911, 32.75952 ], [ -116.18472, 32.75951 ], [ -116.18538, 32.76335 ], [ -116.18547, 32.79882 ], [ -116.22043, 32.79883 ], [ -116.21968, 32.81437 ], [ -116.32627, 32.81505 ], [ -116.3264, 32.8296 ], [ -116.33469, 32.82962 ], [ -116.33485, 32.8512 ], [ -116.32644, 32.8513 ], [ -116.32638, 32.85493 ], [ -116.32219, 32.85493 ], [ -116.32219, 32.85857 ], [ -116.31811, 32.85848 ], [ -116.31813, 32.87306 ], [ -116.30969, 32.873 ], [ -116.30981, 32.85843 ], [ -116.29347, 32.85847 ], [ -116.29335, 32.86572 ], [ -116.28501, 32.86572 ], [ -116.28484, 32.87294 ], [ -116.27659, 32.87287 ], [ -116.27647, 32.88034 ], [ -116.26769, 32.88035 ], [ -116.26766, 32.88772 ], [ -116.25936, 32.88771 ], [ -116.24306, 32.88895 ], [ -116.24355, 32.89622 ], [ -116.23786, 32.90203 ], [ -116.24336, 32.91794 ], [ -116.29316, 32.9172 ], [ -116.30117, 32.9181 ], [ -116.32681, 32.91591 ], [ -116.32877, 32.9297 ], [ -116.32757, 32.94545 ], [ -116.32758, 32.96131 ], [ -116.33502, 32.95938 ], [ -116.33878, 32.97702 ], [ -116.36368, 32.97684 ], [ -116.36333, 32.98043 ], [ -116.38485, 32.97959 ], [ -116.38556, 32.9759 ], [ -116.40846, 32.97589 ], [ -116.40832, 32.97216 ], [ -116.41187, 32.97222 ], [ -116.41166, 32.99064 ], [ -116.4418, 32.99085 ], [ -116.44205, 32.99471 ], [ -116.4473, 32.99477 ], [ -116.44758, 32.99859 ], [ -116.46002, 32.99855 ], [ -116.45985, 33.00588 ], [ -116.45921, 33.01321 ], [ -116.47195, 33.01323 ], [ -116.47169, 33.00959 ], [ -116.47588, 33.00964 ], [ -116.47664, 33.0205 ], [ -116.48103, 33.02056 ], [ -116.47967, 33.02428 ], [ -116.48781, 33.02441 ], [ -116.48925, 33.02072 ], [ -116.51354, 33.02127 ], [ -116.51373, 33.03231 ], [ -116.5098, 33.03215 ], [ -116.50963, 33.03582 ], [ -116.50525, 33.0356 ], [ -116.50538, 33.03927 ], [ -116.50968, 33.03946 ], [ -116.50972, 33.04312 ], [ -116.51394, 33.04328 ], [ -116.5141, 33.05057 ], [ -116.51369, 33.07245 ], [ -116.50101, 33.07245 ], [ -116.50115, 33.06872 ], [ -116.49681, 33.06866 ], [ -116.49667, 33.0723 ], [ -116.4925, 33.07216 ], [ -116.4926, 33.06844 ], [ -116.47537, 33.068 ], [ -116.4753, 33.07166 ], [ -116.47956, 33.07178 ], [ -116.47938, 33.07823 ], [ -116.47791, 33.07758 ], [ -116.46559, 33.09006 ], [ -116.45635, 33.09006 ], [ -116.45634, 33.08654 ], [ -116.46884, 33.08652 ], [ -116.46887, 33.08304 ], [ -116.46067, 33.08295 ], [ -116.46066, 33.07924 ], [ -116.44983, 33.07928 ], [ -116.44982, 33.06807 ], [ -116.44552, 33.06809 ], [ -116.44555, 33.06073 ], [ -116.44125, 33.0608 ], [ -116.44124, 33.05349 ], [ -116.43709, 33.05353 ], [ -116.43708, 33.05725 ], [ -116.41993, 33.05728 ], [ -116.41982, 33.0719 ], [ -116.42415, 33.07192 ], [ -116.42408, 33.07558 ], [ -116.42834, 33.07558 ], [ -116.42828, 33.07932 ], [ -116.4262, 33.0793 ], [ -116.42621, 33.0828 ], [ -116.43487, 33.08286 ], [ -116.43488, 33.08661 ], [ -116.43903, 33.08658 ], [ -116.43882, 33.09737 ], [ -116.44747, 33.09755 ], [ -116.44687, 33.10894 ], [ -116.44257, 33.10887 ], [ -116.44237, 33.11297 ], [ -116.43807, 33.11285 ], [ -116.43783, 33.11667 ], [ -116.43588, 33.11586 ], [ -116.4344, 33.11384 ], [ -116.43362, 33.11342 ], [ -116.43063, 33.11359 ] ] ] } },
{ "type": "Feature", "properties": { "police_beat": 850 }, "geometry": { "type": "Polygon", "coordinates": [ [ [ -116.61584, 32.8447 ], [ -116.60068, 32.84496 ], [ -116.60151, 32.84386 ], [ -116.6028, 32.84318 ], [ -116.60876, 32.84173 ], [ -116.61137, 32.8419 ], [ -116.61265, 32.84144 ], [ -116.61543, 32.83864 ], [ -116.61892, 32.83686 ], [ -116.62181, 32.83468 ], [ -116.62531, 32.82732 ], [ -116.62289, 32.82574 ], [ -116.61918, 32.82429 ], [ -116.61743, 32.82421 ], [ -116.60897, 32.82502 ], [ -116.6065, 32.82494 ], [ -116.58428, 32.8203 ], [ -116.57321, 32.8206 ], [ -116.57049, 32.82124 ], [ -116.56651, 32.82281 ], [ -116.5644, 32.82322 ], [ -116.5544, 32.82314 ], [ -116.5518, 32.82248 ], [ -116.5468, 32.82 ], [ -116.54405, 32.81917 ], [ -116.54108, 32.81884 ], [ -116.53547, 32.819 ], [ -116.52954, 32.81804 ], [ -116.52135, 32.81433 ], [ -116.51125, 32.81166 ], [ -116.51044, 32.81127 ], [ -116.51067, 32.81093 ], [ -116.50776, 32.80911 ], [ -116.50215, 32.80395 ], [ -116.49933, 32.801 ], [ -116.49742, 32.79816 ], [ -116.49579, 32.79372 ], [ -116.49311, 32.77658 ], [ -116.49249, 32.77441 ], [ -116.48982, 32.76961 ], [ -116.48611, 32.76496 ], [ -116.67522, 32.76449 ], [ -116.71885, 32.81636 ], [ -116.71182, 32.81656 ], [ -116.71031, 32.81857 ], [ -116.70683, 32.81957 ], [ -116.70402, 32.82198 ], [ -116.70267, 32.82202 ], [ -116.70115, 32.82146 ], [ -116.69942, 32.82193 ], [ -116.69806, 32.82137 ], [ -116.6947, 32.82207 ], [ -116.69346, 32.82175 ], [ -116.69183, 32.8205 ], [ -116.68986, 32.82042 ], [ -116.68932, 32.81984 ], [ -116.68814, 32.82098 ], [ -116.68428, 32.82119 ], [ -116.68257, 32.82172 ], [ -116.68107, 32.82329 ], [ -116.67772, 32.82394 ], [ -116.67642, 32.82648 ], [ -116.67491, 32.82654 ], [ -116.67331, 32.82714 ], [ -116.67181, 32.82699 ], [ -116.67143, 32.82727 ], [ -116.67409, 32.83104 ], [ -116.6739, 32.83133 ], [ -116.67324, 32.83112 ], [ -116.67469, 32.83344 ], [ -116.67517, 32.83558 ], [ -116.67657, 32.83785 ], [ -116.66825, 32.83886 ], [ -116.66019, 32.83756 ], [ -116.66085, 32.88707 ], [ -116.61406, 32.88752 ], [ -116.61584, 32.8447 ] ] ] } },
{ "type": "Feature", "properties": { "police_beat": 851 }, "geometry": { "type": "Polygon", "coordinates": [ [ [ -116.56473, 32.88873 ], [ -116.56472, 32.87471 ], [ -116.55693, 32.87475 ], [ -116.58286, 32.84474 ], [ -116.59228, 32.84464 ], [ -116.5928, 32.84439 ], [ -116.59951, 32.84448 ], [ -116.59952, 32.84499 ], [ -116.61584, 32.8447 ], [ -116.61533, 32.85915 ], [ -116.6145, 32.85915 ], [ -116.61449, 32.86013 ], [ -116.61317, 32.86014 ], [ -116.61315, 32.85915 ], [ -116.61249, 32.85917 ], [ -116.6124, 32.85889 ], [ -116.61072, 32.85896 ], [ -116.61083, 32.86643 ], [ -116.60653, 32.86651 ], [ -116.60646, 32.85929 ], [ -116.59956, 32.85945 ], [ -116.59961, 32.86235 ], [ -116.59898, 32.8624 ], [ -116.59934, 32.87393 ], [ -116.58187, 32.87427 ], [ -116.58187, 32.88871 ], [ -116.56473, 32.88873 ] ] ] } },
{ "type": "Feature", "properties": { "police_beat": 852 }, "geometry": { "type": "MultiPolygon", "coordinates": [ [ [ [ -116.5131, 32.81233 ], [ -116.52144, 32.81436 ], [ -116.52951, 32.81803 ], [ -116.53547, 32.819 ], [ -116.54108, 32.81884 ], [ -116.54405, 32.81917 ], [ -116.5468, 32.82 ], [ -116.5518, 32.82248 ], [ -116.55436, 32.82314 ], [ -116.5644, 32.82322 ], [ -116.56651, 32.82281 ], [ -116.57049, 32.82124 ], [ -116.57321, 32.8206 ], [ -116.58428, 32.8203 ], [ -116.6065, 32.82494 ], [ -116.60897, 32.82502 ], [ -116.61743, 32.82421 ], [ -116.61918, 32.82429 ], [ -116.62289, 32.82574 ], [ -116.62531, 32.82732 ], [ -116.62179, 32.8347 ], [ -116.61892, 32.83686 ], [ -116.61548, 32.8386 ], [ -116.61216, 32.84171 ], [ -116.60884, 32.84172 ], [ -116.60283, 32.84317 ], [ -116.60152, 32.84385 ], [ -116.60068, 32.84496 ], [ -116.59952, 32.84499 ], [ -116.59951, 32.84448 ], [ -116.5928, 32.84439 ], [ -116.59228, 32.84464 ], [ -116.58286, 32.84474 ], [ -116.5335, 32.90155 ], [ -116.51669, 32.90172 ], [ -116.50849, 32.934 ], [ -116.50798, 32.93392 ], [ -116.50923, 32.93922 ], [ -116.51001, 32.9412 ], [ -116.49862, 32.93949 ], [ -116.49912, 32.94694 ], [ -116.4908, 32.94684 ], [ -116.49017, 32.93939 ], [ -116.48591, 32.93927 ], [ -116.48555, 32.93571 ], [ -116.48149, 32.93571 ], [ -116.48099, 32.93175 ], [ -116.44683, 32.93169 ], [ -116.448, 32.90175 ], [ -116.41306, 32.90203 ], [ -116.41274, 32.8802 ], [ -116.40836, 32.88017 ], [ -116.40824, 32.87119 ], [ -116.41597, 32.87109 ], [ -116.41566, 32.87023 ], [ -116.41594, 32.8694 ], [ -116.41848, 32.86764 ], [ -116.4204, 32.86524 ], [ -116.42028, 32.8619 ], [ -116.42189, 32.85955 ], [ -116.42311, 32.85666 ], [ -116.42317, 32.85536 ], [ -116.4227, 32.85321 ], [ -116.42298, 32.85207 ], [ -116.42542, 32.84925 ], [ -116.4266, 32.84857 ], [ -116.43131, 32.84761 ], [ -116.43559, 32.84743 ], [ -116.43717, 32.84679 ], [ -116.43999, 32.84473 ], [ -116.4416, 32.84448 ], [ -116.44318, 32.84481 ], [ -116.44625, 32.84621 ], [ -116.44851, 32.84811 ], [ -116.45103, 32.85145 ], [ -116.45382, 32.85361 ], [ -116.45533, 32.85629 ], [ -116.45755, 32.85795 ], [ -116.45851, 32.86148 ], [ -116.45925, 32.86202 ], [ -116.46022, 32.86219 ], [ -116.46173, 32.86148 ], [ -116.46424, 32.85731 ], [ -116.46733, 32.85555 ], [ -116.46876, 32.8552 ], [ -116.47154, 32.85563 ], [ -116.47575, 32.85492 ], [ -116.47689, 32.85425 ], [ -116.47841, 32.85263 ], [ -116.48178, 32.85202 ], [ -116.4838, 32.85025 ], [ -116.48513, 32.84956 ], [ -116.48567, 32.84886 ], [ -116.48602, 32.84738 ], [ -116.48724, 32.84616 ], [ -116.48828, 32.84593 ], [ -116.49017, 32.84629 ], [ -116.49335, 32.84567 ], [ -116.49432, 32.84486 ], [ -116.49462, 32.84359 ], [ -116.49563, 32.84236 ], [ -116.49505, 32.83843 ], [ -116.49636, 32.83729 ], [ -116.49668, 32.83661 ], [ -116.49594, 32.83394 ], [ -116.49625, 32.83192 ], [ -116.49525, 32.82844 ], [ -116.49615, 32.82589 ], [ -116.49684, 32.82527 ], [ -116.49829, 32.82508 ], [ -116.4999, 32.8244 ], [ -116.50201, 32.82492 ], [ -116.50374, 32.82464 ], [ -116.50435, 32.82419 ], [ -116.5048, 32.82289 ], [ -116.50533, 32.82233 ], [ -116.5076, 32.82209 ], [ -116.50828, 32.82173 ], [ -116.50901, 32.82006 ], [ -116.51015, 32.81891 ], [ -116.50975, 32.81668 ], [ -116.50861, 32.81509 ], [ -116.50897, 32.81348 ], [ -116.51061, 32.81135 ], [ -116.5131, 32.81233 ] ], [ [ -116.42186, 32.88075 ], [ -116.42084, 32.879 ], [ -116.42003, 32.87926 ], [ -116.41959, 32.87858 ], [ -116.41884, 32.87885 ], [ -116.41498, 32.87194 ], [ -116.41112, 32.87326 ], [ -116.41631, 32.883 ], [ -116.42186, 32.88075 ] ] ] ] } },
{ "type": "Feature", "properties": { "police_beat": 853 }, "geometry": { "type": "MultiPolygon", "coordinates": [ [ [ [ -116.41941, 32.70381 ], [ -116.47048, 32.70378 ], [ -116.47491, 32.72182 ], [ -116.47264, 32.71974 ], [ -116.46939, 32.71853 ], [ -116.46714, 32.7183 ], [ -116.46117, 32.7187 ], [ -116.45642, 32.71974 ], [ -116.44939, 32.72332 ], [ -116.44427, 32.72484 ], [ -116.43312, 32.72611 ], [ -116.42602, 32.72791 ], [ -116.42201, 32.72845 ], [ -116.41945, 32.7285 ], [ -116.41941, 32.70381 ] ] ], [ [ [ -116.49268, 32.76494 ], [ -116.48611, 32.76496 ], [ -116.48367, 32.76057 ], [ -116.49106, 32.75862 ], [ -116.4926, 32.75736 ], [ -116.49335, 32.75565 ], [ -116.49268, 32.76494 ] ] ] ] } },
{ "type": "Feature", "properties": { "police_beat": 854 }, "geometry": { "type": "MultiPolygon", "coordinates": [ [ [ [ -116.71925, 32.90569 ], [ -116.73667, 32.90607 ], [ -116.73674, 32.92065 ], [ -116.7205, 32.92067 ], [ -116.71925, 32.90569 ] ] ], [ [ [ -116.7205, 32.92067 ], [ -116.72222, 32.93583 ], [ -116.73901, 32.93595 ], [ -116.73885, 32.94988 ], [ -116.73617, 32.96341 ], [ -116.73619, 32.97523 ], [ -116.73571, 32.97559 ], [ -116.73056, 32.97598 ], [ -116.72635, 32.97534 ], [ -116.7236, 32.97619 ], [ -116.72247, 32.97697 ], [ -116.71952, 32.97746 ], [ -116.71695, 32.97691 ], [ -116.71254, 32.978 ], [ -116.70854, 32.97767 ], [ -116.70699, 32.97672 ], [ -116.7058, 32.97694 ], [ -116.70498, 32.97582 ], [ -116.70086, 32.97376 ], [ -116.69628, 32.97483 ], [ -116.69428, 32.97382 ], [ -116.69113, 32.97553 ], [ -116.68819, 32.97525 ], [ -116.68756, 32.97402 ], [ -116.68857, 32.97173 ], [ -116.68846, 32.97109 ], [ -116.68886, 32.97077 ], [ -116.68813, 32.96996 ], [ -116.68221, 32.96813 ], [ -116.68087, 32.96892 ], [ -116.68053, 32.96948 ], [ -116.68039, 32.9709 ], [ -116.67707, 32.96987 ], [ -116.67627, 32.97007 ], [ -116.67524, 32.96981 ], [ -116.67491, 32.96937 ], [ -116.6756, 32.96822 ], [ -116.67548, 32.9678 ], [ -116.67321, 32.96633 ], [ -116.67144, 32.96582 ], [ -116.67086, 32.96599 ], [ -116.66847, 32.96481 ], [ -116.66716, 32.9648 ], [ -116.66664, 32.96363 ], [ -116.6658, 32.96315 ], [ -116.66301, 32.96378 ], [ -116.66102, 32.96323 ], [ -116.66011, 32.96403 ], [ -116.65825, 32.96496 ], [ -116.61097, 32.9614 ], [ -116.61201, 32.92914 ], [ -116.61406, 32.88752 ], [ -116.63833, 32.88711 ], [ -116.66845, 32.88706 ], [ -116.66833, 32.90576 ], [ -116.66936, 32.90576 ], [ -116.66935, 32.92758 ], [ -116.67341, 32.92753 ], [ -116.67338, 32.92036 ], [ -116.67794, 32.92032 ], [ -116.67785, 32.91669 ], [ -116.67337, 32.91671 ], [ -116.67333, 32.90929 ], [ -116.67785, 32.90923 ], [ -116.67787, 32.913 ], [ -116.68673, 32.91293 ], [ -116.68674, 32.92025 ], [ -116.7205, 32.92067 ] ], [ [ -116.67818, 32.93493 ], [ -116.68697, 32.93482 ], [ -116.6867, 32.92025 ], [ -116.67794, 32.92032 ], [ -116.67818, 32.93493 ] ] ] ] } },
{ "type": "Feature", "properties": { "police_beat": 855 }, "geometry": { "type": "Polygon", "coordinates": [ [ [ -116.41146, 32.81497 ], [ -116.3774, 32.81499 ], [ -116.37727, 32.80025 ], [ -116.37663, 32.7856 ], [ -116.37664, 32.77132 ], [ -116.37789, 32.77099 ], [ -116.37798, 32.74885 ], [ -116.41195, 32.74817 ], [ -116.41196, 32.73394 ], [ -116.41248, 32.73393 ], [ -116.41275, 32.73041 ], [ -116.41945, 32.73027 ], [ -116.41945, 32.7285 ], [ -116.42444, 32.72819 ], [ -116.43303, 32.72613 ], [ -116.44573, 32.72453 ], [ -116.44944, 32.7233 ], [ -116.45512, 32.72027 ], [ -116.4586, 32.7191 ], [ -116.46672, 32.71832 ], [ -116.46887, 32.71843 ], [ -116.47244, 32.71963 ], [ -116.47491, 32.72182 ], [ -116.49659, 32.72197 ], [ -116.49562, 32.72713 ], [ -116.49543, 32.73039 ], [ -116.49372, 32.73417 ], [ -116.49376, 32.73788 ], [ -116.4944, 32.74125 ], [ -116.49321, 32.75624 ], [ -116.49233, 32.75768 ], [ -116.49086, 32.75871 ], [ -116.48367, 32.76057 ], [ -116.48611, 32.76496 ], [ -116.49115, 32.77163 ], [ -116.49249, 32.77441 ], [ -116.49311, 32.77658 ], [ -116.49579, 32.79372 ], [ -116.49741, 32.79813 ], [ -116.49945, 32.80115 ], [ -116.50272, 32.8045 ], [ -116.50776, 32.80911 ], [ -116.51067, 32.81093 ], [ -116.50895, 32.81353 ], [ -116.50861, 32.81509 ], [ -116.50975, 32.81668 ], [ -116.51015, 32.8189 ], [ -116.50901, 32.82006 ], [ -116.50829, 32.82172 ], [ -116.5076, 32.82209 ], [ -116.50533, 32.82233 ], [ -116.5048, 32.82289 ], [ -116.50435, 32.82419 ], [ -116.50375, 32.82464 ], [ -116.50201, 32.82492 ], [ -116.4999, 32.8244 ], [ -116.49829, 32.82508 ], [ -116.49684, 32.82527 ], [ -116.49614, 32.8259 ], [ -116.49525, 32.82844 ], [ -116.49625, 32.83192 ], [ -116.49594, 32.83394 ], [ -116.49669, 32.83656 ], [ -116.49636, 32.83729 ], [ -116.49507, 32.83836 ], [ -116.4957, 32.84205 ], [ -116.49461, 32.84361 ], [ -116.49433, 32.84485 ], [ -116.49257, 32.84596 ], [ -116.49009, 32.84629 ], [ -116.48828, 32.84593 ], [ -116.48722, 32.84616 ], [ -116.48602, 32.84738 ], [ -116.48567, 32.84886 ], [ -116.48513, 32.84956 ], [ -116.4838, 32.85025 ], [ -116.48178, 32.85202 ], [ -116.47841, 32.85263 ], [ -116.47691, 32.85423 ], [ -116.47581, 32.8549 ], [ -116.47156, 32.85563 ], [ -116.46876, 32.8552 ], [ -116.46731, 32.85555 ], [ -116.46423, 32.85732 ], [ -116.46173, 32.86148 ], [ -116.46025, 32.86219 ], [ -116.45928, 32.86203 ], [ -116.45852, 32.86149 ], [ -116.45755, 32.85795 ], [ -116.45533, 32.85629 ], [ -116.45382, 32.85361 ], [ -116.45103, 32.85145 ], [ -116.4485, 32.8481 ], [ -116.44625, 32.84621 ], [ -116.44317, 32.8448 ], [ -116.4416, 32.84448 ], [ -116.43999, 32.84473 ], [ -116.43717, 32.84679 ], [ -116.43559, 32.84743 ], [ -116.43131, 32.84761 ], [ -116.42657, 32.84858 ], [ -116.4254, 32.84926 ], [ -116.42298, 32.85207 ], [ -116.4227, 32.85321 ], [ -116.42317, 32.85536 ], [ -116.42311, 32.85666 ], [ -116.42189, 32.85955 ], [ -116.42028, 32.8619 ], [ -116.4204, 32.86524 ], [ -116.41848, 32.86764 ], [ -116.41594, 32.8694 ], [ -116.41566, 32.87023 ], [ -116.41597, 32.87109 ], [ -116.40824, 32.87119 ], [ -116.40816, 32.86569 ], [ -116.41259, 32.86568 ], [ -116.41146, 32.81497 ] ], [ [ -116.41995, 32.75926 ], [ -116.41178, 32.75928 ], [ -116.41172, 32.76699 ], [ -116.41597, 32.76696 ], [ -116.41594, 32.77028 ], [ -116.41989, 32.77028 ], [ -116.41995, 32.75926 ] ] ] } },
{ "type": "Feature", "properties": { "police_beat": 856 }, "geometry": { "type": "Polygon", "coordinates": [ [ [ -116.41112, 32.87326 ], [ -116.41498, 32.87194 ], [ -116.41884, 32.87885 ], [ -116.41959, 32.87858 ], [ -116.42003, 32.87926 ], [ -116.42084, 32.879 ], [ -116.42186, 32.88075 ], [ -116.41631, 32.883 ], [ -116.41112, 32.87326 ] ] ] } },
{ "type": "Feature", "properties": { "police_beat": 857 }, "geometry": { "type": "Polygon", "coordinates": [ [ [ -116.37737, 32.85851 ], [ -116.36015, 32.85848 ], [ -116.35963, 32.84386 ], [ -116.3595, 32.81488 ], [ -116.3774, 32.81499 ], [ -116.37739, 32.81862 ], [ -116.37292, 32.81862 ], [ -116.37293, 32.8222 ], [ -116.38171, 32.82221 ], [ -116.38166, 32.81857 ], [ -116.39029, 32.81853 ], [ -116.39016, 32.81494 ], [ -116.39865, 32.81493 ], [ -116.39874, 32.81856 ], [ -116.40294, 32.81855 ], [ -116.40315, 32.82949 ], [ -116.39487, 32.82945 ], [ -116.39487, 32.8367 ], [ -116.4122, 32.83666 ], [ -116.41259, 32.86568 ], [ -116.37768, 32.86576 ], [ -116.37737, 32.85851 ] ], [ [ -116.38179, 32.83292 ], [ -116.37738, 32.83292 ], [ -116.37746, 32.84021 ], [ -116.38184, 32.84019 ], [ -116.38179, 32.83292 ] ] ] } },
{ "type": "Feature", "properties": { "police_beat": 858 }, "geometry": { "type": "Polygon", "coordinates": [ [ [ -116.38179, 32.83292 ], [ -116.38184, 32.84019 ], [ -116.37746, 32.84021 ], [ -116.37738, 32.83292 ], [ -116.38179, 32.83292 ] ] ] } },
{ "type": "Feature", "properties": { "police_beat": 859 }, "geometry": { "type": "Polygon", "coordinates": [ [ [ -116.18538, 32.76335 ], [ -116.19374, 32.76316 ], [ -116.19319, 32.75941 ], [ -116.19712, 32.75925 ], [ -116.197, 32.75176 ], [ -116.19275, 32.75176 ], [ -116.19289, 32.74456 ], [ -116.18877, 32.74453 ], [ -116.18885, 32.73729 ], [ -116.18444, 32.73717 ], [ -116.18448, 32.72644 ], [ -116.18731, 32.72647 ], [ -116.18706, 32.72271 ], [ -116.19137, 32.72273 ], [ -116.19112, 32.71909 ], [ -116.19539, 32.71913 ], [ -116.19497, 32.71196 ], [ -116.19551, 32.70461 ], [ -116.19122, 32.70452 ], [ -116.19182, 32.69735 ], [ -116.19083, 32.68642 ], [ -116.19521, 32.68645 ], [ -116.1948, 32.68279 ], [ -116.2003, 32.68276 ], [ -116.20027, 32.67942 ], [ -116.20268, 32.67943 ], [ -116.20281, 32.67594 ], [ -116.19543, 32.67599 ], [ -116.19551, 32.66508 ], [ -116.2041, 32.66493 ], [ -116.20399, 32.6614 ], [ -116.20807, 32.66137 ], [ -116.20811, 32.68258 ], [ -116.20908, 32.69765 ], [ -116.20765, 32.71228 ], [ -116.20879, 32.72661 ], [ -116.2228, 32.72634 ], [ -116.22246, 32.74995 ], [ -116.22043, 32.79883 ], [ -116.18547, 32.79882 ], [ -116.18538, 32.76335 ] ] ] } },
{ "type": "Feature", "properties": { "police_beat": 860 }, "geometry": { "type": "Polygon", "coordinates": [ [ [ -116.19121, 32.6468 ], [ -116.19558, 32.6466 ], [ -116.19547, 32.64307 ], [ -116.20859, 32.64253 ], [ -116.20824, 32.65763 ], [ -116.20383, 32.65772 ], [ -116.19657, 32.65096 ], [ -116.19434, 32.64963 ], [ -116.19122, 32.64843 ], [ -116.19121, 32.6468 ] ] ] } },
{ "type": "Feature", "properties": { "police_beat": 861 }, "geometry": { "type": "Polygon", "coordinates": [ [ [ -116.54578, 32.91116 ], [ -116.51426, 32.91119 ], [ -116.51669, 32.90172 ], [ -116.5335, 32.90155 ], [ -116.55693, 32.87475 ], [ -116.56472, 32.87471 ], [ -116.56473, 32.88873 ], [ -116.58187, 32.88871 ], [ -116.58187, 32.87427 ], [ -116.59934, 32.87393 ], [ -116.59898, 32.8624 ], [ -116.59961, 32.86235 ], [ -116.59956, 32.85945 ], [ -116.60646, 32.85929 ], [ -116.60653, 32.86651 ], [ -116.60919, 32.86646 ], [ -116.61083, 32.86643 ], [ -116.61072, 32.85896 ], [ -116.6124, 32.85889 ], [ -116.61249, 32.85917 ], [ -116.61315, 32.85915 ], [ -116.61317, 32.86014 ], [ -116.61449, 32.86013 ], [ -116.6145, 32.85915 ], [ -116.61533, 32.85915 ], [ -116.61291, 32.91106 ], [ -116.54578, 32.91116 ] ] ] } },
{ "type": "Feature", "properties": { "police_beat": 870 }, "geometry": { "type": "Polygon", "coordinates": [ [ [ -116.55093, 32.76478 ], [ -116.5508, 32.74392 ], [ -116.54925, 32.73227 ], [ -116.55793, 32.73194 ], [ -116.55809, 32.71603 ], [ -116.55771, 32.65807 ], [ -116.57309, 32.65814 ], [ -116.57301, 32.65432 ], [ -116.60714, 32.65421 ], [ -116.60715, 32.66858 ], [ -116.6565, 32.66895 ], [ -116.69092, 32.66812 ], [ -116.708, 32.66833 ], [ -116.70823, 32.68296 ], [ -116.72042, 32.68472 ], [ -116.72041, 32.68686 ], [ -116.7377, 32.68694 ], [ -116.73786, 32.72258 ], [ -116.73732, 32.73022 ], [ -116.7195, 32.7298 ], [ -116.69495, 32.72989 ], [ -116.68915, 32.73871 ], [ -116.68135, 32.74302 ], [ -116.67955, 32.74369 ], [ -116.67637, 32.74572 ], [ -116.67426, 32.7464 ], [ -116.67152, 32.74617 ], [ -116.6696, 32.74705 ], [ -116.66839, 32.74799 ], [ -116.66815, 32.74873 ], [ -116.66835, 32.74921 ], [ -116.66962, 32.74966 ], [ -116.67103, 32.75066 ], [ -116.67108, 32.75226 ], [ -116.67246, 32.75262 ], [ -116.67338, 32.75346 ], [ -116.67462, 32.75393 ], [ -116.67581, 32.75585 ], [ -116.67561, 32.75782 ], [ -116.67401, 32.75946 ], [ -116.67418, 32.76219 ], [ -116.67522, 32.76449 ], [ -116.55093, 32.76478 ] ] ] } },
{ "type": "Feature", "properties": { "police_beat": 871 }, "geometry": { "type": "MultiPolygon", "coordinates": [ [ [ [ -116.50905, 32.67857 ], [ -116.50905, 32.67648 ], [ -116.50914, 32.67551 ], [ -116.51412, 32.6755 ], [ -116.51408, 32.66813 ], [ -116.50526, 32.66816 ], [ -116.50519, 32.66029 ], [ -116.52228, 32.6602 ], [ -116.52118, 32.67255 ], [ -116.534, 32.67259 ], [ -116.53399, 32.67818 ], [ -116.52542, 32.67813 ], [ -116.52544, 32.68217 ], [ -116.51675, 32.68217 ], [ -116.5167, 32.67855 ], [ -116.50905, 32.67857 ] ] ], [ [ [ -116.4944, 32.74122 ], [ -116.49376, 32.73788 ], [ -116.49372, 32.73417 ], [ -116.49543, 32.73039 ], [ -116.49562, 32.72713 ], [ -116.49659, 32.72197 ], [ -116.47491, 32.72182 ], [ -116.47049, 32.70419 ], [ -116.4705, 32.68965 ], [ -116.50535, 32.68914 ], [ -116.5053, 32.68206 ], [ -116.51192, 32.68224 ], [ -116.51194, 32.68862 ], [ -116.51262, 32.68861 ], [ -116.51245, 32.69289 ], [ -116.50801, 32.69288 ], [ -116.50784, 32.70019 ], [ -116.50364, 32.70019 ], [ -116.50366, 32.69661 ], [ -116.49956, 32.69658 ], [ -116.49937, 32.71109 ], [ -116.4951, 32.71112 ], [ -116.4951, 32.71505 ], [ -116.5035, 32.71481 ], [ -116.5035, 32.71109 ], [ -116.50786, 32.71104 ], [ -116.50784, 32.70736 ], [ -116.51451, 32.70751 ], [ -116.51881, 32.70894 ], [ -116.52082, 32.71044 ], [ -116.52073, 32.71818 ], [ -116.5252, 32.71823 ], [ -116.52512, 32.72556 ], [ -116.52952, 32.72556 ], [ -116.52947, 32.72189 ], [ -116.53385, 32.72188 ], [ -116.53398, 32.71042 ], [ -116.5381, 32.71038 ], [ -116.53815, 32.6962 ], [ -116.53398, 32.69618 ], [ -116.53405, 32.68892 ], [ -116.53814, 32.689 ], [ -116.53813, 32.6926 ], [ -116.54244, 32.69263 ], [ -116.54247, 32.69618 ], [ -116.54666, 32.69624 ], [ -116.54671, 32.68902 ], [ -116.5509, 32.68904 ], [ -116.55091, 32.68226 ], [ -116.5467, 32.68225 ], [ -116.54668, 32.67819 ], [ -116.54239, 32.67817 ], [ -116.5424, 32.67461 ], [ -116.53819, 32.67463 ], [ -116.53821, 32.67259 ], [ -116.55778, 32.67257 ], [ -116.55793, 32.73194 ], [ -116.54925, 32.73227 ], [ -116.5508, 32.74392 ], [ -116.55093, 32.76478 ], [ -116.49268, 32.76494 ], [ -116.4944, 32.74122 ] ] ] ] } },
{ "type": "Feature", "properties": { "police_beat": 872 }, "geometry": { "type": "MultiPolygon", "coordinates": [ [ [ [ -116.41195, 32.74817 ], [ -116.40338, 32.74818 ], [ -116.40338, 32.74494 ], [ -116.40765, 32.74484 ], [ -116.40766, 32.73765 ], [ -116.41194, 32.73758 ], [ -116.41195, 32.74817 ] ] ], [ [ [ -116.37349, 32.74164 ], [ -116.37328, 32.74534 ], [ -116.36055, 32.74536 ], [ -116.36056, 32.74167 ], [ -116.37349, 32.74164 ] ] ] ] } },
{ "type": "Feature", "properties": { "police_beat": 873 }, "geometry": { "type": "MultiPolygon", "coordinates": [ [ [ [ -116.36099, 32.74884 ], [ -116.36097, 32.74536 ], [ -116.37328, 32.74534 ], [ -116.37326, 32.74383 ], [ -116.37349, 32.74383 ], [ -116.37349, 32.74164 ], [ -116.36093, 32.74167 ], [ -116.3609, 32.73432 ], [ -116.36241, 32.73432 ], [ -116.36249, 32.71977 ], [ -116.41257, 32.71945 ], [ -116.41264, 32.72558 ], [ -116.41945, 32.72569 ], [ -116.41945, 32.73027 ], [ -116.41275, 32.73041 ], [ -116.41248, 32.73393 ], [ -116.41196, 32.73394 ], [ -116.41194, 32.73758 ], [ -116.40766, 32.73765 ], [ -116.40765, 32.74484 ], [ -116.40338, 32.74494 ], [ -116.40338, 32.74818 ], [ -116.37758, 32.74885 ], [ -116.37759, 32.74612 ], [ -116.37327, 32.74613 ], [ -116.37327, 32.74877 ], [ -116.36099, 32.74884 ] ] ], [ [ [ -116.41989, 32.77028 ], [ -116.41594, 32.77028 ], [ -116.41597, 32.76696 ], [ -116.41172, 32.76699 ], [ -116.41178, 32.75928 ], [ -116.41995, 32.75926 ], [ -116.41989, 32.77028 ] ] ] ] } },
{ "type": "Feature", "properties": { "police_beat": 874 }, "geometry": { "type": "MultiPolygon", "coordinates": [ [ [ [ -116.37797, 32.74983 ], [ -116.37758, 32.74982 ], [ -116.37758, 32.74885 ], [ -116.37798, 32.74885 ], [ -116.37797, 32.74983 ] ] ], [ [ [ -116.31764, 32.77081 ], [ -116.31746, 32.76319 ], [ -116.31332, 32.76321 ], [ -116.3134, 32.75596 ], [ -116.31752, 32.75598 ], [ -116.31757, 32.74886 ], [ -116.32663, 32.74886 ], [ -116.32661, 32.73437 ], [ -116.3609, 32.73432 ], [ -116.36093, 32.74167 ], [ -116.36056, 32.74167 ], [ -116.36055, 32.74536 ], [ -116.36097, 32.74536 ], [ -116.36099, 32.74884 ], [ -116.37327, 32.74886 ], [ -116.37325, 32.75347 ], [ -116.37795, 32.75348 ], [ -116.37789, 32.77099 ], [ -116.31764, 32.77081 ] ], [ [ -116.33449, 32.76544 ], [ -116.34319, 32.76548 ], [ -116.34318, 32.75818 ], [ -116.33446, 32.75817 ], [ -116.33449, 32.76544 ] ] ] ] } },
{ "type": "Feature", "properties": { "police_beat": 875 }, "geometry": { "type": "Polygon", "coordinates": [ [ [ -116.34319, 32.76548 ], [ -116.33449, 32.76544 ], [ -116.33446, 32.75817 ], [ -116.34318, 32.75818 ], [ -116.34319, 32.76548 ] ] ] } },
{ "type": "Feature", "properties": { "police_beat": 876 }, "geometry": { "type": "MultiPolygon", "coordinates": [ [ [ [ -116.37797, 32.74983 ], [ -116.37795, 32.75348 ], [ -116.37325, 32.75347 ], [ -116.37327, 32.74613 ], [ -116.37759, 32.74612 ], [ -116.37758, 32.74982 ], [ -116.37797, 32.74983 ] ] ], [ [ [ -116.34067, 32.84279 ], [ -116.34116, 32.84187 ], [ -116.33981, 32.83813 ], [ -116.33771, 32.83549 ], [ -116.33643, 32.83501 ], [ -116.33473, 32.83517 ], [ -116.33469, 32.82962 ], [ -116.3264, 32.8296 ], [ -116.32627, 32.81505 ], [ -116.21968, 32.81437 ], [ -116.22246, 32.74995 ], [ -116.2228, 32.72634 ], [ -116.20879, 32.72661 ], [ -116.20765, 32.71228 ], [ -116.20908, 32.69765 ], [ -116.20811, 32.68258 ], [ -116.20805, 32.66049 ], [ -116.21204, 32.66151 ], [ -116.22319, 32.66198 ], [ -116.2289, 32.66106 ], [ -116.23636, 32.66138 ], [ -116.28769, 32.67597 ], [ -116.29137, 32.6774 ], [ -116.29389, 32.679 ], [ -116.3118, 32.69331 ], [ -116.31162, 32.72654 ], [ -116.30926, 32.72654 ], [ -116.30938, 32.73442 ], [ -116.32661, 32.73437 ], [ -116.32663, 32.74886 ], [ -116.31757, 32.74886 ], [ -116.31752, 32.75598 ], [ -116.3134, 32.75596 ], [ -116.31332, 32.76321 ], [ -116.31746, 32.76319 ], [ -116.31764, 32.77081 ], [ -116.37714, 32.77099 ], [ -116.37713, 32.77134 ], [ -116.37664, 32.77132 ], [ -116.37663, 32.7856 ], [ -116.37727, 32.80025 ], [ -116.3774, 32.81499 ], [ -116.3595, 32.81488 ], [ -116.35964, 32.84391 ], [ -116.34111, 32.84394 ], [ -116.34067, 32.84279 ] ] ], [ [ [ -116.38166, 32.81857 ], [ -116.38171, 32.82221 ], [ -116.37293, 32.8222 ], [ -116.37292, 32.81862 ], [ -116.37739, 32.81862 ], [ -116.3774, 32.81499 ], [ -116.39016, 32.81494 ], [ -116.39029, 32.81853 ], [ -116.38166, 32.81857 ] ] ], [ [ [ -116.40294, 32.81855 ], [ -116.39874, 32.81856 ], [ -116.39865, 32.81493 ], [ -116.41146, 32.81497 ], [ -116.4122, 32.83666 ], [ -116.39487, 32.8367 ], [ -116.39487, 32.82945 ], [ -116.40315, 32.82949 ], [ -116.40294, 32.81855 ] ] ] ] } },
{ "type": "Feature", "properties": { "police_beat": 877 }, "geometry": { "type": "Polygon", "coordinates": [ [ [ -116.67632, 32.66847 ], [ -116.67708, 32.66592 ], [ -116.67828, 32.66465 ], [ -116.67847, 32.6638 ], [ -116.68096, 32.66278 ], [ -116.68062, 32.66114 ], [ -116.68092, 32.6608 ], [ -116.68095, 32.65994 ], [ -116.68137, 32.65965 ], [ -116.68138, 32.65868 ], [ -116.68218, 32.65773 ], [ -116.68187, 32.65646 ], [ -116.67978, 32.65452 ], [ -116.67935, 32.65275 ], [ -116.67973, 32.65058 ], [ -116.68074, 32.64847 ], [ -116.6818, 32.64338 ], [ -116.68346, 32.64222 ], [ -116.68693, 32.64155 ], [ -116.68789, 32.63887 ], [ -116.68745, 32.63755 ], [ -116.68432, 32.63635 ], [ -116.68354, 32.63542 ], [ -116.68426, 32.63409 ], [ -116.68724, 32.63404 ], [ -116.68786, 32.63373 ], [ -116.6883, 32.63291 ], [ -116.68795, 32.63149 ], [ -116.68678, 32.6302 ], [ -116.68666, 32.62859 ], [ -116.68624, 32.62761 ], [ -116.68951, 32.62442 ], [ -116.69107, 32.62368 ], [ -116.69295, 32.6217 ], [ -116.69346, 32.6207 ], [ -116.69525, 32.61934 ], [ -116.69973, 32.61246 ], [ -116.69973, 32.61143 ], [ -116.69873, 32.61017 ], [ -116.69962, 32.60888 ], [ -116.7009, 32.60844 ], [ -116.70406, 32.60877 ], [ -116.70968, 32.61102 ], [ -116.71365, 32.60993 ], [ -116.71551, 32.60826 ], [ -116.7166, 32.6046 ], [ -116.71977, 32.60087 ], [ -116.72156, 32.59928 ], [ -116.7233, 32.59483 ], [ -116.72419, 32.59386 ], [ -116.72848, 32.59209 ], [ -116.73036, 32.59075 ], [ -116.73407, 32.58988 ], [ -116.73711, 32.58874 ], [ -116.74073, 32.58792 ], [ -116.74608, 32.58821 ], [ -116.74729, 32.5877 ], [ -116.74808, 32.58677 ], [ -116.74804, 32.58603 ], [ -116.74423, 32.58267 ], [ -116.7446, 32.58182 ], [ -116.74481, 32.57819 ], [ -116.74549, 32.57761 ], [ -116.7509, 32.57568 ], [ -116.75344, 32.57541 ], [ -116.75426, 32.57462 ], [ -116.75728, 32.57333 ], [ -116.75826, 32.57248 ], [ -116.7595, 32.57093 ], [ -116.75997, 32.56863 ], [ -116.75808, 32.56544 ], [ -116.89286, 32.55406 ], [ -116.89332, 32.61191 ], [ -116.87606, 32.61184 ], [ -116.87644, 32.62511 ], [ -116.87631, 32.63604 ], [ -116.87551, 32.63903 ], [ -116.8836, 32.63705 ], [ -116.88316, 32.6387 ], [ -116.88204, 32.63952 ], [ -116.87902, 32.64044 ], [ -116.87552, 32.64031 ], [ -116.8705, 32.64344 ], [ -116.87004, 32.64415 ], [ -116.86916, 32.64882 ], [ -116.86857, 32.64953 ], [ -116.86565, 32.65072 ], [ -116.86439, 32.65002 ], [ -116.86312, 32.64991 ], [ -116.86005, 32.65232 ], [ -116.85703, 32.65365 ], [ -116.85568, 32.65335 ], [ -116.85364, 32.65148 ], [ -116.85191, 32.6515 ], [ -116.84832, 32.65442 ], [ -116.84718, 32.65684 ], [ -116.83944, 32.65976 ], [ -116.83827, 32.66124 ], [ -116.83731, 32.66382 ], [ -116.83516, 32.66606 ], [ -116.8282, 32.66811 ], [ -116.82565, 32.66761 ], [ -116.82366, 32.66783 ], [ -116.82341, 32.66801 ], [ -116.8253, 32.66988 ], [ -116.76712, 32.69768 ], [ -116.76676, 32.70127 ], [ -116.7668, 32.70489 ], [ -116.75842, 32.70497 ], [ -116.74785, 32.71042 ], [ -116.74724, 32.71095 ], [ -116.74698, 32.71187 ], [ -116.7441, 32.71147 ], [ -116.74279, 32.71051 ], [ -116.7388, 32.7089 ], [ -116.73771, 32.70792 ], [ -116.7377, 32.68694 ], [ -116.72041, 32.68686 ], [ -116.72042, 32.68472 ], [ -116.70823, 32.68296 ], [ -116.708, 32.66833 ], [ -116.67632, 32.66847 ] ] ] } },
{ "type": "Feature", "properties": { "police_beat": 878 }, "geometry": { "type": "Polygon", "coordinates": [ [ [ -116.53825, 32.66892 ], [ -116.53399, 32.66894 ], [ -116.534, 32.67259 ], [ -116.52118, 32.67255 ], [ -116.52255, 32.65668 ], [ -116.51831, 32.65668 ], [ -116.51832, 32.64577 ], [ -116.51397, 32.64574 ], [ -116.51397, 32.64381 ], [ -116.51444, 32.6438 ], [ -116.51441, 32.64015 ], [ -116.50593, 32.64027 ], [ -116.50595, 32.63658 ], [ -116.51926, 32.63647 ], [ -116.519, 32.62907 ], [ -116.50599, 32.6293 ], [ -116.50599, 32.60756 ], [ -116.51037, 32.60751 ], [ -116.51019, 32.60037 ], [ -116.51465, 32.60033 ], [ -116.51466, 32.59691 ], [ -116.51918, 32.59683 ], [ -116.51917, 32.59316 ], [ -116.51466, 32.59324 ], [ -116.51466, 32.58975 ], [ -116.51916, 32.58931 ], [ -116.51926, 32.58526 ], [ -116.75808, 32.56544 ], [ -116.75959, 32.56763 ], [ -116.75995, 32.56965 ], [ -116.7595, 32.57093 ], [ -116.75728, 32.57333 ], [ -116.75426, 32.57462 ], [ -116.75344, 32.57541 ], [ -116.7509, 32.57568 ], [ -116.74549, 32.57761 ], [ -116.74485, 32.57813 ], [ -116.7446, 32.58182 ], [ -116.74421, 32.58258 ], [ -116.74804, 32.58603 ], [ -116.74803, 32.58688 ], [ -116.74702, 32.58791 ], [ -116.74594, 32.58821 ], [ -116.74073, 32.58792 ], [ -116.73711, 32.58874 ], [ -116.73407, 32.58988 ], [ -116.73036, 32.59075 ], [ -116.72848, 32.59209 ], [ -116.72419, 32.59386 ], [ -116.7233, 32.59483 ], [ -116.72156, 32.59928 ], [ -116.71977, 32.60087 ], [ -116.7166, 32.6046 ], [ -116.71551, 32.60826 ], [ -116.71365, 32.60993 ], [ -116.70968, 32.61102 ], [ -116.70406, 32.60877 ], [ -116.7009, 32.60844 ], [ -116.69918, 32.60925 ], [ -116.69876, 32.61035 ], [ -116.69967, 32.61133 ], [ -116.69982, 32.61224 ], [ -116.69526, 32.61933 ], [ -116.69346, 32.6207 ], [ -116.69295, 32.6217 ], [ -116.69107, 32.62368 ], [ -116.68951, 32.62442 ], [ -116.68622, 32.62767 ], [ -116.68666, 32.62857 ], [ -116.68678, 32.6302 ], [ -116.68795, 32.63149 ], [ -116.6883, 32.63291 ], [ -116.68786, 32.63373 ], [ -116.68724, 32.63404 ], [ -116.68426, 32.63409 ], [ -116.68354, 32.63542 ], [ -116.68432, 32.63635 ], [ -116.68745, 32.63755 ], [ -116.68789, 32.63887 ], [ -116.68693, 32.64155 ], [ -116.68346, 32.64222 ], [ -116.6818, 32.64338 ], [ -116.68074, 32.64847 ], [ -116.67973, 32.65058 ], [ -116.67935, 32.65275 ], [ -116.67978, 32.65452 ], [ -116.68187, 32.65646 ], [ -116.68218, 32.65773 ], [ -116.68138, 32.65868 ], [ -116.68137, 32.65965 ], [ -116.68095, 32.65994 ], [ -116.68092, 32.6608 ], [ -116.68062, 32.66114 ], [ -116.68096, 32.66278 ], [ -116.67847, 32.6638 ], [ -116.67828, 32.66465 ], [ -116.67708, 32.66592 ], [ -116.67632, 32.66847 ], [ -116.6565, 32.66895 ], [ -116.60715, 32.66858 ], [ -116.60714, 32.65421 ], [ -116.57301, 32.65432 ], [ -116.57309, 32.65814 ], [ -116.55771, 32.65807 ], [ -116.55778, 32.67257 ], [ -116.53821, 32.67259 ], [ -116.53825, 32.66892 ] ] ] } },
{ "type": "Feature", "properties": { "police_beat": 879 }, "geometry": { "type": "Polygon", "coordinates": [ [ [ -116.49132, 32.64753 ], [ -116.48715, 32.64576 ], [ -116.48638, 32.64434 ], [ -116.48004, 32.63864 ], [ -116.48002, 32.63725 ], [ -116.47899, 32.63726 ], [ -116.47772, 32.63546 ], [ -116.47442, 32.63221 ], [ -116.47189, 32.62881 ], [ -116.47065, 32.62945 ], [ -116.46761, 32.62957 ], [ -116.46634, 32.63029 ], [ -116.4397, 32.63015 ], [ -116.43648, 32.63074 ], [ -116.43383, 32.632 ], [ -116.43302, 32.63193 ], [ -116.43232, 32.63108 ], [ -116.43057, 32.63097 ], [ -116.4269, 32.6299 ], [ -116.41569, 32.62978 ], [ -116.41355, 32.62943 ], [ -116.41163, 32.62869 ], [ -116.40993, 32.62757 ], [ -116.40701, 32.62478 ], [ -116.40516, 32.62385 ], [ -116.40468, 32.62218 ], [ -116.40391, 32.62151 ], [ -116.40362, 32.61871 ], [ -116.39932, 32.61146 ], [ -116.39932, 32.61089 ], [ -116.39865, 32.60989 ], [ -116.39876, 32.60906 ], [ -116.39768, 32.60865 ], [ -116.39743, 32.6078 ], [ -116.39578, 32.60603 ], [ -116.39573, 32.60316 ], [ -116.3932, 32.59941 ], [ -116.3931, 32.59802 ], [ -116.39154, 32.59675 ], [ -116.39116, 32.5957 ], [ -116.51926, 32.58526 ], [ -116.51916, 32.58931 ], [ -116.51466, 32.58975 ], [ -116.51466, 32.59324 ], [ -116.51917, 32.59316 ], [ -116.51918, 32.59683 ], [ -116.51466, 32.59691 ], [ -116.51465, 32.60033 ], [ -116.51019, 32.60037 ], [ -116.51037, 32.60751 ], [ -116.50599, 32.60756 ], [ -116.50599, 32.6293 ], [ -116.519, 32.62907 ], [ -116.51926, 32.63647 ], [ -116.50595, 32.63658 ], [ -116.50593, 32.64027 ], [ -116.51441, 32.64015 ], [ -116.51444, 32.6438 ], [ -116.51397, 32.64381 ], [ -116.51397, 32.64574 ], [ -116.51832, 32.64577 ], [ -116.51831, 32.65668 ], [ -116.52255, 32.65668 ], [ -116.52228, 32.6602 ], [ -116.50519, 32.66029 ], [ -116.5053, 32.67393 ], [ -116.50221, 32.67049 ], [ -116.50148, 32.66388 ], [ -116.49673, 32.65537 ], [ -116.49649, 32.65023 ], [ -116.49466, 32.6482 ], [ -116.49132, 32.64753 ] ] ] } },
{ "type": "Feature", "properties": { "police_beat": 880 }, "geometry": { "type": "Polygon", "coordinates": [ [ [ -116.30926, 32.72654 ], [ -116.31162, 32.72654 ], [ -116.31187, 32.68928 ], [ -116.33262, 32.68927 ], [ -116.33265, 32.69237 ], [ -116.34095, 32.69235 ], [ -116.34095, 32.68926 ], [ -116.35117, 32.68925 ], [ -116.35113, 32.65655 ], [ -116.35078, 32.65654 ], [ -116.35081, 32.65376 ], [ -116.35115, 32.65349 ], [ -116.35081, 32.65361 ], [ -116.35079, 32.65306 ], [ -116.34121, 32.65305 ], [ -116.3412, 32.6559 ], [ -116.33291, 32.65589 ], [ -116.33342, 32.64901 ], [ -116.33396, 32.64901 ], [ -116.33398, 32.64934 ], [ -116.35117, 32.64936 ], [ -116.35114, 32.6044 ], [ -116.36834, 32.60295 ], [ -116.36828, 32.61688 ], [ -116.38528, 32.61684 ], [ -116.38536, 32.60241 ], [ -116.37688, 32.60236 ], [ -116.39401, 32.60095 ], [ -116.39386, 32.7002 ], [ -116.38538, 32.70013 ], [ -116.38537, 32.68929 ], [ -116.36252, 32.6893 ], [ -116.36241, 32.73432 ], [ -116.30938, 32.73442 ], [ -116.30926, 32.72654 ] ], [ [ -116.34301, 32.69911 ], [ -116.34291, 32.70296 ], [ -116.34328, 32.70301 ], [ -116.34331, 32.70641 ], [ -116.34763, 32.70643 ], [ -116.34765, 32.7101 ], [ -116.35158, 32.7101 ], [ -116.35167, 32.70285 ], [ -116.34736, 32.70281 ], [ -116.34738, 32.69912 ], [ -116.34301, 32.69911 ] ] ] } },
{ "type": "Feature", "properties": { "police_beat": 881 }, "geometry": { "type": "Polygon", "coordinates": [ [ [ -116.43235, 32.70377 ], [ -116.43267, 32.70294 ], [ -116.43259, 32.6959 ], [ -116.43208, 32.69248 ], [ -116.43234, 32.68444 ], [ -116.42883, 32.67887 ], [ -116.42887, 32.67748 ], [ -116.43019, 32.67422 ], [ -116.42912, 32.66986 ], [ -116.43035, 32.66767 ], [ -116.43032, 32.6669 ], [ -116.42855, 32.66471 ], [ -116.42664, 32.66069 ], [ -116.42358, 32.64928 ], [ -116.42314, 32.64587 ], [ -116.42392, 32.64519 ], [ -116.42384, 32.64316 ], [ -116.42633, 32.64276 ], [ -116.43157, 32.63934 ], [ -116.43204, 32.63833 ], [ -116.43204, 32.63667 ], [ -116.43247, 32.63583 ], [ -116.43262, 32.63441 ], [ -116.43383, 32.632 ], [ -116.43496, 32.63132 ], [ -116.4373, 32.63051 ], [ -116.44005, 32.63012 ], [ -116.46637, 32.63029 ], [ -116.46761, 32.62957 ], [ -116.47065, 32.62945 ], [ -116.47189, 32.62881 ], [ -116.47442, 32.63221 ], [ -116.47772, 32.63546 ], [ -116.47899, 32.63726 ], [ -116.47584, 32.63733 ], [ -116.47585, 32.6338 ], [ -116.46713, 32.63403 ], [ -116.46714, 32.63774 ], [ -116.45854, 32.63786 ], [ -116.45852, 32.64144 ], [ -116.46275, 32.64137 ], [ -116.46283, 32.64856 ], [ -116.48012, 32.64823 ], [ -116.48005, 32.63865 ], [ -116.48639, 32.64436 ], [ -116.48715, 32.64576 ], [ -116.49136, 32.64755 ], [ -116.4945, 32.64811 ], [ -116.49649, 32.65023 ], [ -116.49673, 32.65537 ], [ -116.50148, 32.66388 ], [ -116.50221, 32.67049 ], [ -116.5053, 32.67393 ], [ -116.50535, 32.68914 ], [ -116.4705, 32.68965 ], [ -116.47048, 32.70378 ], [ -116.43235, 32.70377 ] ] ] } },
{ "type": "Feature", "properties": { "police_beat": 882 }, "geometry": { "type": "Polygon", "coordinates": [ [ [ -116.39385, 32.63142 ], [ -116.39416, 32.60079 ], [ -116.39579, 32.60332 ], [ -116.39576, 32.60601 ], [ -116.39681, 32.60743 ], [ -116.39743, 32.6078 ], [ -116.39768, 32.60865 ], [ -116.39877, 32.60907 ], [ -116.39865, 32.60988 ], [ -116.39932, 32.61089 ], [ -116.39932, 32.61146 ], [ -116.40363, 32.61873 ], [ -116.40392, 32.62153 ], [ -116.40468, 32.62218 ], [ -116.40525, 32.62396 ], [ -116.40702, 32.62479 ], [ -116.41073, 32.62817 ], [ -116.41344, 32.6294 ], [ -116.4196, 32.62996 ], [ -116.42685, 32.62989 ], [ -116.43057, 32.63097 ], [ -116.43232, 32.63108 ], [ -116.43302, 32.63193 ], [ -116.43383, 32.632 ], [ -116.43262, 32.63441 ], [ -116.43247, 32.63583 ], [ -116.43204, 32.63667 ], [ -116.43204, 32.63833 ], [ -116.43159, 32.63932 ], [ -116.42634, 32.64276 ], [ -116.42384, 32.64316 ], [ -116.42392, 32.64519 ], [ -116.42314, 32.64587 ], [ -116.42358, 32.64928 ], [ -116.42664, 32.66069 ], [ -116.42855, 32.66471 ], [ -116.43032, 32.6669 ], [ -116.43035, 32.66767 ], [ -116.42912, 32.66986 ], [ -116.43019, 32.67422 ], [ -116.42887, 32.67748 ], [ -116.42883, 32.67887 ], [ -116.43234, 32.68444 ], [ -116.43208, 32.69248 ], [ -116.43259, 32.6959 ], [ -116.43261, 32.70329 ], [ -116.43235, 32.70377 ], [ -116.41942, 32.70381 ], [ -116.41941, 32.68932 ], [ -116.39389, 32.68934 ], [ -116.39385, 32.63142 ] ] ] } },
{ "type": "Feature", "properties": { "police_beat": 883 }, "geometry": { "type": "Polygon", "coordinates": [ [ [ -116.34765, 32.7101 ], [ -116.34763, 32.70643 ], [ -116.34331, 32.70641 ], [ -116.34328, 32.70301 ], [ -116.34291, 32.70296 ], [ -116.34301, 32.69911 ], [ -116.34738, 32.69912 ], [ -116.34736, 32.70281 ], [ -116.35167, 32.70285 ], [ -116.35158, 32.7101 ], [ -116.34765, 32.7101 ] ] ] } },
{ "type": "Feature", "properties": { "police_beat": 884 }, "geometry": { "type": "Polygon", "coordinates": [ [ [ -116.29572, 32.68039 ], [ -116.29133, 32.67738 ], [ -116.28723, 32.67583 ], [ -116.26005, 32.66815 ], [ -116.25959, 32.63913 ], [ -116.26007, 32.60624 ], [ -116.39116, 32.5957 ], [ -116.39154, 32.59675 ], [ -116.3931, 32.59802 ], [ -116.3932, 32.59941 ], [ -116.39416, 32.60079 ], [ -116.39401, 32.60095 ], [ -116.37688, 32.60236 ], [ -116.38536, 32.60241 ], [ -116.38528, 32.61684 ], [ -116.36828, 32.61688 ], [ -116.36834, 32.60295 ], [ -116.35114, 32.6044 ], [ -116.35117, 32.64936 ], [ -116.33398, 32.64934 ], [ -116.33396, 32.64901 ], [ -116.33342, 32.64901 ], [ -116.33291, 32.65589 ], [ -116.3412, 32.6559 ], [ -116.34121, 32.65305 ], [ -116.35079, 32.65306 ], [ -116.35081, 32.65361 ], [ -116.35115, 32.65349 ], [ -116.35081, 32.65376 ], [ -116.35078, 32.65654 ], [ -116.35113, 32.65655 ], [ -116.35117, 32.68925 ], [ -116.34095, 32.68926 ], [ -116.34095, 32.69235 ], [ -116.33265, 32.69237 ], [ -116.33262, 32.68927 ], [ -116.31187, 32.68928 ], [ -116.3118, 32.69331 ], [ -116.29572, 32.68039 ] ] ] } },
{ "type": "Feature", "properties": { "police_beat": 885 }, "geometry": { "type": "Polygon", "coordinates": [ [ [ -116.2232, 32.66198 ], [ -116.21204, 32.66151 ], [ -116.20805, 32.66049 ], [ -116.20859, 32.64253 ], [ -116.19547, 32.64307 ], [ -116.19558, 32.6466 ], [ -116.19121, 32.6468 ], [ -116.19122, 32.64843 ], [ -116.18603, 32.64652 ], [ -116.1848, 32.64507 ], [ -116.18277, 32.64463 ], [ -116.17703, 32.64247 ], [ -116.17401, 32.63855 ], [ -116.17186, 32.63777 ], [ -116.16952, 32.63754 ], [ -116.1656, 32.635 ], [ -116.16372, 32.63195 ], [ -116.16264, 32.6279 ], [ -116.15949, 32.62498 ], [ -116.15909, 32.62241 ], [ -116.15828, 32.62102 ], [ -116.16515, 32.61788 ], [ -116.17008, 32.61757 ], [ -116.17013, 32.61587 ], [ -116.17323, 32.6155 ], [ -116.17308, 32.61442 ], [ -116.17016, 32.61474 ], [ -116.17015, 32.6134 ], [ -116.26007, 32.60624 ], [ -116.25959, 32.63913 ], [ -116.26005, 32.66815 ], [ -116.23677, 32.66147 ], [ -116.22933, 32.66105 ], [ -116.2232, 32.66198 ] ] ] } },
{ "type": "Feature", "properties": { "police_beat": 886 }, "geometry": { "type": "Polygon", "coordinates": [ [ [ -116.18538, 32.76335 ], [ -116.18472, 32.75951 ], [ -116.18911, 32.75952 ], [ -116.18852, 32.75573 ], [ -116.18868, 32.74824 ], [ -116.18426, 32.74821 ], [ -116.18434, 32.74089 ], [ -116.18008, 32.74086 ], [ -116.18027, 32.72642 ], [ -116.18306, 32.72644 ], [ -116.18253, 32.71908 ], [ -116.18682, 32.71907 ], [ -116.18658, 32.71558 ], [ -116.19087, 32.71558 ], [ -116.19061, 32.71188 ], [ -116.19093, 32.70811 ], [ -116.18659, 32.70811 ], [ -116.1871, 32.70097 ], [ -116.18296, 32.70097 ], [ -116.18326, 32.69734 ], [ -116.1821, 32.68288 ], [ -116.15691, 32.68285 ], [ -116.15733, 32.69758 ], [ -116.14001, 32.69759 ], [ -116.13935, 32.66873 ], [ -116.12301, 32.66826 ], [ -116.12301, 32.65368 ], [ -116.10581, 32.65367 ], [ -116.10574, 32.6391 ], [ -116.1062, 32.61844 ], [ -116.17015, 32.6134 ], [ -116.17016, 32.61474 ], [ -116.17308, 32.61442 ], [ -116.17323, 32.6155 ], [ -116.17013, 32.61587 ], [ -116.17008, 32.61757 ], [ -116.16515, 32.61788 ], [ -116.15828, 32.62102 ], [ -116.15909, 32.62241 ], [ -116.15949, 32.62498 ], [ -116.16264, 32.6279 ], [ -116.1637, 32.6319 ], [ -116.16551, 32.6349 ], [ -116.1695, 32.63753 ], [ -116.17188, 32.63777 ], [ -116.17411, 32.63862 ], [ -116.17715, 32.64254 ], [ -116.18279, 32.64464 ], [ -116.18475, 32.64505 ], [ -116.18546, 32.64555 ], [ -116.18603, 32.64652 ], [ -116.19551, 32.65025 ], [ -116.19709, 32.65136 ], [ -116.20383, 32.65772 ], [ -116.20824, 32.65763 ], [ -116.20807, 32.66137 ], [ -116.20399, 32.6614 ], [ -116.2041, 32.66493 ], [ -116.19551, 32.66508 ], [ -116.19543, 32.67599 ], [ -116.20281, 32.67594 ], [ -116.20268, 32.67943 ], [ -116.20027, 32.67942 ], [ -116.2003, 32.68276 ], [ -116.1948, 32.68279 ], [ -116.19521, 32.68645 ], [ -116.19083, 32.68642 ], [ -116.19182, 32.69735 ], [ -116.19122, 32.70452 ], [ -116.19551, 32.70461 ], [ -116.19497, 32.71196 ], [ -116.19539, 32.71913 ], [ -116.19112, 32.71909 ], [ -116.19137, 32.72273 ], [ -116.18706, 32.72271 ], [ -116.18731, 32.72647 ], [ -116.18448, 32.72644 ], [ -116.18444, 32.73726 ], [ -116.18885, 32.73729 ], [ -116.18877, 32.74453 ], [ -116.19289, 32.74456 ], [ -116.19275, 32.75176 ], [ -116.197, 32.75176 ], [ -116.19712, 32.75925 ], [ -116.19319, 32.75941 ], [ -116.19374, 32.76316 ], [ -116.18538, 32.76335 ] ] ] } },
{ "type": "Feature", "properties": { "police_beat": 887 }, "geometry": { "type": "Polygon", "coordinates": [ [ [ -116.50526, 32.66816 ], [ -116.51408, 32.66813 ], [ -116.51412, 32.6755 ], [ -116.50914, 32.67551 ], [ -116.50905, 32.67857 ], [ -116.5167, 32.67855 ], [ -116.51675, 32.68217 ], [ -116.52544, 32.68217 ], [ -116.52542, 32.67813 ], [ -116.53399, 32.67818 ], [ -116.53399, 32.66894 ], [ -116.53825, 32.66892 ], [ -116.53819, 32.67463 ], [ -116.5424, 32.67461 ], [ -116.54239, 32.67817 ], [ -116.54668, 32.67819 ], [ -116.5467, 32.68225 ], [ -116.55091, 32.68226 ], [ -116.5509, 32.68904 ], [ -116.54671, 32.68902 ], [ -116.54666, 32.69624 ], [ -116.54247, 32.69618 ], [ -116.54244, 32.69263 ], [ -116.53813, 32.6926 ], [ -116.53814, 32.689 ], [ -116.53405, 32.68892 ], [ -116.53398, 32.69618 ], [ -116.53815, 32.6962 ], [ -116.5381, 32.71038 ], [ -116.53398, 32.71042 ], [ -116.53385, 32.72188 ], [ -116.52947, 32.72189 ], [ -116.52952, 32.72556 ], [ -116.52512, 32.72556 ], [ -116.5252, 32.71823 ], [ -116.52073, 32.71818 ], [ -116.52082, 32.71044 ], [ -116.51881, 32.70894 ], [ -116.51451, 32.70751 ], [ -116.50784, 32.70736 ], [ -116.50786, 32.71104 ], [ -116.5035, 32.71109 ], [ -116.5035, 32.71481 ], [ -116.4951, 32.71505 ], [ -116.4951, 32.71112 ], [ -116.49937, 32.71109 ], [ -116.49956, 32.69658 ], [ -116.50366, 32.69661 ], [ -116.50364, 32.70019 ], [ -116.50784, 32.70019 ], [ -116.50801, 32.69288 ], [ -116.51245, 32.69289 ], [ -116.51262, 32.68861 ], [ -116.51194, 32.68862 ], [ -116.51192, 32.68224 ], [ -116.5053, 32.68206 ], [ -116.50526, 32.66816 ] ], [ [ -116.54737, 32.68717 ], [ -116.54921, 32.68603 ], [ -116.54745, 32.68405 ], [ -116.54563, 32.68521 ], [ -116.54737, 32.68717 ] ] ] } },
{ "type": "Feature", "properties": { "police_beat": 888 }, "geometry": { "type": "Polygon", "coordinates": [ [ [ -116.45852, 32.64144 ], [ -116.45854, 32.63786 ], [ -116.46714, 32.63774 ], [ -116.46713, 32.63403 ], [ -116.47585, 32.6338 ], [ -116.47584, 32.63733 ], [ -116.48002, 32.63725 ], [ -116.48012, 32.64823 ], [ -116.46283, 32.64856 ], [ -116.46275, 32.64137 ], [ -116.45852, 32.64144 ] ] ] } },
{ "type": "Feature", "properties": { "police_beat": 889 }, "geometry": { "type": "Polygon", "coordinates": [ [ [ -116.41257, 32.71945 ], [ -116.36249, 32.71977 ], [ -116.36252, 32.6893 ], [ -116.38537, 32.68929 ], [ -116.38538, 32.70013 ], [ -116.39379, 32.7002 ], [ -116.39387, 32.68934 ], [ -116.41941, 32.68932 ], [ -116.41945, 32.72569 ], [ -116.41264, 32.72558 ], [ -116.41257, 32.71945 ] ] ] } },
{ "type": "Feature", "properties": { "police_beat": 931 }, "geometry": { "type": "MultiPolygon", "coordinates": [ [ [ [ -117.1696, 32.91725 ], [ -117.17032, 32.91744 ], [ -117.17117, 32.91666 ], [ -117.17114, 32.91594 ], [ -117.17176, 32.91547 ], [ -117.17249, 32.91547 ], [ -117.17466, 32.91412 ], [ -117.17326, 32.91303 ], [ -117.17175, 32.90991 ], [ -117.17053, 32.90196 ], [ -117.17039, 32.89848 ], [ -117.16982, 32.89746 ], [ -117.16791, 32.89555 ], [ -117.1674, 32.89425 ], [ -117.16804, 32.89059 ], [ -117.16704, 32.88665 ], [ -117.167, 32.88439 ], [ -117.16733, 32.88327 ], [ -117.16806, 32.88238 ], [ -117.16766, 32.88107 ], [ -117.16837, 32.87883 ], [ -117.16827, 32.87786 ], [ -117.16975, 32.87746 ], [ -117.17136, 32.87592 ], [ -117.17231, 32.87557 ], [ -117.19005, 32.87577 ], [ -117.18934, 32.86661 ], [ -117.18675, 32.86236 ], [ -117.1864, 32.86097 ], [ -117.19707, 32.87219 ], [ -117.19892, 32.87462 ], [ -117.20333, 32.88724 ], [ -117.20723, 32.88712 ], [ -117.20882, 32.88751 ], [ -117.21226, 32.88956 ], [ -117.21431, 32.89156 ], [ -117.2201, 32.8901 ], [ -117.22058, 32.89155 ], [ -117.21811, 32.89325 ], [ -117.22188, 32.89677 ], [ -117.22202, 32.89707 ], [ -117.22202, 32.89718 ], [ -117.22364, 32.89681 ], [ -117.2239, 32.89764 ], [ -117.22461, 32.89696 ], [ -117.22393, 32.89866 ], [ -117.2227, 32.89947 ], [ -117.22405, 32.90082 ], [ -117.22377, 32.90253 ], [ -117.22389, 32.90473 ], [ -117.2231, 32.90449 ], [ -117.22142, 32.90533 ], [ -117.21463, 32.90584 ], [ -117.21389, 32.90613 ], [ -117.21154, 32.90796 ], [ -117.20797, 32.90988 ], [ -117.20678, 32.91094 ], [ -117.20558, 32.91287 ], [ -117.20585, 32.91407 ], [ -117.20558, 32.91492 ], [ -117.20169, 32.91515 ], [ -117.20034, 32.91644 ], [ -117.20001, 32.91772 ], [ -117.19894, 32.91905 ], [ -117.19662, 32.91926 ], [ -117.19474, 32.91885 ], [ -117.1937, 32.91796 ], [ -117.19244, 32.91842 ], [ -117.19163, 32.91834 ], [ -117.1896, 32.91985 ], [ -117.1872, 32.92044 ], [ -117.18665, 32.92113 ], [ -117.18648, 32.9226 ], [ -117.18592, 32.92352 ], [ -117.18521, 32.92384 ], [ -117.18455, 32.92485 ], [ -117.18316, 32.92581 ], [ -117.18211, 32.92564 ], [ -117.18033, 32.92593 ], [ -117.17909, 32.92569 ], [ -117.17815, 32.92665 ], [ -117.17693, 32.92702 ], [ -117.17367, 32.9267 ], [ -117.17198, 32.92756 ], [ -117.17093, 32.9286 ], [ -117.16917, 32.92929 ], [ -117.1696, 32.91725 ] ] ] ] } },
{ "type": "Feature", "properties": { "police_beat": 932 }, "geometry": { "type": "Polygon", "coordinates": [ [ [ -117.25945, 32.9374 ], [ -117.25816, 32.93838 ], [ -117.25816, 32.93905 ], [ -117.2577, 32.93836 ], [ -117.25729, 32.93587 ], [ -117.25535, 32.93417 ], [ -117.25088, 32.93207 ], [ -117.24806, 32.93111 ], [ -117.24594, 32.93053 ], [ -117.24481, 32.93054 ], [ -117.24107, 32.93249 ], [ -117.24034, 32.92872 ], [ -117.23813, 32.92216 ], [ -117.23657, 32.92012 ], [ -117.23071, 32.91489 ], [ -117.22736, 32.91023 ], [ -117.22389, 32.90473 ], [ -117.22377, 32.90253 ], [ -117.22405, 32.90087 ], [ -117.22536, 32.90221 ], [ -117.2267, 32.90269 ], [ -117.22672, 32.9017 ], [ -117.23223, 32.90105 ], [ -117.23301, 32.90214 ], [ -117.23474, 32.90316 ], [ -117.23528, 32.90438 ], [ -117.23527, 32.90572 ], [ -117.23419, 32.90627 ], [ -117.23419, 32.90748 ], [ -117.23293, 32.90749 ], [ -117.23356, 32.90947 ], [ -117.2349, 32.91069 ], [ -117.23597, 32.91114 ], [ -117.23712, 32.91102 ], [ -117.23756, 32.91152 ], [ -117.23726, 32.91182 ], [ -117.24359, 32.91478 ], [ -117.24359, 32.91407 ], [ -117.24503, 32.91285 ], [ -117.24548, 32.91283 ], [ -117.24715, 32.91465 ], [ -117.24796, 32.9145 ], [ -117.24947, 32.91261 ], [ -117.25093, 32.91136 ], [ -117.25018, 32.91039 ], [ -117.24894, 32.91083 ], [ -117.24791, 32.91053 ], [ -117.24757, 32.90911 ], [ -117.24955, 32.90879 ], [ -117.25221, 32.90893 ], [ -117.25356, 32.90851 ], [ -117.25381, 32.90763 ], [ -117.25593, 32.90765 ], [ -117.2569, 32.91083 ], [ -117.25866, 32.91395 ], [ -117.26003, 32.92695 ], [ -117.26237, 32.93969 ], [ -117.25945, 32.9374 ] ] ] } },
{ "type": "Feature", "properties": { "police_beat": 933 }, "geometry": { "type": "Polygon", "coordinates": [ [ [ -117.24165, 32.93967 ], [ -117.24107, 32.93249 ], [ -117.24413, 32.93076 ], [ -117.24544, 32.93048 ], [ -117.25088, 32.93207 ], [ -117.25535, 32.93417 ], [ -117.25702, 32.9355 ], [ -117.25755, 32.93655 ], [ -117.25772, 32.93842 ], [ -117.25816, 32.93905 ], [ -117.25815, 32.94201 ], [ -117.25597, 32.94203 ], [ -117.25593, 32.94565 ], [ -117.26013, 32.94561 ], [ -117.26096, 32.9481 ], [ -117.25972, 32.94846 ], [ -117.26068, 32.95099 ], [ -117.26017, 32.95112 ], [ -117.26019, 32.95285 ], [ -117.25589, 32.95294 ], [ -117.25589, 32.95807 ], [ -117.25542, 32.95808 ], [ -117.25549, 32.95946 ], [ -117.25592, 32.96027 ], [ -117.25602, 32.97779 ], [ -117.25635, 32.9785 ], [ -117.25601, 32.97943 ], [ -117.25296, 32.98001 ], [ -117.2459, 32.96119 ], [ -117.24165, 32.93967 ] ] ] } },
{ "type": "Feature", "properties": { "police_beat": 934 }, "geometry": { "type": "Polygon", "coordinates": [ [ [ -117.16984, 32.97023 ], [ -117.1677, 32.96968 ], [ -117.1677, 32.96641 ], [ -117.16983, 32.96701 ], [ -117.16982, 32.95572 ], [ -117.16941, 32.9503 ], [ -117.16982, 32.94862 ], [ -117.16918, 32.93948 ], [ -117.16919, 32.93077 ], [ -117.17007, 32.93018 ], [ -117.17051, 32.92941 ], [ -117.17154, 32.9291 ], [ -117.1734, 32.92785 ], [ -117.17599, 32.92698 ], [ -117.17815, 32.92665 ], [ -117.17909, 32.92569 ], [ -117.18033, 32.92593 ], [ -117.18211, 32.92564 ], [ -117.18316, 32.92581 ], [ -117.18455, 32.92485 ], [ -117.18521, 32.92384 ], [ -117.18592, 32.92352 ], [ -117.18648, 32.9226 ], [ -117.18665, 32.92113 ], [ -117.1872, 32.92044 ], [ -117.1896, 32.91985 ], [ -117.19163, 32.91834 ], [ -117.19244, 32.91842 ], [ -117.1937, 32.91796 ], [ -117.19474, 32.91885 ], [ -117.19662, 32.91926 ], [ -117.19894, 32.91905 ], [ -117.20001, 32.91772 ], [ -117.20034, 32.91644 ], [ -117.20169, 32.91515 ], [ -117.20558, 32.91492 ], [ -117.20585, 32.91407 ], [ -117.20558, 32.91287 ], [ -117.2074, 32.91029 ], [ -117.21154, 32.90796 ], [ -117.21422, 32.90596 ], [ -117.22142, 32.90533 ], [ -117.2231, 32.90449 ], [ -117.22389, 32.90473 ], [ -117.23023, 32.91433 ], [ -117.23657, 32.92012 ], [ -117.23813, 32.92216 ], [ -117.24034, 32.92872 ], [ -117.24097, 32.9319 ], [ -117.24181, 32.94071 ], [ -117.2455, 32.95991 ], [ -117.24305, 32.96017 ], [ -117.24244, 32.96095 ], [ -117.2355, 32.96631 ], [ -117.23656, 32.96734 ], [ -117.23071, 32.96741 ], [ -117.23051, 32.96542 ], [ -117.22885, 32.96543 ], [ -117.22761, 32.96578 ], [ -117.22609, 32.96742 ], [ -117.22498, 32.96761 ], [ -117.22476, 32.96747 ], [ -117.22498, 32.96499 ], [ -117.22478, 32.9646 ], [ -117.22392, 32.96463 ], [ -117.22367, 32.96646 ], [ -117.22336, 32.96711 ], [ -117.22285, 32.96708 ], [ -117.22121, 32.96421 ], [ -117.22066, 32.96429 ], [ -117.22102, 32.96789 ], [ -117.22079, 32.96801 ], [ -117.21894, 32.96791 ], [ -117.2164, 32.96703 ], [ -117.2164, 32.96726 ], [ -117.21314, 32.96647 ], [ -117.20875, 32.96668 ], [ -117.20612, 32.96638 ], [ -117.20445, 32.96475 ], [ -117.20425, 32.96202 ], [ -117.19935, 32.96106 ], [ -117.19443, 32.96154 ], [ -117.19198, 32.96072 ], [ -117.19082, 32.9627 ], [ -117.18911, 32.96402 ], [ -117.1842, 32.96554 ], [ -117.18155, 32.96696 ], [ -117.17766, 32.96825 ], [ -117.17551, 32.9699 ], [ -117.17368, 32.97022 ], [ -117.16984, 32.97023 ] ] ] } },
{ "type": "Feature", "properties": { "police_beat": 935 }, "geometry": { "type": "Polygon", "coordinates": [ [ [ -117.23873, 32.98188 ], [ -117.23388, 32.98185 ], [ -117.23372, 32.98157 ], [ -117.23184, 32.98249 ], [ -117.22903, 32.98289 ], [ -117.22729, 32.98392 ], [ -117.22661, 32.98473 ], [ -117.22593, 32.98415 ], [ -117.22151, 32.98227 ], [ -117.22155, 32.98375 ], [ -117.21855, 32.98407 ], [ -117.21763, 32.98463 ], [ -117.21713, 32.98553 ], [ -117.19658, 32.98497 ], [ -117.20451, 32.97881 ], [ -117.20324, 32.97761 ], [ -117.20025, 32.97761 ], [ -117.20019, 32.97399 ], [ -117.17861, 32.97393 ], [ -117.17851, 32.97024 ], [ -117.17457, 32.97018 ], [ -117.1759, 32.96969 ], [ -117.17786, 32.96816 ], [ -117.18155, 32.96696 ], [ -117.18439, 32.96547 ], [ -117.18929, 32.96393 ], [ -117.19082, 32.9627 ], [ -117.19198, 32.96072 ], [ -117.19443, 32.96154 ], [ -117.19935, 32.96106 ], [ -117.20425, 32.96202 ], [ -117.20445, 32.96475 ], [ -117.20612, 32.96638 ], [ -117.20875, 32.96668 ], [ -117.21314, 32.96647 ], [ -117.2164, 32.96726 ], [ -117.2164, 32.96703 ], [ -117.21894, 32.96791 ], [ -117.22079, 32.96801 ], [ -117.22102, 32.96789 ], [ -117.22066, 32.96429 ], [ -117.22121, 32.96421 ], [ -117.22285, 32.96708 ], [ -117.22336, 32.96711 ], [ -117.22367, 32.96646 ], [ -117.22392, 32.96463 ], [ -117.22478, 32.9646 ], [ -117.22498, 32.96499 ], [ -117.22476, 32.96747 ], [ -117.22498, 32.96761 ], [ -117.22609, 32.96742 ], [ -117.22761, 32.96578 ], [ -117.22885, 32.96543 ], [ -117.23051, 32.96542 ], [ -117.23071, 32.96741 ], [ -117.23656, 32.96734 ], [ -117.2355, 32.96631 ], [ -117.24244, 32.96095 ], [ -117.24305, 32.96017 ], [ -117.2455, 32.95991 ], [ -117.25296, 32.98001 ], [ -117.25601, 32.97943 ], [ -117.25598, 32.98207 ], [ -117.24954, 32.98205 ], [ -117.24965, 32.98567 ], [ -117.23876, 32.98575 ], [ -117.23873, 32.98188 ] ] ] } },
{ "type": "Feature", "properties": { "police_beat": 936 }, "geometry": { "type": "Polygon", "coordinates": [ [ [ -117.13986, 32.97095 ], [ -117.14236, 32.96997 ], [ -117.14368, 32.96886 ], [ -117.14413, 32.96749 ], [ -117.14417, 32.96393 ], [ -117.14778, 32.96396 ], [ -117.14765, 32.96274 ], [ -117.14932, 32.96274 ], [ -117.14935, 32.96046 ], [ -117.14454, 32.96044 ], [ -117.14455, 32.96012 ], [ -117.1462, 32.95965 ], [ -117.14726, 32.95837 ], [ -117.14698, 32.95783 ], [ -117.14752, 32.95772 ], [ -117.14822, 32.95831 ], [ -117.14983, 32.95714 ], [ -117.14938, 32.95669 ], [ -117.14539, 32.95668 ], [ -117.15065, 32.95001 ], [ -117.15275, 32.9484 ], [ -117.15272, 32.94961 ], [ -117.15305, 32.94959 ], [ -117.15297, 32.95256 ], [ -117.15484, 32.9525 ], [ -117.15486, 32.95409 ], [ -117.15293, 32.95413 ], [ -117.15286, 32.95671 ], [ -117.16982, 32.95572 ], [ -117.16983, 32.96701 ], [ -117.1677, 32.96641 ], [ -117.1677, 32.96968 ], [ -117.16987, 32.97023 ], [ -117.16994, 32.97744 ], [ -117.14402, 32.97817 ], [ -117.14402, 32.97754 ], [ -117.14618, 32.97615 ], [ -117.14527, 32.97497 ], [ -117.14493, 32.97372 ], [ -117.14512, 32.97244 ], [ -117.14589, 32.97103 ], [ -117.13986, 32.97095 ] ] ] } },
{ "type": "Feature", "properties": { "police_beat": 937 }, "geometry": { "type": "Polygon", "coordinates": [ [ [ -117.12226, 33.01003 ], [ -117.12221, 33.00836 ], [ -117.12324, 33.00646 ], [ -117.12469, 33.00007 ], [ -117.09661, 32.99773 ], [ -117.09658, 32.99134 ], [ -117.10128, 32.98595 ], [ -117.10945, 32.98574 ], [ -117.10942, 32.99299 ], [ -117.12228, 32.99274 ], [ -117.12229, 32.98909 ], [ -117.12431, 32.98827 ], [ -117.12662, 32.98557 ], [ -117.12663, 32.98186 ], [ -117.13094, 32.98189 ], [ -117.13094, 32.98285 ], [ -117.13301, 32.98271 ], [ -117.13342, 32.98307 ], [ -117.13475, 32.98284 ], [ -117.1362, 32.98111 ], [ -117.13751, 32.98011 ], [ -117.14055, 32.97869 ], [ -117.14402, 32.97754 ], [ -117.14402, 32.97817 ], [ -117.16994, 32.97744 ], [ -117.16989, 33.00729 ], [ -117.15244, 33.00731 ], [ -117.15247, 33.02177 ], [ -117.11944, 33.02208 ], [ -117.12226, 33.01003 ] ] ] } }
]
}
