year,police_beat,unique_collisions,participant_records,known_injury_records,serious_fatal_records,fatal_records,latitude,longitude,serious_fatal_rate,severity_eligible,coordinate_method
2018,111,151,235,68,5,2,32.81770454015894,-117.1705278025942,0.07352941176470588,True,Police-beat representative point; not exact collision location
2018,112,57,94,33,0,0,32.81047946026704,-117.18769143599107,0.0,True,Police-beat representative point; not exact collision location
2018,113,61,97,32,4,0,32.82444992896318,-117.21864400105085,0.125,True,Police-beat representative point; not exact collision location
2018,114,93,159,59,1,0,32.829658103655376,-117.20426920911271,0.01694915254237288,True,Police-beat representative point; not exact collision location
2018,115,249,393,119,4,0,32.86966313233439,-117.21197916564599,0.03361344537815126,True,Police-beat representative point; not exact collision location
2018,116,93,157,35,5,2,32.7908774997026,-117.19770197666779,0.14285714285714285,True,Police-beat representative point; not exact collision location
2018,121,108,145,51,0,0,32.77481165227195,-117.25178198162368,0.0,True,Police-beat representative point; not exact collision location
2018,122,517,823,226,15,0,32.80138866666046,-117.23577882171637,0.06637168141592921,True,Police-beat representative point; not exact collision location
2018,123,128,190,70,6,1,32.777830070383246,-117.22767002450135,0.08571428571428572,True,Police-beat representative point; not exact collision location
2018,124,279,406,104,4,1,32.83885413538784,-117.25836882736988,0.038461538461538464,True,Police-beat representative point; not exact collision location
2018,126,48,76,34,1,0,32.892381430965,-117.24032813563096,0.029411764705882353,True,Police-beat representative point; not exact collision location
2018,20,1,1,0,0,0,33.27956722248379,-117.26215981462877,,False,Police-beat representative point; not exact collision location
2018,231,34,49,16,0,0,32.9507045521999,-117.0940264562798,0.0,False,Police-beat representative point; not exact collision location
2018,232,90,143,38,3,0,32.98105952053426,-117.07570836367637,0.07894736842105263,True,Police-beat representative point; not exact collision location
2018,233,106,163,52,3,0,32.96218052996461,-117.12299174891572,0.057692307692307696,True,Police-beat representative point; not exact collision location
2018,234,151,234,92,4,2,33.033630033425176,-117.07040835691859,0.043478260869565216,True,Police-beat representative point; not exact collision location
2018,235,26,33,19,2,0,33.082709341795365,-116.99513841518677,0.10526315789473684,False,Police-beat representative point; not exact collision location
2018,24,1,1,0,0,0,32.595043530530916,-117.04082636625182,,False,Police-beat representative point; not exact collision location
2018,241,59,100,47,0,0,32.88634531749301,-117.0564648801472,0.0,True,Police-beat representative point; not exact collision location
2018,242,267,445,136,12,4,32.91947899976272,-117.1426172010863,0.08823529411764706,True,Police-beat representative point; not exact collision location
2018,243,110,180,68,1,0,32.870391979565866,-117.15308981578755,0.014705882352941176,True,Police-beat representative point; not exact collision location
2018,245,3,5,4,0,0,32.93204297477473,-117.00772967955226,0.0,False,Police-beat representative point; not exact collision location
2018,246,50,79,33,2,0,32.93141133761594,-117.08976111807016,0.06060606060606061,True,Police-beat representative point; not exact collision location
2018,311,123,186,43,4,2,32.792844777392105,-117.13085133944696,0.09302325581395349,True,Police-beat representative point; not exact collision location
2018,312,61,95,35,1,0,32.83444136883477,-117.08256786059422,0.02857142857142857,True,Police-beat representative point; not exact collision location
2018,313,321,493,131,6,0,32.83054722226561,-117.14278671565819,0.04580152671755725,True,Police-beat representative point; not exact collision location
2018,314,41,55,13,0,0,33.18737517952651,-117.23066947053908,0.0,False,Police-beat representative point; not exact collision location
2018,315,209,316,97,5,0,32.773422052363586,-117.14213316310999,0.05154639175257732,True,Police-beat representative point; not exact collision location
2018,316,3,3,0,0,0,32.78292199901396,-117.11924623673008,,False,Police-beat representative point; not exact collision location
2018,321,127,201,60,2,0,32.7956980896065,-117.09979247672425,0.03333333333333333,True,Police-beat representative point; not exact collision location
2018,322,48,82,24,1,0,32.79664845581645,-117.07993976055249,0.041666666666666664,False,Police-beat representative point; not exact collision location
2018,323,24,41,9,1,1,32.78719487543675,-117.06457435877357,0.1111111111111111,False,Police-beat representative point; not exact collision location
2018,324,47,74,23,0,0,32.818671851023076,-117.03047373719554,0.0,False,Police-beat representative point; not exact collision location
2018,325,36,58,21,1,0,32.8031127689942,-117.0507809366459,0.047619047619047616,False,Police-beat representative point; not exact collision location
2018,326,84,125,32,1,0,33.21520407905139,-117.158853043931,0.03125,True,Police-beat representative point; not exact collision location
2018,327,43,65,19,0,0,32.77187444242221,-117.0584304876291,0.0,False,Police-beat representative point; not exact collision location
2018,380,1,2,2,1,1,33.10040743521434,-117.03999330267044,0.5,False,Police-beat representative point; not exact collision location
2018,431,30,53,15,1,1,33.068726208608545,-116.84503457088576,0.06666666666666667,False,Police-beat representative point; not exact collision location
2018,432,50,89,28,1,0,33.07521573004986,-116.7893009897486,0.03571428571428571,False,Police-beat representative point; not exact collision location
2018,433,50,75,25,3,1,33.01885171507661,-116.97490241410009,0.12,False,Police-beat representative point; not exact collision location
2018,434,56,98,25,0,0,33.02079779583591,-116.93927795692584,0.0,False,Police-beat representative point; not exact collision location
2018,435,3,6,1,0,0,33.0244194806951,-116.88034977660124,0.0,False,Police-beat representative point; not exact collision location
2018,436,46,74,21,2,0,33.03875431313823,-116.83634997698923,0.09523809523809523,False,Police-beat representative point; not exact collision location
2018,437,111,187,61,6,2,33.034426253998184,-116.76383218676057,0.09836065573770492,True,Police-beat representative point; not exact collision location
2018,438,45,71,17,2,1,32.964962072509046,-116.93198165582515,0.11764705882352941,False,Police-beat representative point; not exact collision location
2018,439,5,7,2,0,0,32.97521387218142,-116.90067834867656,0.0,False,Police-beat representative point; not exact collision location
2018,441,135,233,60,3,0,32.69889849972856,-117.10769763142628,0.05,True,Police-beat representative point; not exact collision location
2018,442,46,82,18,0,0,32.989441787119915,-116.75926712183384,0.0,False,Police-beat representative point; not exact collision location
2018,443,38,66,22,1,0,32.96526740900654,-116.7621984178671,0.045454545454545456,False,Police-beat representative point; not exact collision location
2018,444,49,76,22,0,0,33.12355440646557,-116.85268610311729,0.0,False,Police-beat representative point; not exact collision location
2018,445,61,99,29,4,0,33.08358611664043,-116.77307253626101,0.13793103448275862,False,Police-beat representative point; not exact collision location
2018,446,98,161,51,2,1,32.69913772804682,-117.08992016000654,0.0392156862745098,True,Police-beat representative point; not exact collision location
2018,447,74,111,29,0,0,32.727380344558014,-117.09407870897448,0.0,False,Police-beat representative point; not exact collision location
2018,451,101,160,45,3,2,32.73177907125266,-117.07498111047565,0.06666666666666667,True,Police-beat representative point; not exact collision location
2018,452,26,46,14,0,0,32.70231816405372,-117.0621023335037,0.0,False,Police-beat representative point; not exact collision location
2018,511,129,201,62,5,1,32.6923534985372,-117.13284733903458,0.08064516129032258,True,Police-beat representative point; not exact collision location
2018,512,105,170,39,1,0,32.699800986596294,-117.13052814317592,0.02564102564102564,True,Police-beat representative point; not exact collision location
2018,514,32,54,12,1,0,32.842704320208426,-116.97648996726558,0.08333333333333333,False,Police-beat representative point; not exact collision location
2018,515,35,61,23,1,0,32.845674806706285,-116.96352948421804,0.043478260869565216,False,Police-beat representative point; not exact collision location
2018,516,35,52,14,1,0,32.82696488216109,-117.01406118593331,0.07142857142857142,False,Police-beat representative point; not exact collision location
2018,517,47,75,21,2,0,32.71632203758088,-117.13433778552573,0.09523809523809523,False,Police-beat representative point; not exact collision location
2018,518,24,38,8,1,0,32.83248265911578,-116.99224126939387,0.125,False,Police-beat representative point; not exact collision location
2018,521,235,372,115,3,0,32.90328552933019,-116.95068831877407,0.02608695652173913,True,Police-beat representative point; not exact collision location
2018,522,39,50,17,3,0,32.92186076942686,-116.89993698061527,0.17647058823529413,False,Police-beat representative point; not exact collision location
2018,523,50,70,22,1,0,32.95617399388699,-116.8361320030119,0.045454545454545456,False,Police-beat representative point; not exact collision location
2018,524,215,336,123,4,1,32.89382936706996,-116.85701579124563,0.032520325203252036,True,Police-beat representative point; not exact collision location
2018,525,28,44,11,1,0,32.879951936980746,-116.93973829827166,0.09090909090909091,False,Police-beat representative point; not exact collision location
2018,526,64,109,32,6,0,32.72152809229162,-117.15666960759938,0.1875,True,Police-beat representative point; not exact collision location
2018,527,27,42,8,0,0,32.86352947495234,-116.93136247772748,0.0,False,Police-beat representative point; not exact collision location
2018,528,39,62,15,1,0,32.86415703284928,-116.91022290750075,0.06666666666666667,False,Police-beat representative point; not exact collision location
2018,529,91,153,52,3,0,32.84017041201663,-116.93920835327967,0.057692307692307696,True,Police-beat representative point; not exact collision location
2018,531,60,78,18,3,0,32.84321580839031,-116.90016213002147,0.16666666666666666,False,Police-beat representative point; not exact collision location
2018,541,11,13,5,0,0,32.9291747187676,-116.77443218034055,0.0,False,Police-beat representative point; not exact collision location
2018,600,1,1,0,0,0,,,,False,Police-beat representative point; not exact collision location
2018,611,237,368,106,9,0,32.74087129851641,-117.20029111792292,0.08490566037735849,True,Police-beat representative point; not exact collision location
2018,612,40,63,20,1,0,32.772107860227166,-116.96843105192859,0.05,False,Police-beat representative point; not exact collision location
2018,613,131,202,40,3,0,32.77374071883966,-116.94185098320088,0.075,True,Police-beat representative point; not exact collision location
2018,614,201,305,55,6,1,32.74620175051584,-117.2480835727332,0.10909090909090909,True,Police-beat representative point; not exact collision location
2018,615,69,102,29,2,1,32.75527723592303,-116.97723684721086,0.06896551724137931,False,Police-beat representative point; not exact collision location
2018,616,5,8,2,1,0,32.752628141220626,-116.94692878514448,0.5,False,Police-beat representative point; not exact collision location
2018,617,7,10,3,0,0,32.75249442181715,-116.91730098864045,0.0,False,Police-beat representative point; not exact collision location
2018,618,11,14,6,0,0,32.76328831123388,-116.86528797307204,0.0,False,Police-beat representative point; not exact collision location
2018,621,135,215,62,4,1,32.78474350011991,-117.17350386676355,0.06451612903225806,True,Police-beat representative point; not exact collision location
2018,622,80,108,20,1,1,32.77053271608819,-117.1930381983357,0.05,False,Police-beat representative point; not exact collision location
2018,623,87,105,16,0,0,32.764147409640195,-117.17795146796615,0.0,False,Police-beat representative point; not exact collision location
2018,624,89,146,44,6,0,32.72581659624629,-116.95774643171607,0.13636363636363635,True,Police-beat representative point; not exact collision location
2018,625,50,71,14,2,0,32.71166795495702,-116.92295457345952,0.14285714285714285,False,Police-beat representative point; not exact collision location
2018,626,46,71,21,3,1,32.719860513153876,-116.86898081471712,0.14285714285714285,False,Police-beat representative point; not exact collision location
2018,627,235,365,95,4,0,32.7006865484599,-116.81568469167085,0.042105263157894736,True,Police-beat representative point; not exact collision location
2018,628,33,49,12,1,0,32.72528832037109,-117.00586281519546,0.08333333333333333,False,Police-beat representative point; not exact collision location
2018,711,4,5,4,0,0,32.54811512377198,-117.08682754599928,0.0,False,Police-beat representative point; not exact collision location
2018,712,156,262,68,4,3,32.555674316681994,-117.04801204711242,0.058823529411764705,True,Police-beat representative point; not exact collision location
2018,713,49,79,31,3,1,32.564553838907365,-116.98788827590417,0.0967741935483871,True,Police-beat representative point; not exact collision location
2018,714,13,18,3,0,0,32.54451595061849,-117.03039487125258,0.0,False,Police-beat representative point; not exact collision location
2018,721,91,154,51,2,1,32.58281392644402,-117.09825832771111,0.0392156862745098,True,Police-beat representative point; not exact collision location
2018,722,43,72,18,0,0,32.66711452591835,-117.00913888789105,0.0,False,Police-beat representative point; not exact collision location
2018,723,101,169,53,3,2,32.57840310808878,-117.05675680465119,0.05660377358490566,True,Police-beat representative point; not exact collision location
2018,724,23,40,15,2,0,32.658852893134195,-116.91503007193131,0.13333333333333333,False,Police-beat representative point; not exact collision location
2018,725,33,50,12,0,0,32.579466998319205,-117.01896798018487,0.0,False,Police-beat representative point; not exact collision location
2018,811,48,75,15,0,0,33.28874302390258,-116.89331559684965,0.0,False,Police-beat representative point; not exact collision location
2018,812,2,2,0,0,0,33.21204047910238,-117.05224848023076,,False,Police-beat representative point; not exact collision location
2018,813,291,437,122,4,2,33.256640818090105,-117.00146499740242,0.03278688524590164,True,Police-beat representative point; not exact collision location
2018,814,40,62,19,1,1,33.26344978308218,-116.94514831328809,0.05263157894736842,False,Police-beat representative point; not exact collision location
2018,821,94,156,44,2,0,33.26397631835824,-116.82746789804872,0.045454545454545456,True,Police-beat representative point; not exact collision location
2018,822,83,123,38,4,0,33.31983921529675,-116.64556173889338,0.10526315789473684,True,Police-beat representative point; not exact collision location
2018,823,28,43,4,0,0,33.28929194546852,-116.54504232398082,0.0,False,Police-beat representative point; not exact collision location
2018,824,117,203,66,6,0,33.19173535658806,-116.84455296904608,0.09090909090909091,True,Police-beat representative point; not exact collision location
2018,825,65,98,27,2,1,33.084010908673356,-116.75174244288297,0.07407407407407407,False,Police-beat representative point; not exact collision location
2018,826,91,132,36,3,0,33.191680768548515,-116.75401223889719,0.08333333333333333,True,Police-beat representative point; not exact collision location
2018,827,25,37,5,0,0,33.16683113642124,-116.71801267107438,0.0,False,Police-beat representative point; not exact collision location
2018,828,21,33,4,0,0,33.161666874567715,-116.56655399259245,0.0,False,Police-beat representative point; not exact collision location
2018,829,1,2,1,0,0,33.03237928300737,-116.64394532399695,0.0,False,Police-beat representative point; not exact collision location
2018,831,58,92,27,1,0,33.09266461258565,-116.70240144470779,0.037037037037037035,False,Police-beat representative point; not exact collision location
2018,832,95,166,38,3,1,33.07539925544093,-116.6052377489849,0.07894736842105263,True,Police-beat representative point; not exact collision location
2018,833,43,67,19,0,0,32.92600127248982,-116.74717314242025,0.0,False,Police-beat representative point; not exact collision location
2018,834,70,116,19,1,0,32.968833167875026,-116.57150084330075,0.05263157894736842,False,Police-beat representative point; not exact collision location
2018,835,44,66,12,1,0,32.97695935736729,-116.54247377392124,0.08333333333333333,False,Police-beat representative point; not exact collision location
2018,836,22,38,10,0,0,32.973992625535146,-116.51467538268406,0.0,False,Police-beat representative point; not exact collision location
2018,837,23,34,9,0,0,32.724376080510794,-117.1086256590632,0.0,False,Police-beat representative point; not exact collision location
2018,838,79,132,40,2,0,32.75206244852271,-117.11659179402932,0.05,True,Police-beat representative point; not exact collision location
2018,839,26,40,13,0,0,32.743506326674634,-117.11462286707754,0.0,False,Police-beat representative point; not exact collision location
2018,841,23,34,8,0,0,33.2656976505115,-116.17118308305773,0.0,False,Police-beat representative point; not exact collision location
2018,904,1,1,0,0,0,,,,False,Police-beat representative point; not exact collision location
2018,931,108,178,76,4,0,32.89512014912518,-117.19382843269258,0.05263157894736842,True,Police-beat representative point; not exact collision location
2018,932,10,15,9,1,0,32.920274611200256,-117.24808516611526,0.1111111111111111,False,Police-beat representative point; not exact collision location
2018,933,22,32,8,0,0,32.955217133425855,-117.25020174535538,0.0,False,Police-beat representative point; not exact collision location
2018,934,138,206,75,2,2,32.937283051376355,-117.20530507023517,0.02666666666666667,True,Police-beat representative point; not exact collision location
2018,935,33,53,19,0,0,32.97265838878731,-117.21436342450443,0.0,False,Police-beat representative point; not exact collision location
2018,936,25,36,10,1,1,32.963308316764014,-117.15873147780599,0.1,False,Police-beat representative point; not exact collision location
2018,937,34,49,21,1,0,32.999781625715784,-117.14550256158267,0.047619047619047616,False,Police-beat representative point; not exact collision location
2018,999,20,34,5,0,0,,,0.0,False,Police-beat representative point; not exact collision location
2019,111,168,302,83,3,1,32.81770454015894,-117.1705278025942,0.03614457831325301,True,Police-beat representative point; not exact collision location
2019,112,52,102,37,3,2,32.81047946026704,-117.18769143599107,0.08108108108108109,True,Police-beat representative point; not exact collision location
2019,113,82,146,46,2,0,32.82444992896318,-117.21864400105085,0.043478260869565216,True,Police-beat representative point; not exact collision location
2019,114,100,201,56,4,0,32.829658103655376,-117.20426920911271,0.07142857142857142,True,Police-beat representative point; not exact collision location
2019,115,220,382,132,4,0,32.86966313233439,-117.21197916564599,0.030303030303030304,True,Police-beat representative point; not exact collision location
2019,116,81,124,32,2,1,32.7908774997026,-117.19770197666779,0.0625,True,Police-beat representative point; not exact collision location
2019,121,131,193,69,9,1,32.77481165227195,-117.25178198162368,0.13043478260869565,True,Police-beat representative point; not exact collision location
2019,122,537,918,273,12,0,32.80138866666046,-117.23577882171637,0.04395604395604396,True,Police-beat representative point; not exact collision location
2019,123,116,205,62,3,1,32.777830070383246,-117.22767002450135,0.04838709677419355,True,Police-beat representative point; not exact collision location
2019,124,246,370,106,6,1,32.83885413538784,-117.25836882736988,0.05660377358490566,True,Police-beat representative point; not exact collision location
2019,126,44,81,31,1,0,32.892381430965,-117.24032813563096,0.03225806451612903,True,Police-beat representative point; not exact collision location
2019,21,1,2,0,0,0,32.68225802058488,-117.0853754038898,,False,Police-beat representative point; not exact collision location
2019,212,1,2,0,0,0,33.06741295222152,-117.28673948094408,,False,Police-beat representative point; not exact collision location
2019,231,33,64,29,2,0,32.9507045521999,-117.0940264562798,0.06896551724137931,False,Police-beat representative point; not exact collision location
2019,232,88,168,50,0,0,32.98105952053426,-117.07570836367637,0.0,True,Police-beat representative point; not exact collision location
2019,233,99,191,66,4,2,32.96218052996461,-117.12299174891572,0.06060606060606061,True,Police-beat representative point; not exact collision location
2019,234,139,280,123,6,1,33.033630033425176,-117.07040835691859,0.04878048780487805,True,Police-beat representative point; not exact collision location
2019,235,23,46,25,1,0,33.082709341795365,-116.99513841518677,0.04,False,Police-beat representative point; not exact collision location
2019,241,56,119,53,1,0,32.88634531749301,-117.0564648801472,0.018867924528301886,True,Police-beat representative point; not exact collision location
2019,242,306,573,185,10,3,32.91947899976272,-117.1426172010863,0.05405405405405406,True,Police-beat representative point; not exact collision location
2019,243,123,238,103,6,0,32.870391979565866,-117.15308981578755,0.05825242718446602,True,Police-beat representative point; not exact collision location
2019,245,6,8,4,0,0,32.93204297477473,-117.00772967955226,0.0,False,Police-beat representative point; not exact collision location
2019,246,40,81,35,3,1,32.93141133761594,-117.08976111807016,0.08571428571428572,True,Police-beat representative point; not exact collision location
2019,28,1,2,0,0,0,33.218982720376914,-117.27972348844182,,False,Police-beat representative point; not exact collision location
2019,311,104,183,53,0,0,32.792844777392105,-117.13085133944696,0.0,True,Police-beat representative point; not exact collision location
2019,312,61,124,42,3,0,32.83444136883477,-117.08256786059422,0.07142857142857142,True,Police-beat representative point; not exact collision location
2019,313,324,609,181,12,1,32.83054722226561,-117.14278671565819,0.06629834254143646,True,Police-beat representative point; not exact collision location
2019,314,41,76,21,0,0,33.18737517952651,-117.23066947053908,0.0,False,Police-beat representative point; not exact collision location
2019,315,242,427,110,4,3,32.773422052363586,-117.14213316310999,0.03636363636363636,True,Police-beat representative point; not exact collision location
2019,316,4,5,1,0,0,32.78292199901396,-117.11924623673008,0.0,False,Police-beat representative point; not exact collision location
2019,321,108,194,62,4,2,32.7956980896065,-117.09979247672425,0.06451612903225806,True,Police-beat representative point; not exact collision location
2019,322,48,92,35,1,0,32.79664845581645,-117.07993976055249,0.02857142857142857,True,Police-beat representative point; not exact collision location
2019,323,22,34,6,0,0,32.78719487543675,-117.06457435877357,0.0,False,Police-beat representative point; not exact collision location
2019,324,49,85,21,1,0,32.818671851023076,-117.03047373719554,0.047619047619047616,False,Police-beat representative point; not exact collision location
2019,325,33,62,14,1,0,32.8031127689942,-117.0507809366459,0.07142857142857142,False,Police-beat representative point; not exact collision location
2019,326,77,149,37,2,1,33.21520407905139,-117.158853043931,0.05405405405405406,True,Police-beat representative point; not exact collision location
2019,327,63,102,18,1,0,32.77187444242221,-117.0584304876291,0.05555555555555555,False,Police-beat representative point; not exact collision location
2019,419,1,1,0,0,0,33.03314576714784,-117.10608211524541,,False,Police-beat representative point; not exact collision location
2019,431,29,58,25,1,0,33.068726208608545,-116.84503457088576,0.04,False,Police-beat representative point; not exact collision location
2019,432,66,123,34,1,0,33.07521573004986,-116.7893009897486,0.029411764705882353,True,Police-beat representative point; not exact collision location
2019,433,66,127,40,3,0,33.01885171507661,-116.97490241410009,0.075,True,Police-beat representative point; not exact collision location
2019,434,54,100,28,2,0,33.02079779583591,-116.93927795692584,0.07142857142857142,False,Police-beat representative point; not exact collision location
2019,435,6,13,4,0,0,33.0244194806951,-116.88034977660124,0.0,False,Police-beat representative point; not exact collision location
2019,436,37,74,21,1,1,33.03875431313823,-116.83634997698923,0.047619047619047616,False,Police-beat representative point; not exact collision location
2019,437,115,226,61,1,0,33.034426253998184,-116.76383218676057,0.01639344262295082,True,Police-beat representative point; not exact collision location
2019,438,46,84,17,0,0,32.964962072509046,-116.93198165582515,0.0,False,Police-beat representative point; not exact collision location
2019,439,5,8,3,0,0,32.97521387218142,-116.90067834867656,0.0,False,Police-beat representative point; not exact collision location
2019,441,139,263,62,7,2,32.69889849972856,-117.10769763142628,0.11290322580645161,True,Police-beat representative point; not exact collision location
2019,442,52,97,25,0,0,32.989441787119915,-116.75926712183384,0.0,False,Police-beat representative point; not exact collision location
2019,443,21,42,11,1,0,32.96526740900654,-116.7621984178671,0.09090909090909091,False,Police-beat representative point; not exact collision location
2019,444,46,87,18,1,0,33.12355440646557,-116.85268610311729,0.05555555555555555,False,Police-beat representative point; not exact collision location
2019,445,66,133,38,4,2,33.08358611664043,-116.77307253626101,0.10526315789473684,True,Police-beat representative point; not exact collision location
2019,446,84,153,40,1,1,32.69913772804682,-117.08992016000654,0.025,True,Police-beat representative point; not exact collision location
2019,447,58,103,33,1,1,32.727380344558014,-117.09407870897448,0.030303030303030304,True,Police-beat representative point; not exact collision location
2019,451,106,185,46,4,0,32.73177907125266,-117.07498111047565,0.08695652173913043,True,Police-beat representative point; not exact collision location
2019,452,26,40,11,1,0,32.70231816405372,-117.0621023335037,0.09090909090909091,False,Police-beat representative point; not exact collision location
2019,511,140,248,68,8,3,32.6923534985372,-117.13284733903458,0.11764705882352941,True,Police-beat representative point; not exact collision location
2019,512,131,271,88,2,1,32.699800986596294,-117.13052814317592,0.022727272727272728,True,Police-beat representative point; not exact collision location
2019,514,43,76,23,2,1,32.842704320208426,-116.97648996726558,0.08695652173913043,False,Police-beat representative point; not exact collision location
2019,515,41,81,15,0,0,32.845674806706285,-116.96352948421804,0.0,False,Police-beat representative point; not exact collision location
2019,516,49,89,20,0,0,32.82696488216109,-117.01406118593331,0.0,False,Police-beat representative point; not exact collision location
2019,517,55,95,24,0,0,32.71632203758088,-117.13433778552573,0.0,False,Police-beat representative point; not exact collision location
2019,518,29,46,10,0,0,32.83248265911578,-116.99224126939387,0.0,False,Police-beat representative point; not exact collision location
2019,521,254,458,140,3,0,32.90328552933019,-116.95068831877407,0.02142857142857143,True,Police-beat representative point; not exact collision location
2019,522,66,96,29,0,0,32.92186076942686,-116.89993698061527,0.0,False,Police-beat representative point; not exact collision location
2019,523,59,89,28,0,0,32.95617399388699,-116.8361320030119,0.0,False,Police-beat representative point; not exact collision location
2019,524,211,377,142,9,1,32.89382936706996,-116.85701579124563,0.06338028169014084,True,Police-beat representative point; not exact collision location
2019,525,34,54,17,1,0,32.879951936980746,-116.93973829827166,0.058823529411764705,False,Police-beat representative point; not exact collision location
2019,526,75,123,33,0,0,32.72152809229162,-117.15666960759938,0.0,True,Police-beat representative point; not exact collision location
2019,527,32,56,22,0,0,32.86352947495234,-116.93136247772748,0.0,False,Police-beat representative point; not exact collision location
2019,528,56,89,27,0,0,32.86415703284928,-116.91022290750075,0.0,False,Police-beat representative point; not exact collision location
2019,529,85,143,43,1,0,32.84017041201663,-116.93920835327967,0.023255813953488372,True,Police-beat representative point; not exact collision location
2019,531,71,112,43,3,0,32.84321580839031,-116.90016213002147,0.06976744186046512,True,Police-beat representative point; not exact collision location
2019,541,9,15,4,0,0,32.9291747187676,-116.77443218034055,0.0,False,Police-beat representative point; not exact collision location
2019,611,246,415,130,10,1,32.74087129851641,-117.20029111792292,0.07692307692307693,True,Police-beat representative point; not exact collision location
2019,612,47,90,28,0,0,32.772107860227166,-116.96843105192859,0.0,False,Police-beat representative point; not exact collision location
2019,613,134,227,58,6,0,32.77374071883966,-116.94185098320088,0.10344827586206896,True,Police-beat representative point; not exact collision location
2019,614,179,308,67,0,0,32.74620175051584,-117.2480835727332,0.0,True,Police-beat representative point; not exact collision location
2019,615,51,89,24,3,0,32.75527723592303,-116.97723684721086,0.125,False,Police-beat representative point; not exact collision location
2019,616,7,11,2,0,0,32.752628141220626,-116.94692878514448,0.0,False,Police-beat representative point; not exact collision location
2019,617,8,10,3,0,0,32.75249442181715,-116.91730098864045,0.0,False,Police-beat representative point; not exact collision location
2019,618,11,17,2,0,0,32.76328831123388,-116.86528797307204,0.0,False,Police-beat representative point; not exact collision location
2019,621,137,254,58,6,0,32.78474350011991,-117.17350386676355,0.10344827586206896,True,Police-beat representative point; not exact collision location
2019,622,93,148,35,2,0,32.77053271608819,-117.1930381983357,0.05714285714285714,True,Police-beat representative point; not exact collision location
2019,623,73,98,18,0,0,32.764147409640195,-117.17795146796615,0.0,False,Police-beat representative point; not exact collision location
2019,624,92,182,43,3,2,32.72581659624629,-116.95774643171607,0.06976744186046512,True,Police-beat representative point; not exact collision location
2019,625,46,74,21,0,0,32.71166795495702,-116.92295457345952,0.0,False,Police-beat representative point; not exact collision location
2019,626,48,75,17,1,0,32.719860513153876,-116.86898081471712,0.058823529411764705,False,Police-beat representative point; not exact collision location
2019,627,219,350,80,4,1,32.7006865484599,-116.81568469167085,0.05,True,Police-beat representative point; not exact collision location
2019,628,37,68,14,0,0,32.72528832037109,-117.00586281519546,0.0,False,Police-beat representative point; not exact collision location
2019,71,1,1,0,0,0,,,,False,Police-beat representative point; not exact collision location
2019,711,2,4,0,0,0,32.54811512377198,-117.08682754599928,,False,Police-beat representative point; not exact collision location
2019,712,139,248,64,5,2,32.555674316681994,-117.04801204711242,0.078125,True,Police-beat representative point; not exact collision location
2019,713,67,117,47,5,2,32.564553838907365,-116.98788827590417,0.10638297872340426,True,Police-beat representative point; not exact collision location
2019,714,18,28,6,0,0,32.54451595061849,-117.03039487125258,0.0,False,Police-beat representative point; not exact collision location
2019,721,79,164,52,2,1,32.58281392644402,-117.09825832771111,0.038461538461538464,True,Police-beat representative point; not exact collision location
2019,722,63,117,30,0,0,32.66711452591835,-117.00913888789105,0.0,True,Police-beat representative point; not exact collision location
2019,723,94,183,51,6,1,32.57840310808878,-117.05675680465119,0.11764705882352941,True,Police-beat representative point; not exact collision location
2019,724,31,48,9,0,0,32.658852893134195,-116.91503007193131,0.0,False,Police-beat representative point; not exact collision location
2019,725,36,61,12,1,0,32.579466998319205,-117.01896798018487,0.08333333333333333,False,Police-beat representative point; not exact collision location
2019,811,55,88,15,1,0,33.28874302390258,-116.89331559684965,0.06666666666666667,False,Police-beat representative point; not exact collision location
2019,812,2,2,0,0,0,33.21204047910238,-117.05224848023076,,False,Police-beat representative point; not exact collision location
2019,813,317,549,114,2,1,33.256640818090105,-117.00146499740242,0.017543859649122806,True,Police-beat representative point; not exact collision location
2019,814,30,46,9,1,0,33.26344978308218,-116.94514831328809,0.1111111111111111,False,Police-beat representative point; not exact collision location
2019,821,87,169,42,2,1,33.26397631835824,-116.82746789804872,0.047619047619047616,True,Police-beat representative point; not exact collision location
2019,822,104,203,60,1,0,33.31983921529675,-116.64556173889338,0.016666666666666666,True,Police-beat representative point; not exact collision location
2019,823,33,64,13,0,0,33.28929194546852,-116.54504232398082,0.0,False,Police-beat representative point; not exact collision location
2019,824,130,251,70,2,1,33.19173535658806,-116.84455296904608,0.02857142857142857,True,Police-beat representative point; not exact collision location
2019,825,89,159,35,0,0,33.084010908673356,-116.75174244288297,0.0,True,Police-beat representative point; not exact collision location
2019,826,100,168,36,1,0,33.191680768548515,-116.75401223889719,0.027777777777777776,True,Police-beat representative point; not exact collision location
2019,827,33,62,12,1,0,33.16683113642124,-116.71801267107438,0.08333333333333333,False,Police-beat representative point; not exact collision location
2019,828,18,26,7,0,0,33.161666874567715,-116.56655399259245,0.0,False,Police-beat representative point; not exact collision location
2019,829,1,1,0,0,0,33.03237928300737,-116.64394532399695,,False,Police-beat representative point; not exact collision location
2019,831,71,137,37,2,0,33.09266461258565,-116.70240144470779,0.05405405405405406,True,Police-beat representative point; not exact collision location
2019,832,71,138,38,2,0,33.07539925544093,-116.6052377489849,0.05263157894736842,True,Police-beat representative point; not exact collision location
2019,833,44,83,17,0,0,32.92600127248982,-116.74717314242025,0.0,False,Police-beat representative point; not exact collision location
2019,834,70,134,27,0,0,32.968833167875026,-116.57150084330075,0.0,False,Police-beat representative point; not exact collision location
2019,835,32,62,13,0,0,32.97695935736729,-116.54247377392124,0.0,False,Police-beat representative point; not exact collision location
2019,836,25,52,19,1,0,32.973992625535146,-116.51467538268406,0.05263157894736842,False,Police-beat representative point; not exact collision location
2019,837,22,36,3,1,0,32.724376080510794,-117.1086256590632,0.3333333333333333,False,Police-beat representative point; not exact collision location
2019,838,69,124,30,0,0,32.75206244852271,-117.11659179402932,0.0,True,Police-beat representative point; not exact collision location
2019,839,24,34,6,2,0,32.743506326674634,-117.11462286707754,0.3333333333333333,False,Police-beat representative point; not exact collision location
2019,841,11,19,2,0,0,33.2656976505115,-116.17118308305773,0.0,False,Police-beat representative point; not exact collision location
2019,931,139,255,88,4,0,32.89512014912518,-117.19382843269258,0.045454545454545456,True,Police-beat representative point; not exact collision location
2019,932,11,19,5,2,0,32.920274611200256,-117.24808516611526,0.4,False,Police-beat representative point; not exact collision location
2019,933,40,70,22,1,0,32.955217133425855,-117.25020174535538,0.045454545454545456,False,Police-beat representative point; not exact collision location
2019,934,128,232,71,4,1,32.937283051376355,-117.20530507023517,0.056338028169014086,True,Police-beat representative point; not exact collision location
2019,935,38,82,32,1,0,32.97265838878731,-117.21436342450443,0.03125,True,Police-beat representative point; not exact collision location
2019,936,27,45,15,1,0,32.963308316764014,-117.15873147780599,0.06666666666666667,False,Police-beat representative point; not exact collision location
2019,937,46,77,33,2,0,32.999781625715784,-117.14550256158267,0.06060606060606061,True,Police-beat representative point; not exact collision location
2019,999,17,30,2,1,1,,,0.5,False,Police-beat representative point; not exact collision location
2020,111,112,234,51,6,1,32.81770454015894,-117.1705278025942,0.11764705882352941,True,Police-beat representative point; not exact collision location
2020,112,44,96,41,6,1,32.81047946026704,-117.18769143599107,0.14634146341463414,True,Police-beat representative point; not exact collision location
2020,113,47,100,25,3,0,32.82444992896318,-117.21864400105085,0.12,False,Police-beat representative point; not exact collision location
2020,114,95,227,56,6,1,32.829658103655376,-117.20426920911271,0.10714285714285714,True,Police-beat representative point; not exact collision location
2020,115,132,272,77,1,0,32.86966313233439,-117.21197916564599,0.012987012987012988,True,Police-beat representative point; not exact collision location
2020,116,78,170,50,2,0,32.7908774997026,-117.19770197666779,0.04,True,Police-beat representative point; not exact collision location
2020,121,83,165,38,1,0,32.77481165227195,-117.25178198162368,0.02631578947368421,True,Police-beat representative point; not exact collision location
2020,122,424,880,192,12,0,32.80138866666046,-117.23577882171637,0.0625,True,Police-beat representative point; not exact collision location
2020,123,132,326,106,7,0,32.777830070383246,-117.22767002450135,0.0660377358490566,True,Police-beat representative point; not exact collision location
2020,124,202,387,94,7,1,32.83885413538784,-117.25836882736988,0.07446808510638298,True,Police-beat representative point; not exact collision location
2020,126,32,65,23,1,0,32.892381430965,-117.24032813563096,0.043478260869565216,False,Police-beat representative point; not exact collision location
2020,231,28,57,18,2,0,32.9507045521999,-117.0940264562798,0.1111111111111111,False,Police-beat representative point; not exact collision location
2020,232,52,112,38,1,1,32.98105952053426,-117.07570836367637,0.02631578947368421,True,Police-beat representative point; not exact collision location
2020,233,61,118,42,2,1,32.96218052996461,-117.12299174891572,0.047619047619047616,True,Police-beat representative point; not exact collision location
2020,234,116,231,71,3,3,33.033630033425176,-117.07040835691859,0.04225352112676056,True,Police-beat representative point; not exact collision location
2020,235,24,40,23,3,1,33.082709341795365,-116.99513841518677,0.13043478260869565,False,Police-beat representative point; not exact collision location
2020,241,54,110,31,3,0,32.88634531749301,-117.0564648801472,0.0967741935483871,True,Police-beat representative point; not exact collision location
2020,242,244,506,108,10,5,32.91947899976272,-117.1426172010863,0.09259259259259259,True,Police-beat representative point; not exact collision location
2020,243,68,138,43,0,0,32.870391979565866,-117.15308981578755,0.0,True,Police-beat representative point; not exact collision location
2020,245,8,11,3,1,1,32.93204297477473,-117.00772967955226,0.3333333333333333,False,Police-beat representative point; not exact collision location
2020,246,17,30,11,2,1,32.93141133761594,-117.08976111807016,0.18181818181818182,False,Police-beat representative point; not exact collision location
2020,311,87,182,31,0,0,32.792844777392105,-117.13085133944696,0.0,True,Police-beat representative point; not exact collision location
2020,312,49,104,31,2,0,32.83444136883477,-117.08256786059422,0.06451612903225806,True,Police-beat representative point; not exact collision location
2020,313,185,391,75,7,0,32.83054722226561,-117.14278671565819,0.09333333333333334,True,Police-beat representative point; not exact collision location
2020,314,34,73,17,1,1,33.18737517952651,-117.23066947053908,0.058823529411764705,False,Police-beat representative point; not exact collision location
2020,315,175,378,94,1,0,32.773422052363586,-117.14213316310999,0.010638297872340425,True,Police-beat representative point; not exact collision location
2020,321,95,205,36,2,0,32.7956980896065,-117.09979247672425,0.05555555555555555,True,Police-beat representative point; not exact collision location
2020,322,38,81,28,2,0,32.79664845581645,-117.07993976055249,0.07142857142857142,False,Police-beat representative point; not exact collision location
2020,323,31,61,15,0,0,32.78719487543675,-117.06457435877357,0.0,False,Police-beat representative point; not exact collision location
2020,324,38,74,13,3,1,32.818671851023076,-117.03047373719554,0.23076923076923078,False,Police-beat representative point; not exact collision location
2020,325,24,55,20,0,0,32.8031127689942,-117.0507809366459,0.0,False,Police-beat representative point; not exact collision location
2020,326,49,96,22,2,0,33.21520407905139,-117.158853043931,0.09090909090909091,False,Police-beat representative point; not exact collision location
2020,327,34,74,9,0,0,32.77187444242221,-117.0584304876291,0.0,False,Police-beat representative point; not exact collision location
2020,431,20,53,7,0,0,33.068726208608545,-116.84503457088576,0.0,False,Police-beat representative point; not exact collision location
2020,432,54,127,25,1,0,33.07521573004986,-116.7893009897486,0.04,False,Police-beat representative point; not exact collision location
2020,433,55,126,36,4,1,33.01885171507661,-116.97490241410009,0.1111111111111111,True,Police-beat representative point; not exact collision location
2020,434,41,93,14,3,2,33.02079779583591,-116.93927795692584,0.21428571428571427,False,Police-beat representative point; not exact collision location
2020,435,3,5,1,0,0,33.0244194806951,-116.88034977660124,0.0,False,Police-beat representative point; not exact collision location
2020,436,37,69,13,1,0,33.03875431313823,-116.83634997698923,0.07692307692307693,False,Police-beat representative point; not exact collision location
2020,437,94,211,56,2,2,33.034426253998184,-116.76383218676057,0.03571428571428571,True,Police-beat representative point; not exact collision location
2020,438,57,149,28,2,0,32.964962072509046,-116.93198165582515,0.07142857142857142,False,Police-beat representative point; not exact collision location
2020,439,7,14,4,0,0,32.97521387218142,-116.90067834867656,0.0,False,Police-beat representative point; not exact collision location
2020,441,137,310,63,3,1,32.69889849972856,-117.10769763142628,0.047619047619047616,True,Police-beat representative point; not exact collision location
2020,442,48,101,12,0,0,32.989441787119915,-116.75926712183384,0.0,False,Police-beat representative point; not exact collision location
2020,443,24,53,14,2,0,32.96526740900654,-116.7621984178671,0.14285714285714285,False,Police-beat representative point; not exact collision location
2020,444,40,82,22,4,2,33.12355440646557,-116.85268610311729,0.18181818181818182,False,Police-beat representative point; not exact collision location
2020,445,51,101,28,1,0,33.08358611664043,-116.77307253626101,0.03571428571428571,False,Police-beat representative point; not exact collision location
2020,446,92,197,52,5,0,32.69913772804682,-117.08992016000654,0.09615384615384616,True,Police-beat representative point; not exact collision location
2020,447,39,78,18,0,0,32.727380344558014,-117.09407870897448,0.0,False,Police-beat representative point; not exact collision location
2020,451,91,198,43,3,0,32.73177907125266,-117.07498111047565,0.06976744186046512,True,Police-beat representative point; not exact collision location
2020,452,28,67,15,1,0,32.70231816405372,-117.0621023335037,0.06666666666666667,False,Police-beat representative point; not exact collision location
2020,511,151,300,82,0,0,32.6923534985372,-117.13284733903458,0.0,True,Police-beat representative point; not exact collision location
2020,512,130,296,53,2,0,32.699800986596294,-117.13052814317592,0.03773584905660377,True,Police-beat representative point; not exact collision location
2020,514,35,88,12,1,1,32.842704320208426,-116.97648996726558,0.08333333333333333,False,Police-beat representative point; not exact collision location
2020,515,35,86,22,3,1,32.845674806706285,-116.96352948421804,0.13636363636363635,False,Police-beat representative point; not exact collision location
2020,516,43,117,35,1,0,32.82696488216109,-117.01406118593331,0.02857142857142857,True,Police-beat representative point; not exact collision location
2020,517,55,125,25,0,0,32.71632203758088,-117.13433778552573,0.0,False,Police-beat representative point; not exact collision location
2020,518,30,56,12,0,0,32.83248265911578,-116.99224126939387,0.0,False,Police-beat representative point; not exact collision location
2020,521,179,390,96,3,1,32.90328552933019,-116.95068831877407,0.03125,True,Police-beat representative point; not exact collision location
2020,522,37,72,30,1,0,32.92186076942686,-116.89993698061527,0.03333333333333333,True,Police-beat representative point; not exact collision location
2020,523,26,48,7,0,0,32.95617399388699,-116.8361320030119,0.0,False,Police-beat representative point; not exact collision location
2020,524,129,264,68,1,0,32.89382936706996,-116.85701579124563,0.014705882352941176,True,Police-beat representative point; not exact collision location
2020,525,18,30,12,1,1,32.879951936980746,-116.93973829827166,0.08333333333333333,False,Police-beat representative point; not exact collision location
2020,526,40,79,27,0,0,32.72152809229162,-117.15666960759938,0.0,False,Police-beat representative point; not exact collision location
2020,527,26,52,10,1,0,32.86352947495234,-116.93136247772748,0.1,False,Police-beat representative point; not exact collision location
2020,528,37,76,21,0,0,32.86415703284928,-116.91022290750075,0.0,False,Police-beat representative point; not exact collision location
2020,529,62,137,35,3,0,32.84017041201663,-116.93920835327967,0.08571428571428572,True,Police-beat representative point; not exact collision location
2020,531,47,81,21,2,0,32.84321580839031,-116.90016213002147,0.09523809523809523,False,Police-beat representative point; not exact collision location
2020,541,9,16,4,0,0,32.9291747187676,-116.77443218034055,0.0,False,Police-beat representative point; not exact collision location
2020,611,175,329,79,9,2,32.74087129851641,-117.20029111792292,0.11392405063291139,True,Police-beat representative point; not exact collision location
2020,612,28,54,14,0,0,32.772107860227166,-116.96843105192859,0.0,False,Police-beat representative point; not exact collision location
2020,613,88,171,34,1,1,32.77374071883966,-116.94185098320088,0.029411764705882353,True,Police-beat representative point; not exact collision location
2020,614,216,466,78,3,0,32.74620175051584,-117.2480835727332,0.038461538461538464,True,Police-beat representative point; not exact collision location
2020,615,51,114,39,3,0,32.75527723592303,-116.97723684721086,0.07692307692307693,True,Police-beat representative point; not exact collision location
2020,616,4,6,2,0,0,32.752628141220626,-116.94692878514448,0.0,False,Police-beat representative point; not exact collision location
2020,617,8,18,4,0,0,32.75249442181715,-116.91730098864045,0.0,False,Police-beat representative point; not exact collision location
2020,618,19,43,9,1,0,32.76328831123388,-116.86528797307204,0.1111111111111111,False,Police-beat representative point; not exact collision location
2020,621,102,238,65,3,1,32.78474350011991,-117.17350386676355,0.046153846153846156,True,Police-beat representative point; not exact collision location
2020,622,55,99,23,0,0,32.77053271608819,-117.1930381983357,0.0,False,Police-beat representative point; not exact collision location
2020,623,64,113,20,0,0,32.764147409640195,-117.17795146796615,0.0,False,Police-beat representative point; not exact collision location
2020,624,83,168,31,0,0,32.72581659624629,-116.95774643171607,0.0,True,Police-beat representative point; not exact collision location
2020,625,27,52,12,2,2,32.71166795495702,-116.92295457345952,0.16666666666666666,False,Police-beat representative point; not exact collision location
2020,626,29,54,8,1,0,32.719860513153876,-116.86898081471712,0.125,False,Police-beat representative point; not exact collision location
2020,627,168,338,70,4,1,32.7006865484599,-116.81568469167085,0.05714285714285714,True,Police-beat representative point; not exact collision location
2020,628,39,82,17,1,0,32.72528832037109,-117.00586281519546,0.058823529411764705,False,Police-beat representative point; not exact collision location
2020,711,4,6,3,0,0,32.54811512377198,-117.08682754599928,0.0,False,Police-beat representative point; not exact collision location
2020,712,116,275,53,5,3,32.555674316681994,-117.04801204711242,0.09433962264150944,True,Police-beat representative point; not exact collision location
2020,713,62,106,30,4,1,32.564553838907365,-116.98788827590417,0.13333333333333333,True,Police-beat representative point; not exact collision location
2020,714,12,25,5,0,0,32.54451595061849,-117.03039487125258,0.0,False,Police-beat representative point; not exact collision location
2020,721,70,165,44,1,0,32.58281392644402,-117.09825832771111,0.022727272727272728,True,Police-beat representative point; not exact collision location
2020,722,63,152,31,1,0,32.66711452591835,-117.00913888789105,0.03225806451612903,True,Police-beat representative point; not exact collision location
2020,723,84,193,50,2,0,32.57840310808878,-117.05675680465119,0.04,True,Police-beat representative point; not exact collision location
2020,724,31,61,15,0,0,32.658852893134195,-116.91503007193131,0.0,False,Police-beat representative point; not exact collision location
2020,725,49,97,20,1,0,32.579466998319205,-117.01896798018487,0.05,False,Police-beat representative point; not exact collision location
2020,811,55,110,20,0,0,33.28874302390258,-116.89331559684965,0.0,False,Police-beat representative point; not exact collision location
2020,812,3,7,1,0,0,33.21204047910238,-117.05224848023076,0.0,False,Police-beat representative point; not exact collision location
2020,813,251,520,87,3,0,33.256640818090105,-117.00146499740242,0.034482758620689655,True,Police-beat representative point; not exact collision location
2020,814,22,44,13,0,0,33.26344978308218,-116.94514831328809,0.0,False,Police-beat representative point; not exact collision location
2020,821,82,169,45,5,3,33.26397631835824,-116.82746789804872,0.1111111111111111,True,Police-beat representative point; not exact collision location
2020,822,85,185,48,5,1,33.31983921529675,-116.64556173889338,0.10416666666666667,True,Police-beat representative point; not exact collision location
2020,823,27,67,11,0,0,33.28929194546852,-116.54504232398082,0.0,False,Police-beat representative point; not exact collision location
2020,824,81,167,41,5,0,33.19173535658806,-116.84455296904608,0.12195121951219512,True,Police-beat representative point; not exact collision location
2020,825,65,137,32,2,0,33.084010908673356,-116.75174244288297,0.0625,True,Police-beat representative point; not exact collision location
2020,826,85,181,39,3,0,33.191680768548515,-116.75401223889719,0.07692307692307693,True,Police-beat representative point; not exact collision location
2020,827,22,43,9,1,1,33.16683113642124,-116.71801267107438,0.1111111111111111,False,Police-beat representative point; not exact collision location
2020,828,16,34,3,0,0,33.161666874567715,-116.56655399259245,0.0,False,Police-beat representative point; not exact collision location
2020,829,2,3,1,0,0,33.03237928300737,-116.64394532399695,0.0,False,Police-beat representative point; not exact collision location
2020,831,78,172,28,0,0,33.09266461258565,-116.70240144470779,0.0,False,Police-beat representative point; not exact collision location
2020,832,58,129,32,0,0,33.07539925544093,-116.6052377489849,0.0,True,Police-beat representative point; not exact collision location
2020,833,55,128,23,0,0,32.92600127248982,-116.74717314242025,0.0,False,Police-beat representative point; not exact collision location
2020,834,58,129,19,0,0,32.968833167875026,-116.57150084330075,0.0,False,Police-beat representative point; not exact collision location
2020,835,34,77,15,1,0,32.97695935736729,-116.54247377392124,0.06666666666666667,False,Police-beat representative point; not exact collision location
2020,836,21,49,11,0,0,32.973992625535146,-116.51467538268406,0.0,False,Police-beat representative point; not exact collision location
2020,837,12,22,4,0,0,32.724376080510794,-117.1086256590632,0.0,False,Police-beat representative point; not exact collision location
2020,838,60,131,32,2,1,32.75206244852271,-117.11659179402932,0.0625,True,Police-beat representative point; not exact collision location
2020,839,19,45,9,0,0,32.743506326674634,-117.11462286707754,0.0,False,Police-beat representative point; not exact collision location
2020,841,29,72,16,1,0,33.2656976505115,-116.17118308305773,0.0625,False,Police-beat representative point; not exact collision location
2020,931,90,187,84,4,1,32.89512014912518,-117.19382843269258,0.047619047619047616,True,Police-beat representative point; not exact collision location
2020,932,9,15,7,0,0,32.920274611200256,-117.24808516611526,0.0,False,Police-beat representative point; not exact collision location
2020,933,26,49,11,0,0,32.955217133425855,-117.25020174535538,0.0,False,Police-beat representative point; not exact collision location
2020,934,102,189,59,4,2,32.937283051376355,-117.20530507023517,0.06779661016949153,True,Police-beat representative point; not exact collision location
2020,935,24,47,20,1,1,32.97265838878731,-117.21436342450443,0.05,False,Police-beat representative point; not exact collision location
2020,936,17,33,17,2,1,32.963308316764014,-117.15873147780599,0.11764705882352941,False,Police-beat representative point; not exact collision location
2020,937,33,58,22,4,2,32.999781625715784,-117.14550256158267,0.18181818181818182,False,Police-beat representative point; not exact collision location
2020,999,9,19,3,0,0,,,0.0,False,Police-beat representative point; not exact collision location
2021,111,117,269,66,3,1,32.81770454015894,-117.1705278025942,0.045454545454545456,True,Police-beat representative point; not exact collision location
2021,112,36,69,19,3,1,32.81047946026704,-117.18769143599107,0.15789473684210525,False,Police-beat representative point; not exact collision location
2021,113,46,92,26,1,0,32.82444992896318,-117.21864400105085,0.038461538461538464,False,Police-beat representative point; not exact collision location
2021,114,94,215,61,3,0,32.829658103655376,-117.20426920911271,0.04918032786885246,True,Police-beat representative point; not exact collision location
2021,115,187,388,111,3,2,32.86966313233439,-117.21197916564599,0.02702702702702703,True,Police-beat representative point; not exact collision location
2021,116,80,170,37,2,1,32.7908774997026,-117.19770197666779,0.05405405405405406,True,Police-beat representative point; not exact collision location
2021,121,112,229,40,1,0,32.77481165227195,-117.25178198162368,0.025,True,Police-beat representative point; not exact collision location
2021,122,530,1120,299,23,0,32.80138866666046,-117.23577882171637,0.07692307692307693,True,Police-beat representative point; not exact collision location
2021,123,171,423,160,12,7,32.777830070383246,-117.22767002450135,0.075,True,Police-beat representative point; not exact collision location
2021,124,231,457,112,8,2,32.83885413538784,-117.25836882736988,0.07142857142857142,True,Police-beat representative point; not exact collision location
2021,126,46,97,37,6,2,32.892381430965,-117.24032813563096,0.16216216216216217,True,Police-beat representative point; not exact collision location
2021,21,1,2,1,1,1,32.68225802058488,-117.0853754038898,1.0,False,Police-beat representative point; not exact collision location
2021,231,20,43,16,1,1,32.9507045521999,-117.0940264562798,0.0625,False,Police-beat representative point; not exact collision location
2021,232,70,144,35,1,0,32.98105952053426,-117.07570836367637,0.02857142857142857,True,Police-beat representative point; not exact collision location
2021,233,82,174,46,3,1,32.96218052996461,-117.12299174891572,0.06521739130434782,True,Police-beat representative point; not exact collision location
2021,234,103,196,63,4,2,33.033630033425176,-117.07040835691859,0.06349206349206349,True,Police-beat representative point; not exact collision location
2021,235,23,48,27,4,0,33.082709341795365,-116.99513841518677,0.14814814814814814,False,Police-beat representative point; not exact collision location
2021,241,56,115,36,1,0,32.88634531749301,-117.0564648801472,0.027777777777777776,True,Police-beat representative point; not exact collision location
2021,242,260,593,147,7,2,32.91947899976272,-117.1426172010863,0.047619047619047616,True,Police-beat representative point; not exact collision location
2021,243,78,164,56,3,0,32.870391979565866,-117.15308981578755,0.05357142857142857,True,Police-beat representative point; not exact collision location
2021,245,6,7,3,1,0,32.93204297477473,-117.00772967955226,0.3333333333333333,False,Police-beat representative point; not exact collision location
2021,246,29,75,27,2,0,32.93141133761594,-117.08976111807016,0.07407407407407407,False,Police-beat representative point; not exact collision location
2021,311,78,164,43,0,0,32.792844777392105,-117.13085133944696,0.0,True,Police-beat representative point; not exact collision location
2021,312,58,113,31,3,0,32.83444136883477,-117.08256786059422,0.0967741935483871,True,Police-beat representative point; not exact collision location
2021,313,208,443,116,7,5,32.83054722226561,-117.14278671565819,0.0603448275862069,True,Police-beat representative point; not exact collision location
2021,314,39,84,19,0,0,33.18737517952651,-117.23066947053908,0.0,False,Police-beat representative point; not exact collision location
2021,315,172,348,72,6,3,32.773422052363586,-117.14213316310999,0.08333333333333333,True,Police-beat representative point; not exact collision location
2021,316,1,2,0,0,0,32.78292199901396,-117.11924623673008,,False,Police-beat representative point; not exact collision location
2021,321,93,193,51,2,1,32.7956980896065,-117.09979247672425,0.0392156862745098,True,Police-beat representative point; not exact collision location
2021,322,40,90,21,0,0,32.79664845581645,-117.07993976055249,0.0,False,Police-beat representative point; not exact collision location
2021,323,27,56,11,1,0,32.78719487543675,-117.06457435877357,0.09090909090909091,False,Police-beat representative point; not exact collision location
2021,324,33,73,26,3,0,32.818671851023076,-117.03047373719554,0.11538461538461539,False,Police-beat representative point; not exact collision location
2021,325,26,60,16,1,1,32.8031127689942,-117.0507809366459,0.0625,False,Police-beat representative point; not exact collision location
2021,326,72,165,35,3,0,33.21520407905139,-117.158853043931,0.08571428571428572,True,Police-beat representative point; not exact collision location
2021,327,51,117,18,1,0,32.77187444242221,-117.0584304876291,0.05555555555555555,False,Police-beat representative point; not exact collision location
2021,406,3,5,1,0,0,32.996537764524234,-117.04077668116742,0.0,False,Police-beat representative point; not exact collision location
2021,431,16,36,5,0,0,33.068726208608545,-116.84503457088576,0.0,False,Police-beat representative point; not exact collision location
2021,432,58,140,36,0,0,33.07521573004986,-116.7893009897486,0.0,True,Police-beat representative point; not exact collision location
2021,433,46,105,24,1,0,33.01885171507661,-116.97490241410009,0.041666666666666664,False,Police-beat representative point; not exact collision location
2021,434,35,88,14,2,0,33.02079779583591,-116.93927795692584,0.14285714285714285,False,Police-beat representative point; not exact collision location
2021,435,2,3,0,0,0,33.0244194806951,-116.88034977660124,,False,Police-beat representative point; not exact collision location
2021,436,28,66,16,0,0,33.03875431313823,-116.83634997698923,0.0,False,Police-beat representative point; not exact collision location
2021,437,71,170,61,2,0,33.034426253998184,-116.76383218676057,0.03278688524590164,True,Police-beat representative point; not exact collision location
2021,438,36,94,18,1,0,32.964962072509046,-116.93198165582515,0.05555555555555555,False,Police-beat representative point; not exact collision location
2021,439,2,7,3,0,0,32.97521387218142,-116.90067834867656,0.0,False,Police-beat representative point; not exact collision location
2021,441,103,251,65,4,0,32.69889849972856,-117.10769763142628,0.06153846153846154,True,Police-beat representative point; not exact collision location
2021,442,40,90,14,0,0,32.989441787119915,-116.75926712183384,0.0,False,Police-beat representative point; not exact collision location
2021,443,26,65,16,1,0,32.96526740900654,-116.7621984178671,0.0625,False,Police-beat representative point; not exact collision location
2021,444,41,82,25,1,0,33.12355440646557,-116.85268610311729,0.04,False,Police-beat representative point; not exact collision location
2021,445,43,112,26,1,0,33.08358611664043,-116.77307253626101,0.038461538461538464,False,Police-beat representative point; not exact collision location
2021,446,73,174,53,4,0,32.69913772804682,-117.08992016000654,0.07547169811320754,True,Police-beat representative point; not exact collision location
2021,447,65,131,33,0,0,32.727380344558014,-117.09407870897448,0.0,True,Police-beat representative point; not exact collision location
2021,451,91,203,50,6,1,32.73177907125266,-117.07498111047565,0.12,True,Police-beat representative point; not exact collision location
2021,452,21,46,16,0,0,32.70231816405372,-117.0621023335037,0.0,False,Police-beat representative point; not exact collision location
2021,511,177,346,91,5,2,32.6923534985372,-117.13284733903458,0.054945054945054944,True,Police-beat representative point; not exact collision location
2021,512,110,277,53,0,0,32.699800986596294,-117.13052814317592,0.0,True,Police-beat representative point; not exact collision location
2021,514,53,127,28,3,0,32.842704320208426,-116.97648996726558,0.10714285714285714,False,Police-beat representative point; not exact collision location
2021,515,47,119,41,2,0,32.845674806706285,-116.96352948421804,0.04878048780487805,True,Police-beat representative point; not exact collision location
2021,516,42,90,19,0,0,32.82696488216109,-117.01406118593331,0.0,False,Police-beat representative point; not exact collision location
2021,517,53,124,17,0,0,32.71632203758088,-117.13433778552573,0.0,False,Police-beat representative point; not exact collision location
2021,518,26,52,4,0,0,32.83248265911578,-116.99224126939387,0.0,False,Police-beat representative point; not exact collision location
2021,521,230,505,136,6,2,32.90328552933019,-116.95068831877407,0.04411764705882353,True,Police-beat representative point; not exact collision location
2021,522,45,87,22,0,0,32.92186076942686,-116.89993698061527,0.0,False,Police-beat representative point; not exact collision location
2021,523,59,114,32,2,0,32.95617399388699,-116.8361320030119,0.0625,True,Police-beat representative point; not exact collision location
2021,524,190,409,142,2,0,32.89382936706996,-116.85701579124563,0.014084507042253521,True,Police-beat representative point; not exact collision location
2021,525,20,43,16,0,0,32.879951936980746,-116.93973829827166,0.0,False,Police-beat representative point; not exact collision location
2021,526,62,130,37,2,0,32.72152809229162,-117.15666960759938,0.05405405405405406,True,Police-beat representative point; not exact collision location
2021,527,32,67,20,0,0,32.86352947495234,-116.93136247772748,0.0,False,Police-beat representative point; not exact collision location
2021,528,57,126,23,2,0,32.86415703284928,-116.91022290750075,0.08695652173913043,False,Police-beat representative point; not exact collision location
2021,529,94,204,48,1,0,32.84017041201663,-116.93920835327967,0.020833333333333332,True,Police-beat representative point; not exact collision location
2021,531,63,116,32,3,1,32.84321580839031,-116.90016213002147,0.09375,True,Police-beat representative point; not exact collision location
2021,541,11,20,5,0,0,32.9291747187676,-116.77443218034055,0.0,False,Police-beat representative point; not exact collision location
2021,611,224,450,99,3,0,32.74087129851641,-117.20029111792292,0.030303030303030304,True,Police-beat representative point; not exact collision location
2021,612,36,82,28,2,2,32.772107860227166,-116.96843105192859,0.07142857142857142,False,Police-beat representative point; not exact collision location
2021,613,114,248,64,5,0,32.77374071883966,-116.94185098320088,0.078125,True,Police-beat representative point; not exact collision location
2021,614,234,505,102,5,2,32.74620175051584,-117.2480835727332,0.049019607843137254,True,Police-beat representative point; not exact collision location
2021,615,62,134,39,3,1,32.75527723592303,-116.97723684721086,0.07692307692307693,True,Police-beat representative point; not exact collision location
2021,616,7,14,2,0,0,32.752628141220626,-116.94692878514448,0.0,False,Police-beat representative point; not exact collision location
2021,617,12,19,5,0,0,32.75249442181715,-116.91730098864045,0.0,False,Police-beat representative point; not exact collision location
2021,618,16,32,6,0,0,32.76328831123388,-116.86528797307204,0.0,False,Police-beat representative point; not exact collision location
2021,621,142,310,71,8,3,32.78474350011991,-117.17350386676355,0.11267605633802817,True,Police-beat representative point; not exact collision location
2021,622,57,114,27,0,0,32.77053271608819,-117.1930381983357,0.0,False,Police-beat representative point; not exact collision location
2021,623,86,162,23,2,0,32.764147409640195,-117.17795146796615,0.08695652173913043,False,Police-beat representative point; not exact collision location
2021,624,87,174,42,2,1,32.72581659624629,-116.95774643171607,0.047619047619047616,True,Police-beat representative point; not exact collision location
2021,625,41,78,14,1,0,32.71166795495702,-116.92295457345952,0.07142857142857142,False,Police-beat representative point; not exact collision location
2021,626,44,79,12,1,0,32.719860513153876,-116.86898081471712,0.08333333333333333,False,Police-beat representative point; not exact collision location
2021,627,195,385,86,3,1,32.7006865484599,-116.81568469167085,0.03488372093023256,True,Police-beat representative point; not exact collision location
2021,628,54,110,18,1,0,32.72528832037109,-117.00586281519546,0.05555555555555555,False,Police-beat representative point; not exact collision location
2021,711,7,12,6,1,1,32.54811512377198,-117.08682754599928,0.16666666666666666,False,Police-beat representative point; not exact collision location
2021,712,143,301,79,3,0,32.555674316681994,-117.04801204711242,0.0379746835443038,True,Police-beat representative point; not exact collision location
2021,713,73,158,48,6,4,32.564553838907365,-116.98788827590417,0.125,True,Police-beat representative point; not exact collision location
2021,714,13,29,5,0,0,32.54451595061849,-117.03039487125258,0.0,False,Police-beat representative point; not exact collision location
2021,721,80,185,57,3,0,32.58281392644402,-117.09825832771111,0.05263157894736842,True,Police-beat representative point; not exact collision location
2021,722,64,152,32,1,0,32.66711452591835,-117.00913888789105,0.03125,True,Police-beat representative point; not exact collision location
2021,723,101,239,62,0,0,32.57840310808878,-117.05675680465119,0.0,True,Police-beat representative point; not exact collision location
2021,724,30,56,15,0,0,32.658852893134195,-116.91503007193131,0.0,False,Police-beat representative point; not exact collision location
2021,725,57,128,33,2,0,32.579466998319205,-117.01896798018487,0.06060606060606061,True,Police-beat representative point; not exact collision location
2021,811,48,100,13,0,0,33.28874302390258,-116.89331559684965,0.0,False,Police-beat representative point; not exact collision location
2021,812,1,1,0,0,0,33.21204047910238,-117.05224848023076,,False,Police-beat representative point; not exact collision location
2021,813,275,625,126,7,2,33.256640818090105,-117.00146499740242,0.05555555555555555,True,Police-beat representative point; not exact collision location
2021,814,22,43,6,0,0,33.26344978308218,-116.94514831328809,0.0,False,Police-beat representative point; not exact collision location
2021,821,105,234,57,4,0,33.26397631835824,-116.82746789804872,0.07017543859649122,True,Police-beat representative point; not exact collision location
2021,822,91,205,51,5,2,33.31983921529675,-116.64556173889338,0.09803921568627451,True,Police-beat representative point; not exact collision location
2021,823,39,99,22,2,0,33.28929194546852,-116.54504232398082,0.09090909090909091,False,Police-beat representative point; not exact collision location
2021,824,92,203,48,2,1,33.19173535658806,-116.84455296904608,0.041666666666666664,True,Police-beat representative point; not exact collision location
2021,825,58,134,43,5,0,33.084010908673356,-116.75174244288297,0.11627906976744186,True,Police-beat representative point; not exact collision location
2021,826,83,185,29,2,0,33.191680768548515,-116.75401223889719,0.06896551724137931,False,Police-beat representative point; not exact collision location
2021,827,28,59,14,0,0,33.16683113642124,-116.71801267107438,0.0,False,Police-beat representative point; not exact collision location
2021,828,13,27,3,0,0,33.161666874567715,-116.56655399259245,0.0,False,Police-beat representative point; not exact collision location
2021,831,56,140,32,0,0,33.09266461258565,-116.70240144470779,0.0,True,Police-beat representative point; not exact collision location
2021,832,73,177,44,3,0,33.07539925544093,-116.6052377489849,0.06818181818181818,True,Police-beat representative point; not exact collision location
2021,833,46,98,22,0,0,32.92600127248982,-116.74717314242025,0.0,False,Police-beat representative point; not exact collision location
2021,834,61,127,26,1,0,32.968833167875026,-116.57150084330075,0.038461538461538464,False,Police-beat representative point; not exact collision location
2021,835,47,115,23,2,0,32.97695935736729,-116.54247377392124,0.08695652173913043,False,Police-beat representative point; not exact collision location
2021,836,24,62,5,0,0,32.973992625535146,-116.51467538268406,0.0,False,Police-beat representative point; not exact collision location
2021,837,23,52,11,1,0,32.724376080510794,-117.1086256590632,0.09090909090909091,False,Police-beat representative point; not exact collision location
2021,838,53,122,28,1,0,32.75206244852271,-117.11659179402932,0.03571428571428571,False,Police-beat representative point; not exact collision location
2021,839,25,45,8,0,0,32.743506326674634,-117.11462286707754,0.0,False,Police-beat representative point; not exact collision location
2021,841,14,29,4,0,0,33.2656976505115,-116.17118308305773,0.0,False,Police-beat representative point; not exact collision location
2021,931,101,217,73,6,2,32.89512014912518,-117.19382843269258,0.0821917808219178,True,Police-beat representative point; not exact collision location
2021,932,11,23,10,1,1,32.920274611200256,-117.24808516611526,0.1,False,Police-beat representative point; not exact collision location
2021,933,34,71,19,3,1,32.955217133425855,-117.25020174535538,0.15789473684210525,False,Police-beat representative point; not exact collision location
2021,934,138,286,83,2,0,32.937283051376355,-117.20530507023517,0.024096385542168676,True,Police-beat representative point; not exact collision location
2021,935,30,65,26,0,0,32.97265838878731,-117.21436342450443,0.0,False,Police-beat representative point; not exact collision location
2021,936,17,25,8,0,0,32.963308316764014,-117.15873147780599,0.0,False,Police-beat representative point; not exact collision location
2021,937,29,56,16,2,0,32.999781625715784,-117.14550256158267,0.125,False,Police-beat representative point; not exact collision location
2021,999,7,14,0,0,0,,,,False,Police-beat representative point; not exact collision location
2022,111,91,216,53,1,0,32.81770454015894,-117.1705278025942,0.018867924528301886,True,Police-beat representative point; not exact collision location
2022,112,26,60,14,2,0,32.81047946026704,-117.18769143599107,0.14285714285714285,False,Police-beat representative point; not exact collision location
2022,113,47,103,23,0,0,32.82444992896318,-117.21864400105085,0.0,False,Police-beat representative point; not exact collision location
2022,114,71,165,50,3,2,32.829658103655376,-117.20426920911271,0.06,True,Police-beat representative point; not exact collision location
2022,115,164,370,112,7,1,32.86966313233439,-117.21197916564599,0.0625,True,Police-beat representative point; not exact collision location
2022,116,65,137,31,5,1,32.7908774997026,-117.19770197666779,0.16129032258064516,True,Police-beat representative point; not exact collision location
2022,121,60,135,35,8,3,32.77481165227195,-117.25178198162368,0.22857142857142856,True,Police-beat representative point; not exact collision location
2022,122,420,929,284,18,3,32.80138866666046,-117.23577882171637,0.06338028169014084,True,Police-beat representative point; not exact collision location
2022,123,107,253,80,9,1,32.777830070383246,-117.22767002450135,0.1125,True,Police-beat representative point; not exact collision location
2022,124,188,373,99,4,2,32.83885413538784,-117.25836882736988,0.04040404040404041,True,Police-beat representative point; not exact collision location
2022,126,48,96,33,3,1,32.892381430965,-117.24032813563096,0.09090909090909091,True,Police-beat representative point; not exact collision location
2022,231,22,48,21,2,0,32.9507045521999,-117.0940264562798,0.09523809523809523,False,Police-beat representative point; not exact collision location
2022,232,46,108,33,1,0,32.98105952053426,-117.07570836367637,0.030303030303030304,True,Police-beat representative point; not exact collision location
2022,233,67,133,43,3,0,32.96218052996461,-117.12299174891572,0.06976744186046512,True,Police-beat representative point; not exact collision location
2022,234,104,225,73,3,2,33.033630033425176,-117.07040835691859,0.0410958904109589,True,Police-beat representative point; not exact collision location
2022,235,16,23,13,5,1,33.082709341795365,-116.99513841518677,0.38461538461538464,False,Police-beat representative point; not exact collision location
2022,241,28,55,18,0,0,32.88634531749301,-117.0564648801472,0.0,False,Police-beat representative point; not exact collision location
2022,242,217,498,118,6,2,32.91947899976272,-117.1426172010863,0.05084745762711865,True,Police-beat representative point; not exact collision location
2022,243,84,186,74,1,0,32.870391979565866,-117.15308981578755,0.013513513513513514,True,Police-beat representative point; not exact collision location
2022,245,4,7,1,0,0,32.93204297477473,-117.00772967955226,0.0,False,Police-beat representative point; not exact collision location
2022,246,30,61,24,2,2,32.93141133761594,-117.08976111807016,0.08333333333333333,False,Police-beat representative point; not exact collision location
2022,311,85,194,60,0,0,32.792844777392105,-117.13085133944696,0.0,True,Police-beat representative point; not exact collision location
2022,312,43,76,24,1,0,32.83444136883477,-117.08256786059422,0.041666666666666664,False,Police-beat representative point; not exact collision location
2022,313,186,383,112,7,1,32.83054722226561,-117.14278671565819,0.0625,True,Police-beat representative point; not exact collision location
2022,314,33,70,13,0,0,33.18737517952651,-117.23066947053908,0.0,False,Police-beat representative point; not exact collision location
2022,315,157,321,92,2,0,32.773422052363586,-117.14213316310999,0.021739130434782608,True,Police-beat representative point; not exact collision location
2022,321,85,181,59,2,1,32.7956980896065,-117.09979247672425,0.03389830508474576,True,Police-beat representative point; not exact collision location
2022,322,28,53,15,0,0,32.79664845581645,-117.07993976055249,0.0,False,Police-beat representative point; not exact collision location
2022,323,18,33,9,0,0,32.78719487543675,-117.06457435877357,0.0,False,Police-beat representative point; not exact collision location
2022,324,39,84,33,1,1,32.818671851023076,-117.03047373719554,0.030303030303030304,True,Police-beat representative point; not exact collision location
2022,325,30,65,26,1,1,32.8031127689942,-117.0507809366459,0.038461538461538464,False,Police-beat representative point; not exact collision location
2022,326,66,140,40,1,0,33.21520407905139,-117.158853043931,0.025,True,Police-beat representative point; not exact collision location
2022,327,40,92,28,3,1,32.77187444242221,-117.0584304876291,0.10714285714285714,False,Police-beat representative point; not exact collision location
2022,419,2,5,3,0,0,33.03314576714784,-117.10608211524541,0.0,False,Police-beat representative point; not exact collision location
2022,431,23,57,6,0,0,33.068726208608545,-116.84503457088576,0.0,False,Police-beat representative point; not exact collision location
2022,432,42,107,25,1,0,33.07521573004986,-116.7893009897486,0.04,False,Police-beat representative point; not exact collision location
2022,433,37,92,30,2,0,33.01885171507661,-116.97490241410009,0.06666666666666667,True,Police-beat representative point; not exact collision location
2022,434,28,67,25,0,0,33.02079779583591,-116.93927795692584,0.0,False,Police-beat representative point; not exact collision location
2022,435,4,7,3,0,0,33.0244194806951,-116.88034977660124,0.0,False,Police-beat representative point; not exact collision location
2022,436,28,63,19,0,0,33.03875431313823,-116.83634997698923,0.0,False,Police-beat representative point; not exact collision location
2022,437,93,226,81,2,0,33.034426253998184,-116.76383218676057,0.024691358024691357,True,Police-beat representative point; not exact collision location
2022,438,48,108,29,3,0,32.964962072509046,-116.93198165582515,0.10344827586206896,False,Police-beat representative point; not exact collision location
2022,439,2,2,1,0,0,32.97521387218142,-116.90067834867656,0.0,False,Police-beat representative point; not exact collision location
2022,441,110,249,67,6,0,32.69889849972856,-117.10769763142628,0.08955223880597014,True,Police-beat representative point; not exact collision location
2022,442,33,81,25,0,0,32.989441787119915,-116.75926712183384,0.0,False,Police-beat representative point; not exact collision location
2022,443,14,37,11,0,0,32.96526740900654,-116.7621984178671,0.0,False,Police-beat representative point; not exact collision location
2022,444,33,71,23,2,0,33.12355440646557,-116.85268610311729,0.08695652173913043,False,Police-beat representative point; not exact collision location
2022,445,45,108,37,0,0,33.08358611664043,-116.77307253626101,0.0,True,Police-beat representative point; not exact collision location
2022,446,67,167,57,4,2,32.69913772804682,-117.08992016000654,0.07017543859649122,True,Police-beat representative point; not exact collision location
2022,447,38,82,26,1,1,32.727380344558014,-117.09407870897448,0.038461538461538464,False,Police-beat representative point; not exact collision location
2022,451,71,166,43,3,1,32.73177907125266,-117.07498111047565,0.06976744186046512,True,Police-beat representative point; not exact collision location
2022,452,18,40,9,1,0,32.70231816405372,-117.0621023335037,0.1111111111111111,False,Police-beat representative point; not exact collision location
2022,511,134,286,88,7,3,32.6923534985372,-117.13284733903458,0.07954545454545454,True,Police-beat representative point; not exact collision location
2022,512,87,205,53,4,2,32.699800986596294,-117.13052814317592,0.07547169811320754,True,Police-beat representative point; not exact collision location
2022,514,47,112,29,2,0,32.842704320208426,-116.97648996726558,0.06896551724137931,False,Police-beat representative point; not exact collision location
2022,515,45,104,22,1,0,32.845674806706285,-116.96352948421804,0.045454545454545456,False,Police-beat representative point; not exact collision location
2022,516,28,73,26,0,0,32.82696488216109,-117.01406118593331,0.0,False,Police-beat representative point; not exact collision location
2022,517,50,123,17,1,0,32.71632203758088,-117.13433778552573,0.058823529411764705,False,Police-beat representative point; not exact collision location
2022,518,22,48,12,1,0,32.83248265911578,-116.99224126939387,0.08333333333333333,False,Police-beat representative point; not exact collision location
2022,521,232,536,140,6,1,32.90328552933019,-116.95068831877407,0.04285714285714286,True,Police-beat representative point; not exact collision location
2022,522,30,56,21,1,0,32.92186076942686,-116.89993698061527,0.047619047619047616,False,Police-beat representative point; not exact collision location
2022,523,41,90,18,3,0,32.95617399388699,-116.8361320030119,0.16666666666666666,False,Police-beat representative point; not exact collision location
2022,524,163,354,114,3,0,32.89382936706996,-116.85701579124563,0.02631578947368421,True,Police-beat representative point; not exact collision location
2022,525,22,52,15,0,0,32.879951936980746,-116.93973829827166,0.0,False,Police-beat representative point; not exact collision location
2022,526,50,106,32,3,1,32.72152809229162,-117.15666960759938,0.09375,True,Police-beat representative point; not exact collision location
2022,527,22,50,11,0,0,32.86352947495234,-116.93136247772748,0.0,False,Police-beat representative point; not exact collision location
2022,528,45,99,23,2,0,32.86415703284928,-116.91022290750075,0.08695652173913043,False,Police-beat representative point; not exact collision location
2022,529,61,135,37,2,1,32.84017041201663,-116.93920835327967,0.05405405405405406,True,Police-beat representative point; not exact collision location
2022,531,50,106,32,3,0,32.84321580839031,-116.90016213002147,0.09375,True,Police-beat representative point; not exact collision location
2022,541,9,14,4,1,0,32.9291747187676,-116.77443218034055,0.25,False,Police-beat representative point; not exact collision location
2022,611,211,444,116,8,2,32.74087129851641,-117.20029111792292,0.06896551724137931,True,Police-beat representative point; not exact collision location
2022,612,30,56,8,0,0,32.772107860227166,-116.96843105192859,0.0,False,Police-beat representative point; not exact collision location
2022,613,96,230,57,6,1,32.77374071883966,-116.94185098320088,0.10526315789473684,True,Police-beat representative point; not exact collision location
2022,614,162,353,82,8,2,32.74620175051584,-117.2480835727332,0.0975609756097561,True,Police-beat representative point; not exact collision location
2022,615,63,130,39,2,0,32.75527723592303,-116.97723684721086,0.05128205128205128,True,Police-beat representative point; not exact collision location
2022,616,13,24,3,0,0,32.752628141220626,-116.94692878514448,0.0,False,Police-beat representative point; not exact collision location
2022,617,14,27,9,1,0,32.75249442181715,-116.91730098864045,0.1111111111111111,False,Police-beat representative point; not exact collision location
2022,618,13,30,8,1,0,32.76328831123388,-116.86528797307204,0.125,False,Police-beat representative point; not exact collision location
2022,621,92,221,66,2,0,32.78474350011991,-117.17350386676355,0.030303030303030304,True,Police-beat representative point; not exact collision location
2022,622,47,102,32,1,0,32.77053271608819,-117.1930381983357,0.03125,True,Police-beat representative point; not exact collision location
2022,623,70,134,38,1,0,32.764147409640195,-117.17795146796615,0.02631578947368421,True,Police-beat representative point; not exact collision location
2022,624,86,205,53,0,0,32.72581659624629,-116.95774643171607,0.0,True,Police-beat representative point; not exact collision location
2022,625,36,73,14,1,0,32.71166795495702,-116.92295457345952,0.07142857142857142,False,Police-beat representative point; not exact collision location
2022,626,37,96,24,1,0,32.719860513153876,-116.86898081471712,0.041666666666666664,False,Police-beat representative point; not exact collision location
2022,627,201,424,93,5,0,32.7006865484599,-116.81568469167085,0.053763440860215055,True,Police-beat representative point; not exact collision location
2022,628,38,87,22,0,0,32.72528832037109,-117.00586281519546,0.0,False,Police-beat representative point; not exact collision location
2022,700,2,5,0,0,0,32.72231723175777,-117.17203824945312,,False,Police-beat representative point; not exact collision location
2022,711,4,6,1,0,0,32.54811512377198,-117.08682754599928,0.0,False,Police-beat representative point; not exact collision location
2022,712,111,264,62,2,0,32.555674316681994,-117.04801204711242,0.03225806451612903,True,Police-beat representative point; not exact collision location
2022,713,74,155,58,3,1,32.564553838907365,-116.98788827590417,0.05172413793103448,True,Police-beat representative point; not exact collision location
2022,714,11,21,2,0,0,32.54451595061849,-117.03039487125258,0.0,False,Police-beat representative point; not exact collision location
2022,721,68,155,56,7,2,32.58281392644402,-117.09825832771111,0.125,True,Police-beat representative point; not exact collision location
2022,722,64,134,28,1,1,32.66711452591835,-117.00913888789105,0.03571428571428571,False,Police-beat representative point; not exact collision location
2022,723,123,262,73,3,0,32.57840310808878,-117.05675680465119,0.0410958904109589,True,Police-beat representative point; not exact collision location
2022,724,32,63,15,0,0,32.658852893134195,-116.91503007193131,0.0,False,Police-beat representative point; not exact collision location
2022,725,59,136,42,1,1,32.579466998319205,-117.01896798018487,0.023809523809523808,True,Police-beat representative point; not exact collision location
2022,811,47,107,17,1,0,33.28874302390258,-116.89331559684965,0.058823529411764705,False,Police-beat representative point; not exact collision location
2022,813,221,519,107,6,0,33.256640818090105,-117.00146499740242,0.056074766355140186,True,Police-beat representative point; not exact collision location
2022,814,25,53,12,1,0,33.26344978308218,-116.94514831328809,0.08333333333333333,False,Police-beat representative point; not exact collision location
2022,821,72,155,40,2,0,33.26397631835824,-116.82746789804872,0.05,True,Police-beat representative point; not exact collision location
2022,822,73,159,40,4,3,33.31983921529675,-116.64556173889338,0.1,True,Police-beat representative point; not exact collision location
2022,823,20,43,9,1,0,33.28929194546852,-116.54504232398082,0.1111111111111111,False,Police-beat representative point; not exact collision location
2022,824,82,177,49,1,1,33.19173535658806,-116.84455296904608,0.02040816326530612,True,Police-beat representative point; not exact collision location
2022,825,65,145,40,2,0,33.084010908673356,-116.75174244288297,0.05,True,Police-beat representative point; not exact collision location
2022,826,48,117,20,0,0,33.191680768548515,-116.75401223889719,0.0,False,Police-beat representative point; not exact collision location
2022,827,15,42,9,2,0,33.16683113642124,-116.71801267107438,0.2222222222222222,False,Police-beat representative point; not exact collision location
2022,828,6,14,2,0,0,33.161666874567715,-116.56655399259245,0.0,False,Police-beat representative point; not exact collision location
2022,829,1,2,0,0,0,33.03237928300737,-116.64394532399695,,False,Police-beat representative point; not exact collision location
2022,831,56,132,35,1,0,33.09266461258565,-116.70240144470779,0.02857142857142857,True,Police-beat representative point; not exact collision location
2022,832,66,151,43,1,0,33.07539925544093,-116.6052377489849,0.023255813953488372,True,Police-beat representative point; not exact collision location
2022,833,41,99,18,3,0,32.92600127248982,-116.74717314242025,0.16666666666666666,False,Police-beat representative point; not exact collision location
2022,834,52,118,28,3,1,32.968833167875026,-116.57150084330075,0.10714285714285714,False,Police-beat representative point; not exact collision location
2022,835,32,74,18,0,0,32.97695935736729,-116.54247377392124,0.0,False,Police-beat representative point; not exact collision location
2022,836,22,48,14,2,0,32.973992625535146,-116.51467538268406,0.14285714285714285,False,Police-beat representative point; not exact collision location
2022,837,25,55,22,1,0,32.724376080510794,-117.1086256590632,0.045454545454545456,False,Police-beat representative point; not exact collision location
2022,838,66,154,36,1,1,32.75206244852271,-117.11659179402932,0.027777777777777776,True,Police-beat representative point; not exact collision location
2022,839,18,35,9,0,0,32.743506326674634,-117.11462286707754,0.0,False,Police-beat representative point; not exact collision location
2022,841,12,23,4,1,0,33.2656976505115,-116.17118308305773,0.25,False,Police-beat representative point; not exact collision location
2022,931,115,251,88,4,1,32.89512014912518,-117.19382843269258,0.045454545454545456,True,Police-beat representative point; not exact collision location
2022,932,18,43,17,6,2,32.920274611200256,-117.24808516611526,0.35294117647058826,False,Police-beat representative point; not exact collision location
2022,933,21,50,16,1,0,32.955217133425855,-117.25020174535538,0.0625,False,Police-beat representative point; not exact collision location
2022,934,106,197,68,3,2,32.937283051376355,-117.20530507023517,0.04411764705882353,True,Police-beat representative point; not exact collision location
2022,935,24,45,17,1,0,32.97265838878731,-117.21436342450443,0.058823529411764705,False,Police-beat representative point; not exact collision location
2022,936,18,34,13,1,0,32.963308316764014,-117.15873147780599,0.07692307692307693,False,Police-beat representative point; not exact collision location
2022,937,37,70,27,1,0,32.999781625715784,-117.14550256158267,0.037037037037037035,False,Police-beat representative point; not exact collision location
2022,999,7,11,0,0,0,,,,False,Police-beat representative point; not exact collision location
2023,11,1,2,0,0,0,32.643381167098035,-117.10454269688785,,False,Police-beat representative point; not exact collision location
2023,111,119,262,75,2,0,32.81770454015894,-117.1705278025942,0.02666666666666667,True,Police-beat representative point; not exact collision location
2023,112,37,76,26,1,0,32.81047946026704,-117.18769143599107,0.038461538461538464,False,Police-beat representative point; not exact collision location
2023,113,43,92,27,1,0,32.82444992896318,-117.21864400105085,0.037037037037037035,False,Police-beat representative point; not exact collision location
2023,114,67,159,49,0,0,32.829658103655376,-117.20426920911271,0.0,True,Police-beat representative point; not exact collision location
2023,115,142,303,111,7,1,32.86966313233439,-117.21197916564599,0.06306306306306306,True,Police-beat representative point; not exact collision location
2023,116,68,135,30,1,1,32.7908774997026,-117.19770197666779,0.03333333333333333,True,Police-beat representative point; not exact collision location
2023,121,46,106,27,3,1,32.77481165227195,-117.25178198162368,0.1111111111111111,False,Police-beat representative point; not exact collision location
2023,122,312,734,221,15,1,32.80138866666046,-117.23577882171637,0.06787330316742081,True,Police-beat representative point; not exact collision location
2023,123,87,224,71,3,3,32.777830070383246,-117.22767002450135,0.04225352112676056,True,Police-beat representative point; not exact collision location
2023,124,202,454,131,7,1,32.83885413538784,-117.25836882736988,0.05343511450381679,True,Police-beat representative point; not exact collision location
2023,126,31,64,20,0,0,32.892381430965,-117.24032813563096,0.0,False,Police-beat representative point; not exact collision location
2023,231,27,57,22,0,0,32.9507045521999,-117.0940264562798,0.0,False,Police-beat representative point; not exact collision location
2023,232,71,150,51,4,0,32.98105952053426,-117.07570836367637,0.0784313725490196,True,Police-beat representative point; not exact collision location
2023,233,94,190,55,3,0,32.96218052996461,-117.12299174891572,0.05454545454545454,True,Police-beat representative point; not exact collision location
2023,234,118,243,76,1,0,33.033630033425176,-117.07040835691859,0.013157894736842105,True,Police-beat representative point; not exact collision location
2023,235,34,73,41,10,1,33.082709341795365,-116.99513841518677,0.24390243902439024,True,Police-beat representative point; not exact collision location
2023,241,53,115,38,1,0,32.88634531749301,-117.0564648801472,0.02631578947368421,True,Police-beat representative point; not exact collision location
2023,242,256,579,173,8,2,32.91947899976272,-117.1426172010863,0.046242774566473986,True,Police-beat representative point; not exact collision location
2023,243,92,214,74,5,1,32.870391979565866,-117.15308981578755,0.06756756756756757,True,Police-beat representative point; not exact collision location
2023,245,7,11,7,0,0,32.93204297477473,-117.00772967955226,0.0,False,Police-beat representative point; not exact collision location
2023,246,29,61,22,1,1,32.93141133761594,-117.08976111807016,0.045454545454545456,False,Police-beat representative point; not exact collision location
2023,3,2,8,2,0,0,32.799461379054016,-116.91404128586258,0.0,False,Police-beat representative point; not exact collision location
2023,311,81,176,45,0,0,32.792844777392105,-117.13085133944696,0.0,True,Police-beat representative point; not exact collision location
2023,312,49,104,39,4,2,32.83444136883477,-117.08256786059422,0.10256410256410256,True,Police-beat representative point; not exact collision location
2023,313,235,516,168,7,1,32.83054722226561,-117.14278671565819,0.041666666666666664,True,Police-beat representative point; not exact collision location
2023,314,39,82,25,2,1,33.18737517952651,-117.23066947053908,0.08,False,Police-beat representative point; not exact collision location
2023,315,161,339,93,4,1,32.773422052363586,-117.14213316310999,0.043010752688172046,True,Police-beat representative point; not exact collision location
2023,316,2,7,1,0,0,32.78292199901396,-117.11924623673008,0.0,False,Police-beat representative point; not exact collision location
2023,321,114,242,79,2,0,32.7956980896065,-117.09979247672425,0.02531645569620253,True,Police-beat representative point; not exact collision location
2023,322,38,86,24,2,1,32.79664845581645,-117.07993976055249,0.08333333333333333,False,Police-beat representative point; not exact collision location
2023,323,17,35,10,1,0,32.78719487543675,-117.06457435877357,0.1,False,Police-beat representative point; not exact collision location
2023,324,35,91,26,4,1,32.818671851023076,-117.03047373719554,0.15384615384615385,False,Police-beat representative point; not exact collision location
2023,325,29,58,23,2,1,32.8031127689942,-117.0507809366459,0.08695652173913043,False,Police-beat representative point; not exact collision location
2023,326,57,114,36,4,0,33.21520407905139,-117.158853043931,0.1111111111111111,True,Police-beat representative point; not exact collision location
2023,327,46,103,19,0,0,32.77187444242221,-117.0584304876291,0.0,False,Police-beat representative point; not exact collision location
2023,419,1,3,2,0,0,33.03314576714784,-117.10608211524541,0.0,False,Police-beat representative point; not exact collision location
2023,431,26,63,14,0,0,33.068726208608545,-116.84503457088576,0.0,False,Police-beat representative point; not exact collision location
2023,432,63,157,39,4,1,33.07521573004986,-116.7893009897486,0.10256410256410256,True,Police-beat representative point; not exact collision location
2023,433,49,120,39,1,0,33.01885171507661,-116.97490241410009,0.02564102564102564,True,Police-beat representative point; not exact collision location
2023,434,31,84,20,1,0,33.02079779583591,-116.93927795692584,0.05,False,Police-beat representative point; not exact collision location
2023,435,4,8,3,0,0,33.0244194806951,-116.88034977660124,0.0,False,Police-beat representative point; not exact collision location
2023,436,32,73,20,2,1,33.03875431313823,-116.83634997698923,0.1,False,Police-beat representative point; not exact collision location
2023,437,85,216,73,4,2,33.034426253998184,-116.76383218676057,0.0547945205479452,True,Police-beat representative point; not exact collision location
2023,438,45,115,35,2,1,32.964962072509046,-116.93198165582515,0.05714285714285714,True,Police-beat representative point; not exact collision location
2023,439,7,9,2,0,0,32.97521387218142,-116.90067834867656,0.0,False,Police-beat representative point; not exact collision location
2023,441,109,262,52,3,1,32.69889849972856,-117.10769763142628,0.057692307692307696,True,Police-beat representative point; not exact collision location
2023,442,25,60,10,0,0,32.989441787119915,-116.75926712183384,0.0,False,Police-beat representative point; not exact collision location
2023,443,25,57,15,3,1,32.96526740900654,-116.7621984178671,0.2,False,Police-beat representative point; not exact collision location
2023,444,31,75,17,2,1,33.12355440646557,-116.85268610311729,0.11764705882352941,False,Police-beat representative point; not exact collision location
2023,445,40,96,35,1,1,33.08358611664043,-116.77307253626101,0.02857142857142857,True,Police-beat representative point; not exact collision location
2023,446,68,149,39,3,1,32.69913772804682,-117.08992016000654,0.07692307692307693,True,Police-beat representative point; not exact collision location
2023,447,43,92,24,2,0,32.727380344558014,-117.09407870897448,0.08333333333333333,False,Police-beat representative point; not exact collision location
2023,451,80,173,52,3,0,32.73177907125266,-117.07498111047565,0.057692307692307696,True,Police-beat representative point; not exact collision location
2023,452,23,45,11,0,0,32.70231816405372,-117.0621023335037,0.0,False,Police-beat representative point; not exact collision location
2023,511,125,249,68,3,0,32.6923534985372,-117.13284733903458,0.04411764705882353,True,Police-beat representative point; not exact collision location
2023,512,134,306,56,2,0,32.699800986596294,-117.13052814317592,0.03571428571428571,True,Police-beat representative point; not exact collision location
2023,514,52,139,38,6,0,32.842704320208426,-116.97648996726558,0.15789473684210525,True,Police-beat representative point; not exact collision location
2023,515,39,106,31,1,0,32.845674806706285,-116.96352948421804,0.03225806451612903,True,Police-beat representative point; not exact collision location
2023,516,49,99,21,1,0,32.82696488216109,-117.01406118593331,0.047619047619047616,False,Police-beat representative point; not exact collision location
2023,517,56,114,24,0,0,32.71632203758088,-117.13433778552573,0.0,False,Police-beat representative point; not exact collision location
2023,518,24,46,10,0,0,32.83248265911578,-116.99224126939387,0.0,False,Police-beat representative point; not exact collision location
2023,521,187,413,119,5,2,32.90328552933019,-116.95068831877407,0.04201680672268908,True,Police-beat representative point; not exact collision location
2023,522,44,98,28,1,0,32.92186076942686,-116.89993698061527,0.03571428571428571,False,Police-beat representative point; not exact collision location
2023,523,50,113,23,3,1,32.95617399388699,-116.8361320030119,0.13043478260869565,False,Police-beat representative point; not exact collision location
2023,524,144,298,89,2,1,32.89382936706996,-116.85701579124563,0.02247191011235955,True,Police-beat representative point; not exact collision location
2023,525,22,43,11,0,0,32.879951936980746,-116.93973829827166,0.0,False,Police-beat representative point; not exact collision location
2023,526,35,75,28,1,0,32.72152809229162,-117.15666960759938,0.03571428571428571,False,Police-beat representative point; not exact collision location
2023,527,23,48,14,1,0,32.86352947495234,-116.93136247772748,0.07142857142857142,False,Police-beat representative point; not exact collision location
2023,528,43,101,25,1,0,32.86415703284928,-116.91022290750075,0.04,False,Police-beat representative point; not exact collision location
2023,529,54,123,36,2,0,32.84017041201663,-116.93920835327967,0.05555555555555555,True,Police-beat representative point; not exact collision location
2023,531,53,114,30,1,0,32.84321580839031,-116.90016213002147,0.03333333333333333,True,Police-beat representative point; not exact collision location
2023,541,7,14,1,0,0,32.9291747187676,-116.77443218034055,0.0,False,Police-beat representative point; not exact collision location
2023,611,204,469,127,5,2,32.74087129851641,-117.20029111792292,0.03937007874015748,True,Police-beat representative point; not exact collision location
2023,612,31,71,21,1,1,32.772107860227166,-116.96843105192859,0.047619047619047616,False,Police-beat representative point; not exact collision location
2023,613,85,180,45,5,0,32.77374071883966,-116.94185098320088,0.1111111111111111,True,Police-beat representative point; not exact collision location
2023,614,153,362,96,6,1,32.74620175051584,-117.2480835727332,0.0625,True,Police-beat representative point; not exact collision location
2023,615,35,70,16,0,0,32.75527723592303,-116.97723684721086,0.0,False,Police-beat representative point; not exact collision location
2023,616,12,31,5,0,0,32.752628141220626,-116.94692878514448,0.0,False,Police-beat representative point; not exact collision location
2023,617,13,23,10,2,0,32.75249442181715,-116.91730098864045,0.2,False,Police-beat representative point; not exact collision location
2023,618,5,15,4,0,0,32.76328831123388,-116.86528797307204,0.0,False,Police-beat representative point; not exact collision location
2023,621,133,302,77,2,1,32.78474350011991,-117.17350386676355,0.025974025974025976,True,Police-beat representative point; not exact collision location
2023,622,47,101,33,6,4,32.77053271608819,-117.1930381983357,0.18181818181818182,True,Police-beat representative point; not exact collision location
2023,623,51,106,34,2,0,32.764147409640195,-117.17795146796615,0.058823529411764705,True,Police-beat representative point; not exact collision location
2023,624,79,186,61,2,1,32.72581659624629,-116.95774643171607,0.03278688524590164,True,Police-beat representative point; not exact collision location
2023,625,43,93,22,2,1,32.71166795495702,-116.92295457345952,0.09090909090909091,False,Police-beat representative point; not exact collision location
2023,626,33,78,18,2,0,32.719860513153876,-116.86898081471712,0.1111111111111111,False,Police-beat representative point; not exact collision location
2023,627,181,391,112,7,0,32.7006865484599,-116.81568469167085,0.0625,True,Police-beat representative point; not exact collision location
2023,628,35,68,20,2,0,32.72528832037109,-117.00586281519546,0.1,False,Police-beat representative point; not exact collision location
2023,711,5,11,6,0,0,32.54811512377198,-117.08682754599928,0.0,False,Police-beat representative point; not exact collision location
2023,712,126,293,83,4,1,32.555674316681994,-117.04801204711242,0.04819277108433735,True,Police-beat representative point; not exact collision location
2023,713,78,175,55,6,0,32.564553838907365,-116.98788827590417,0.10909090909090909,True,Police-beat representative point; not exact collision location
2023,714,17,38,6,1,0,32.54451595061849,-117.03039487125258,0.16666666666666666,False,Police-beat representative point; not exact collision location
2023,721,76,172,46,0,0,32.58281392644402,-117.09825832771111,0.0,True,Police-beat representative point; not exact collision location
2023,722,55,149,33,2,0,32.66711452591835,-117.00913888789105,0.06060606060606061,True,Police-beat representative point; not exact collision location
2023,723,99,219,70,3,3,32.57840310808878,-117.05675680465119,0.04285714285714286,True,Police-beat representative point; not exact collision location
2023,724,30,64,15,0,0,32.658852893134195,-116.91503007193131,0.0,False,Police-beat representative point; not exact collision location
2023,725,49,106,27,0,0,32.579466998319205,-117.01896798018487,0.0,False,Police-beat representative point; not exact collision location
2023,811,49,116,19,1,0,33.28874302390258,-116.89331559684965,0.05263157894736842,False,Police-beat representative point; not exact collision location
2023,813,204,454,132,5,1,33.256640818090105,-117.00146499740242,0.03787878787878788,True,Police-beat representative point; not exact collision location
2023,814,20,38,9,2,0,33.26344978308218,-116.94514831328809,0.2222222222222222,False,Police-beat representative point; not exact collision location
2023,821,89,199,52,3,1,33.26397631835824,-116.82746789804872,0.057692307692307696,True,Police-beat representative point; not exact collision location
2023,822,89,209,61,1,0,33.31983921529675,-116.64556173889338,0.01639344262295082,True,Police-beat representative point; not exact collision location
2023,823,21,47,18,0,0,33.28929194546852,-116.54504232398082,0.0,False,Police-beat representative point; not exact collision location
2023,824,64,151,39,1,1,33.19173535658806,-116.84455296904608,0.02564102564102564,True,Police-beat representative point; not exact collision location
2023,825,67,131,38,3,1,33.084010908673356,-116.75174244288297,0.07894736842105263,True,Police-beat representative point; not exact collision location
2023,826,58,136,24,1,0,33.191680768548515,-116.75401223889719,0.041666666666666664,False,Police-beat representative point; not exact collision location
2023,827,17,45,10,0,0,33.16683113642124,-116.71801267107438,0.0,False,Police-beat representative point; not exact collision location
2023,828,5,9,1,0,0,33.161666874567715,-116.56655399259245,0.0,False,Police-beat representative point; not exact collision location
2023,829,3,8,2,0,0,33.03237928300737,-116.64394532399695,0.0,False,Police-beat representative point; not exact collision location
2023,831,71,175,44,0,0,33.09266461258565,-116.70240144470779,0.0,True,Police-beat representative point; not exact collision location
2023,832,54,126,26,0,0,33.07539925544093,-116.6052377489849,0.0,False,Police-beat representative point; not exact collision location
2023,833,49,117,25,0,0,32.92600127248982,-116.74717314242025,0.0,False,Police-beat representative point; not exact collision location
2023,834,51,115,17,0,0,32.968833167875026,-116.57150084330075,0.0,False,Police-beat representative point; not exact collision location
2023,835,30,77,15,0,0,32.97695935736729,-116.54247377392124,0.0,False,Police-beat representative point; not exact collision location
2023,836,28,65,20,1,0,32.973992625535146,-116.51467538268406,0.05,False,Police-beat representative point; not exact collision location
2023,837,29,67,20,5,3,32.724376080510794,-117.1086256590632,0.25,False,Police-beat representative point; not exact collision location
2023,838,57,128,27,0,0,32.75206244852271,-117.11659179402932,0.0,False,Police-beat representative point; not exact collision location
2023,839,13,27,7,0,0,32.743506326674634,-117.11462286707754,0.0,False,Police-beat representative point; not exact collision location
2023,841,18,30,5,0,0,33.2656976505115,-116.17118308305773,0.0,False,Police-beat representative point; not exact collision location
2023,931,115,250,116,5,2,32.89512014912518,-117.19382843269258,0.04310344827586207,True,Police-beat representative point; not exact collision location
2023,932,10,17,6,1,1,32.920274611200256,-117.24808516611526,0.16666666666666666,False,Police-beat representative point; not exact collision location
2023,933,21,45,12,0,0,32.955217133425855,-117.25020174535538,0.0,False,Police-beat representative point; not exact collision location
2023,934,115,255,92,3,0,32.937283051376355,-117.20530507023517,0.03260869565217391,True,Police-beat representative point; not exact collision location
2023,935,35,74,25,2,0,32.97265838878731,-117.21436342450443,0.08,False,Police-beat representative point; not exact collision location
2023,936,23,48,22,1,0,32.963308316764014,-117.15873147780599,0.045454545454545456,False,Police-beat representative point; not exact collision location
2023,937,31,61,31,0,0,32.999781625715784,-117.14550256158267,0.0,True,Police-beat representative point; not exact collision location
2023,999,4,8,0,0,0,,,,False,Police-beat representative point; not exact collision location
2024,1,1,2,0,0,0,32.70059250922437,-117.19677121171156,,False,Police-beat representative point; not exact collision location
2024,111,104,234,55,4,0,32.81770454015894,-117.1705278025942,0.07272727272727272,True,Police-beat representative point; not exact collision location
2024,112,37,81,25,0,0,32.81047946026704,-117.18769143599107,0.0,False,Police-beat representative point; not exact collision location
2024,113,48,106,37,1,0,32.82444992896318,-117.21864400105085,0.02702702702702703,True,Police-beat representative point; not exact collision location
2024,114,79,185,69,2,1,32.829658103655376,-117.20426920911271,0.028985507246376812,True,Police-beat representative point; not exact collision location
2024,115,130,281,92,2,1,32.86966313233439,-117.21197916564599,0.021739130434782608,True,Police-beat representative point; not exact collision location
2024,116,54,120,31,5,2,32.7908774997026,-117.19770197666779,0.16129032258064516,True,Police-beat representative point; not exact collision location
2024,121,56,128,33,4,0,32.77481165227195,-117.25178198162368,0.12121212121212122,True,Police-beat representative point; not exact collision location
2024,122,356,832,214,15,1,32.80138866666046,-117.23577882171637,0.07009345794392523,True,Police-beat representative point; not exact collision location
2024,123,116,289,99,5,2,32.777830070383246,-117.22767002450135,0.050505050505050504,True,Police-beat representative point; not exact collision location
2024,124,200,415,114,4,0,32.83885413538784,-117.25836882736988,0.03508771929824561,True,Police-beat representative point; not exact collision location
2024,126,39,91,26,1,0,32.892381430965,-117.24032813563096,0.038461538461538464,False,Police-beat representative point; not exact collision location
2024,20,1,2,1,0,0,33.27956722248379,-117.26215981462877,0.0,False,Police-beat representative point; not exact collision location
2024,231,25,52,21,0,0,32.9507045521999,-117.0940264562798,0.0,False,Police-beat representative point; not exact collision location
2024,232,75,162,54,0,0,32.98105952053426,-117.07570836367637,0.0,True,Police-beat representative point; not exact collision location
2024,233,79,167,57,4,1,32.96218052996461,-117.12299174891572,0.07017543859649122,True,Police-beat representative point; not exact collision location
2024,234,84,179,68,1,0,33.033630033425176,-117.07040835691859,0.014705882352941176,True,Police-beat representative point; not exact collision location
2024,235,21,42,24,2,2,33.082709341795365,-116.99513841518677,0.08333333333333333,False,Police-beat representative point; not exact collision location
2024,241,64,143,38,1,0,32.88634531749301,-117.0564648801472,0.02631578947368421,True,Police-beat representative point; not exact collision location
2024,242,227,486,135,4,3,32.91947899976272,-117.1426172010863,0.02962962962962963,True,Police-beat representative point; not exact collision location
2024,243,70,145,57,9,2,32.870391979565866,-117.15308981578755,0.15789473684210525,True,Police-beat representative point; not exact collision location
2024,245,3,7,5,0,0,32.93204297477473,-117.00772967955226,0.0,False,Police-beat representative point; not exact collision location
2024,246,20,40,16,2,0,32.93141133761594,-117.08976111807016,0.125,False,Police-beat representative point; not exact collision location
2024,3,1,1,1,0,0,32.799461379054016,-116.91404128586258,0.0,False,Police-beat representative point; not exact collision location
2024,311,60,122,42,1,0,32.792844777392105,-117.13085133944696,0.023809523809523808,True,Police-beat representative point; not exact collision location
2024,312,35,63,16,1,1,32.83444136883477,-117.08256786059422,0.0625,False,Police-beat representative point; not exact collision location
2024,313,225,488,150,9,1,32.83054722226561,-117.14278671565819,0.06,True,Police-beat representative point; not exact collision location
2024,314,35,72,17,0,0,33.18737517952651,-117.23066947053908,0.0,False,Police-beat representative point; not exact collision location
2024,315,163,350,58,2,0,32.773422052363586,-117.14213316310999,0.034482758620689655,True,Police-beat representative point; not exact collision location
2024,321,118,264,78,5,2,32.7956980896065,-117.09979247672425,0.0641025641025641,True,Police-beat representative point; not exact collision location
2024,322,29,58,23,1,0,32.79664845581645,-117.07993976055249,0.043478260869565216,False,Police-beat representative point; not exact collision location
2024,323,15,32,4,1,0,32.78719487543675,-117.06457435877357,0.25,False,Police-beat representative point; not exact collision location
2024,324,48,109,35,0,0,32.818671851023076,-117.03047373719554,0.0,True,Police-beat representative point; not exact collision location
2024,325,27,58,24,2,0,32.8031127689942,-117.0507809366459,0.08333333333333333,False,Police-beat representative point; not exact collision location
2024,326,52,107,32,3,0,33.21520407905139,-117.158853043931,0.09375,True,Police-beat representative point; not exact collision location
2024,327,33,75,19,0,0,32.77187444242221,-117.0584304876291,0.0,False,Police-beat representative point; not exact collision location
2024,431,31,70,16,3,1,33.068726208608545,-116.84503457088576,0.1875,False,Police-beat representative point; not exact collision location
2024,432,50,121,34,3,2,33.07521573004986,-116.7893009897486,0.08823529411764706,True,Police-beat representative point; not exact collision location
2024,433,45,102,25,3,0,33.01885171507661,-116.97490241410009,0.12,False,Police-beat representative point; not exact collision location
2024,434,31,70,12,1,0,33.02079779583591,-116.93927795692584,0.08333333333333333,False,Police-beat representative point; not exact collision location
2024,436,36,82,24,2,0,33.03875431313823,-116.83634997698923,0.08333333333333333,False,Police-beat representative point; not exact collision location
2024,437,78,179,56,4,1,33.034426253998184,-116.76383218676057,0.07142857142857142,True,Police-beat representative point; not exact collision location
2024,438,31,70,20,2,0,32.964962072509046,-116.93198165582515,0.1,False,Police-beat representative point; not exact collision location
2024,439,8,20,7,0,0,32.97521387218142,-116.90067834867656,0.0,False,Police-beat representative point; not exact collision location
2024,441,104,244,50,1,0,32.69889849972856,-117.10769763142628,0.02,True,Police-beat representative point; not exact collision location
2024,442,27,66,14,0,0,32.989441787119915,-116.75926712183384,0.0,False,Police-beat representative point; not exact collision location
2024,443,27,71,16,0,0,32.96526740900654,-116.7621984178671,0.0,False,Police-beat representative point; not exact collision location
2024,444,46,104,22,0,0,33.12355440646557,-116.85268610311729,0.0,False,Police-beat representative point; not exact collision location
2024,445,37,86,21,1,0,33.08358611664043,-116.77307253626101,0.047619047619047616,False,Police-beat representative point; not exact collision location
2024,446,67,166,42,2,0,32.69913772804682,-117.08992016000654,0.047619047619047616,True,Police-beat representative point; not exact collision location
2024,447,42,99,17,2,1,32.727380344558014,-117.09407870897448,0.11764705882352941,False,Police-beat representative point; not exact collision location
2024,451,73,166,36,2,0,32.73177907125266,-117.07498111047565,0.05555555555555555,True,Police-beat representative point; not exact collision location
2024,452,21,44,16,3,1,32.70231816405372,-117.0621023335037,0.1875,False,Police-beat representative point; not exact collision location
2024,511,121,254,68,5,1,32.6923534985372,-117.13284733903458,0.07352941176470588,True,Police-beat representative point; not exact collision location
2024,512,94,234,52,2,1,32.699800986596294,-117.13052814317592,0.038461538461538464,True,Police-beat representative point; not exact collision location
2024,514,47,120,32,3,0,32.842704320208426,-116.97648996726558,0.09375,True,Police-beat representative point; not exact collision location
2024,515,38,100,19,0,0,32.845674806706285,-116.96352948421804,0.0,False,Police-beat representative point; not exact collision location
2024,516,36,84,22,0,0,32.82696488216109,-117.01406118593331,0.0,False,Police-beat representative point; not exact collision location
2024,517,54,132,31,2,0,32.71632203758088,-117.13433778552573,0.06451612903225806,True,Police-beat representative point; not exact collision location
2024,518,20,42,7,1,0,32.83248265911578,-116.99224126939387,0.14285714285714285,False,Police-beat representative point; not exact collision location
2024,521,175,402,105,6,0,32.90328552933019,-116.95068831877407,0.05714285714285714,True,Police-beat representative point; not exact collision location
2024,522,33,79,28,0,0,32.92186076942686,-116.89993698061527,0.0,False,Police-beat representative point; not exact collision location
2024,523,36,73,18,0,0,32.95617399388699,-116.8361320030119,0.0,False,Police-beat representative point; not exact collision location
2024,524,144,323,106,3,0,32.89382936706996,-116.85701579124563,0.02830188679245283,True,Police-beat representative point; not exact collision location
2024,525,15,33,9,0,0,32.879951936980746,-116.93973829827166,0.0,False,Police-beat representative point; not exact collision location
2024,526,36,80,22,1,0,32.72152809229162,-117.15666960759938,0.045454545454545456,False,Police-beat representative point; not exact collision location
2024,527,22,48,16,0,0,32.86352947495234,-116.93136247772748,0.0,False,Police-beat representative point; not exact collision location
2024,528,40,87,20,1,0,32.86415703284928,-116.91022290750075,0.05,False,Police-beat representative point; not exact collision location
2024,529,57,136,38,0,0,32.84017041201663,-116.93920835327967,0.0,True,Police-beat representative point; not exact collision location
2024,531,48,107,36,2,1,32.84321580839031,-116.90016213002147,0.05555555555555555,True,Police-beat representative point; not exact collision location
2024,541,8,14,6,0,0,32.9291747187676,-116.77443218034055,0.0,False,Police-beat representative point; not exact collision location
2024,604,1,1,1,0,0,32.72518543337472,-117.04578208958768,0.0,False,Police-beat representative point; not exact collision location
2024,611,195,434,144,6,2,32.74087129851641,-117.20029111792292,0.041666666666666664,True,Police-beat representative point; not exact collision location
2024,612,35,76,24,1,1,32.772107860227166,-116.96843105192859,0.041666666666666664,False,Police-beat representative point; not exact collision location
2024,613,104,247,67,3,2,32.77374071883966,-116.94185098320088,0.04477611940298507,True,Police-beat representative point; not exact collision location
2024,614,155,370,84,4,1,32.74620175051584,-117.2480835727332,0.047619047619047616,True,Police-beat representative point; not exact collision location
2024,615,46,105,40,4,1,32.75527723592303,-116.97723684721086,0.1,True,Police-beat representative point; not exact collision location
2024,616,4,8,1,0,0,32.752628141220626,-116.94692878514448,0.0,False,Police-beat representative point; not exact collision location
2024,617,8,18,7,0,0,32.75249442181715,-116.91730098864045,0.0,False,Police-beat representative point; not exact collision location
2024,618,9,20,3,0,0,32.76328831123388,-116.86528797307204,0.0,False,Police-beat representative point; not exact collision location
2024,621,100,237,68,4,0,32.78474350011991,-117.17350386676355,0.058823529411764705,True,Police-beat representative point; not exact collision location
2024,622,41,78,24,0,0,32.77053271608819,-117.1930381983357,0.0,False,Police-beat representative point; not exact collision location
2024,623,52,101,24,3,1,32.764147409640195,-117.17795146796615,0.125,False,Police-beat representative point; not exact collision location
2024,624,96,225,63,2,0,32.72581659624629,-116.95774643171607,0.031746031746031744,True,Police-beat representative point; not exact collision location
2024,625,43,86,33,0,0,32.71166795495702,-116.92295457345952,0.0,True,Police-beat representative point; not exact collision location
2024,626,40,78,23,1,0,32.719860513153876,-116.86898081471712,0.043478260869565216,False,Police-beat representative point; not exact collision location
2024,627,152,339,71,8,0,32.7006865484599,-116.81568469167085,0.11267605633802817,True,Police-beat representative point; not exact collision location
2024,628,38,87,28,0,0,32.72528832037109,-117.00586281519546,0.0,False,Police-beat representative point; not exact collision location
2024,711,5,10,3,0,0,32.54811512377198,-117.08682754599928,0.0,False,Police-beat representative point; not exact collision location
2024,712,107,249,87,4,0,32.555674316681994,-117.04801204711242,0.04597701149425287,True,Police-beat representative point; not exact collision location
2024,713,79,174,54,4,1,32.564553838907365,-116.98788827590417,0.07407407407407407,True,Police-beat representative point; not exact collision location
2024,714,12,26,2,0,0,32.54451595061849,-117.03039487125258,0.0,False,Police-beat representative point; not exact collision location
2024,721,58,131,36,0,0,32.58281392644402,-117.09825832771111,0.0,True,Police-beat representative point; not exact collision location
2024,722,59,142,48,2,0,32.66711452591835,-117.00913888789105,0.041666666666666664,True,Police-beat representative point; not exact collision location
2024,723,90,196,61,3,1,32.57840310808878,-117.05675680465119,0.04918032786885246,True,Police-beat representative point; not exact collision location
2024,724,30,68,21,1,0,32.658852893134195,-116.91503007193131,0.047619047619047616,False,Police-beat representative point; not exact collision location
2024,725,52,106,37,2,0,32.579466998319205,-117.01896798018487,0.05405405405405406,True,Police-beat representative point; not exact collision location
2024,811,38,84,17,3,0,33.28874302390258,-116.89331559684965,0.17647058823529413,False,Police-beat representative point; not exact collision location
2024,812,2,5,3,0,0,33.21204047910238,-117.05224848023076,0.0,False,Police-beat representative point; not exact collision location
2024,813,201,451,103,1,0,33.256640818090105,-117.00146499740242,0.009708737864077669,True,Police-beat representative point; not exact collision location
2024,814,32,63,12,1,0,33.26344978308218,-116.94514831328809,0.08333333333333333,False,Police-beat representative point; not exact collision location
2024,821,98,235,63,3,0,33.26397631835824,-116.82746789804872,0.047619047619047616,True,Police-beat representative point; not exact collision location
2024,822,72,176,49,2,0,33.31983921529675,-116.64556173889338,0.04081632653061224,True,Police-beat representative point; not exact collision location
2024,823,26,61,17,0,0,33.28929194546852,-116.54504232398082,0.0,False,Police-beat representative point; not exact collision location
2024,824,87,195,59,4,1,33.19173535658806,-116.84455296904608,0.06779661016949153,True,Police-beat representative point; not exact collision location
2024,825,82,185,57,7,0,33.084010908673356,-116.75174244288297,0.12280701754385964,True,Police-beat representative point; not exact collision location
2024,826,83,196,44,0,0,33.191680768548515,-116.75401223889719,0.0,True,Police-beat representative point; not exact collision location
2024,827,21,51,13,1,1,33.16683113642124,-116.71801267107438,0.07692307692307693,False,Police-beat representative point; not exact collision location
2024,828,12,26,8,0,0,33.161666874567715,-116.56655399259245,0.0,False,Police-beat representative point; not exact collision location
2024,829,1,5,3,0,0,33.03237928300737,-116.64394532399695,0.0,False,Police-beat representative point; not exact collision location
2024,831,61,151,31,0,0,33.09266461258565,-116.70240144470779,0.0,True,Police-beat representative point; not exact collision location
2024,832,63,156,36,0,0,33.07539925544093,-116.6052377489849,0.0,True,Police-beat representative point; not exact collision location
2024,833,44,107,15,1,0,32.92600127248982,-116.74717314242025,0.06666666666666667,False,Police-beat representative point; not exact collision location
2024,834,61,134,25,0,0,32.968833167875026,-116.57150084330075,0.0,False,Police-beat representative point; not exact collision location
2024,835,21,50,14,1,0,32.97695935736729,-116.54247377392124,0.07142857142857142,False,Police-beat representative point; not exact collision location
2024,836,32,99,18,2,1,32.973992625535146,-116.51467538268406,0.1111111111111111,False,Police-beat representative point; not exact collision location
2024,837,20,52,17,2,1,32.724376080510794,-117.1086256590632,0.11764705882352941,False,Police-beat representative point; not exact collision location
2024,838,50,128,32,0,0,32.75206244852271,-117.11659179402932,0.0,True,Police-beat representative point; not exact collision location
2024,839,20,48,13,1,0,32.743506326674634,-117.11462286707754,0.07692307692307693,False,Police-beat representative point; not exact collision location
2024,841,15,36,7,0,0,33.2656976505115,-116.17118308305773,0.0,False,Police-beat representative point; not exact collision location
2024,931,78,172,56,7,2,32.89512014912518,-117.19382843269258,0.125,True,Police-beat representative point; not exact collision location
2024,932,10,16,6,2,0,32.920274611200256,-117.24808516611526,0.3333333333333333,False,Police-beat representative point; not exact collision location
2024,933,15,30,9,0,0,32.955217133425855,-117.25020174535538,0.0,False,Police-beat representative point; not exact collision location
2024,934,96,191,74,1,0,32.937283051376355,-117.20530507023517,0.013513513513513514,True,Police-beat representative point; not exact collision location
2024,935,32,73,29,1,0,32.97265838878731,-117.21436342450443,0.034482758620689655,False,Police-beat representative point; not exact collision location
2024,936,13,23,8,0,0,32.963308316764014,-117.15873147780599,0.0,False,Police-beat representative point; not exact collision location
2024,937,34,63,27,1,1,32.999781625715784,-117.14550256158267,0.037037037037037035,False,Police-beat representative point; not exact collision location
2024,999,4,11,3,0,0,,,0.0,False,Police-beat representative point; not exact collision location
2025,1,1,4,1,0,0,32.70059250922437,-117.19677121171156,0.0,False,Police-beat representative point; not exact collision location
2025,111,104,238,63,6,2,32.81770454015894,-117.1705278025942,0.09523809523809523,True,Police-beat representative point; not exact collision location
2025,112,44,86,19,2,1,32.81047946026704,-117.18769143599107,0.10526315789473684,False,Police-beat representative point; not exact collision location
2025,113,36,74,21,1,0,32.82444992896318,-117.21864400105085,0.047619047619047616,False,Police-beat representative point; not exact collision location
2025,114,76,172,52,3,0,32.829658103655376,-117.20426920911271,0.057692307692307696,True,Police-beat representative point; not exact collision location
2025,115,189,413,145,6,1,32.86966313233439,-117.21197916564599,0.041379310344827586,True,Police-beat representative point; not exact collision location
2025,116,58,130,26,3,2,32.7908774997026,-117.19770197666779,0.11538461538461539,False,Police-beat representative point; not exact collision location
2025,121,49,124,15,1,0,32.77481165227195,-117.25178198162368,0.06666666666666667,False,Police-beat representative point; not exact collision location
2025,122,313,721,209,17,3,32.80138866666046,-117.23577882171637,0.08133971291866028,True,Police-beat representative point; not exact collision location
2025,123,122,278,93,8,2,32.777830070383246,-117.22767002450135,0.08602150537634409,True,Police-beat representative point; not exact collision location
2025,124,200,423,114,8,2,32.83885413538784,-117.25836882736988,0.07017543859649122,True,Police-beat representative point; not exact collision location
2025,126,35,74,23,0,0,32.892381430965,-117.24032813563096,0.0,False,Police-beat representative point; not exact collision location
2025,200,1,3,0,0,0,,,,False,Police-beat representative point; not exact collision location
2025,23,1,3,1,0,0,32.614106773444405,-117.04147427020918,0.0,False,Police-beat representative point; not exact collision location
2025,231,28,61,30,2,2,32.9507045521999,-117.0940264562798,0.06666666666666667,True,Police-beat representative point; not exact collision location
2025,232,70,143,49,0,0,32.98105952053426,-117.07570836367637,0.0,True,Police-beat representative point; not exact collision location
2025,233,95,216,70,1,1,32.96218052996461,-117.12299174891572,0.014285714285714285,True,Police-beat representative point; not exact collision location
2025,234,95,209,71,3,0,33.033630033425176,-117.07040835691859,0.04225352112676056,True,Police-beat representative point; not exact collision location
2025,235,33,64,27,1,1,33.082709341795365,-116.99513841518677,0.037037037037037035,False,Police-beat representative point; not exact collision location
2025,241,42,76,22,0,0,32.88634531749301,-117.0564648801472,0.0,False,Police-beat representative point; not exact collision location
2025,242,189,447,127,6,1,32.91947899976272,-117.1426172010863,0.047244094488188976,True,Police-beat representative point; not exact collision location
2025,243,91,204,80,3,1,32.870391979565866,-117.15308981578755,0.0375,True,Police-beat representative point; not exact collision location
2025,245,3,7,5,0,0,32.93204297477473,-117.00772967955226,0.0,False,Police-beat representative point; not exact collision location
2025,246,25,57,25,3,1,32.93141133761594,-117.08976111807016,0.12,False,Police-beat representative point; not exact collision location
2025,311,75,167,45,0,0,32.792844777392105,-117.13085133944696,0.0,True,Police-beat representative point; not exact collision location
2025,312,36,83,30,0,0,32.83444136883477,-117.08256786059422,0.0,True,Police-beat representative point; not exact collision location
2025,313,239,514,159,8,1,32.83054722226561,-117.14278671565819,0.050314465408805034,True,Police-beat representative point; not exact collision location
2025,314,36,81,16,1,1,33.18737517952651,-117.23066947053908,0.0625,False,Police-beat representative point; not exact collision location
2025,315,165,352,92,9,2,32.773422052363586,-117.14213316310999,0.09782608695652174,True,Police-beat representative point; not exact collision location
2025,316,1,2,0,0,0,32.78292199901396,-117.11924623673008,,False,Police-beat representative point; not exact collision location
2025,321,89,193,58,1,0,32.7956980896065,-117.09979247672425,0.017241379310344827,True,Police-beat representative point; not exact collision location
2025,322,35,78,23,0,0,32.79664845581645,-117.07993976055249,0.0,False,Police-beat representative point; not exact collision location
2025,323,17,37,10,0,0,32.78719487543675,-117.06457435877357,0.0,False,Police-beat representative point; not exact collision location
2025,324,40,84,31,3,1,32.818671851023076,-117.03047373719554,0.0967741935483871,True,Police-beat representative point; not exact collision location
2025,325,16,32,12,1,1,32.8031127689942,-117.0507809366459,0.08333333333333333,False,Police-beat representative point; not exact collision location
2025,326,50,105,32,4,0,33.21520407905139,-117.158853043931,0.125,True,Police-beat representative point; not exact collision location
2025,327,46,109,39,2,0,32.77187444242221,-117.0584304876291,0.05128205128205128,True,Police-beat representative point; not exact collision location
2025,418,1,1,0,0,0,33.02556941409287,-117.1433616868907,,False,Police-beat representative point; not exact collision location
2025,431,26,54,12,2,0,33.068726208608545,-116.84503457088576,0.16666666666666666,False,Police-beat representative point; not exact collision location
2025,432,54,144,44,3,0,33.07521573004986,-116.7893009897486,0.06818181818181818,True,Police-beat representative point; not exact collision location
2025,433,50,120,37,3,1,33.01885171507661,-116.97490241410009,0.08108108108108109,True,Police-beat representative point; not exact collision location
2025,434,29,68,16,1,0,33.02079779583591,-116.93927795692584,0.0625,False,Police-beat representative point; not exact collision location
2025,435,4,6,1,0,0,33.0244194806951,-116.88034977660124,0.0,False,Police-beat representative point; not exact collision location
2025,436,38,78,30,0,0,33.03875431313823,-116.83634997698923,0.0,True,Police-beat representative point; not exact collision location
2025,437,74,192,57,2,0,33.034426253998184,-116.76383218676057,0.03508771929824561,True,Police-beat representative point; not exact collision location
2025,438,37,89,22,1,0,32.964962072509046,-116.93198165582515,0.045454545454545456,False,Police-beat representative point; not exact collision location
2025,439,4,9,2,0,0,32.97521387218142,-116.90067834867656,0.0,False,Police-beat representative point; not exact collision location
2025,441,88,205,54,4,0,32.69889849972856,-117.10769763142628,0.07407407407407407,True,Police-beat representative point; not exact collision location
2025,442,33,71,16,0,0,32.989441787119915,-116.75926712183384,0.0,False,Police-beat representative point; not exact collision location
2025,443,20,50,14,0,0,32.96526740900654,-116.7621984178671,0.0,False,Police-beat representative point; not exact collision location
2025,444,50,128,33,2,1,33.12355440646557,-116.85268610311729,0.06060606060606061,True,Police-beat representative point; not exact collision location
2025,445,28,65,23,2,0,33.08358611664043,-116.77307253626101,0.08695652173913043,False,Police-beat representative point; not exact collision location
2025,446,77,186,58,4,0,32.69913772804682,-117.08992016000654,0.06896551724137931,True,Police-beat representative point; not exact collision location
2025,447,45,99,35,0,0,32.727380344558014,-117.09407870897448,0.0,True,Police-beat representative point; not exact collision location
2025,451,74,178,56,1,0,32.73177907125266,-117.07498111047565,0.017857142857142856,True,Police-beat representative point; not exact collision location
2025,452,16,39,12,0,0,32.70231816405372,-117.0621023335037,0.0,False,Police-beat representative point; not exact collision location
2025,511,80,187,59,2,0,32.6923534985372,-117.13284733903458,0.03389830508474576,True,Police-beat representative point; not exact collision location
2025,512,101,259,66,3,0,32.699800986596294,-117.13052814317592,0.045454545454545456,True,Police-beat representative point; not exact collision location
2025,514,34,78,23,1,0,32.842704320208426,-116.97648996726558,0.043478260869565216,False,Police-beat representative point; not exact collision location
2025,515,23,51,12,0,0,32.845674806706285,-116.96352948421804,0.0,False,Police-beat representative point; not exact collision location
2025,516,37,92,24,3,1,32.82696488216109,-117.01406118593331,0.125,False,Police-beat representative point; not exact collision location
2025,517,48,113,26,2,0,32.71632203758088,-117.13433778552573,0.07692307692307693,False,Police-beat representative point; not exact collision location
2025,518,12,28,8,0,0,32.83248265911578,-116.99224126939387,0.0,False,Police-beat representative point; not exact collision location
2025,521,189,429,112,2,1,32.90328552933019,-116.95068831877407,0.017857142857142856,True,Police-beat representative point; not exact collision location
2025,522,33,75,17,1,0,32.92186076942686,-116.89993698061527,0.058823529411764705,False,Police-beat representative point; not exact collision location
2025,523,54,119,23,0,0,32.95617399388699,-116.8361320030119,0.0,False,Police-beat representative point; not exact collision location
2025,524,163,348,87,2,0,32.89382936706996,-116.85701579124563,0.022988505747126436,True,Police-beat representative point; not exact collision location
2025,525,13,29,6,0,0,32.879951936980746,-116.93973829827166,0.0,False,Police-beat representative point; not exact collision location
2025,526,43,94,32,0,0,32.72152809229162,-117.15666960759938,0.0,True,Police-beat representative point; not exact collision location
2025,527,19,40,13,1,0,32.86352947495234,-116.93136247772748,0.07692307692307693,False,Police-beat representative point; not exact collision location
2025,528,40,88,17,0,0,32.86415703284928,-116.91022290750075,0.0,False,Police-beat representative point; not exact collision location
2025,529,77,188,61,5,1,32.84017041201663,-116.93920835327967,0.08196721311475409,True,Police-beat representative point; not exact collision location
2025,531,65,143,42,3,1,32.84321580839031,-116.90016213002147,0.07142857142857142,True,Police-beat representative point; not exact collision location
2025,541,12,33,10,0,0,32.9291747187676,-116.77443218034055,0.0,False,Police-beat representative point; not exact collision location
2025,611,225,502,163,19,2,32.74087129851641,-117.20029111792292,0.1165644171779141,True,Police-beat representative point; not exact collision location
2025,612,42,106,36,2,0,32.772107860227166,-116.96843105192859,0.05555555555555555,True,Police-beat representative point; not exact collision location
2025,613,78,175,49,3,1,32.77374071883966,-116.94185098320088,0.061224489795918366,True,Police-beat representative point; not exact collision location
2025,614,166,405,89,2,1,32.74620175051584,-117.2480835727332,0.02247191011235955,True,Police-beat representative point; not exact collision location
2025,615,42,90,29,2,0,32.75527723592303,-116.97723684721086,0.06896551724137931,False,Police-beat representative point; not exact collision location
2025,616,5,12,4,1,0,32.752628141220626,-116.94692878514448,0.25,False,Police-beat representative point; not exact collision location
2025,617,13,27,7,1,0,32.75249442181715,-116.91730098864045,0.14285714285714285,False,Police-beat representative point; not exact collision location
2025,618,10,19,5,1,0,32.76328831123388,-116.86528797307204,0.2,False,Police-beat representative point; not exact collision location
2025,621,105,235,69,3,0,32.78474350011991,-117.17350386676355,0.043478260869565216,True,Police-beat representative point; not exact collision location
2025,622,47,109,28,2,1,32.77053271608819,-117.1930381983357,0.07142857142857142,False,Police-beat representative point; not exact collision location
2025,623,55,95,28,2,0,32.764147409640195,-117.17795146796615,0.07142857142857142,False,Police-beat representative point; not exact collision location
2025,624,99,228,65,2,0,32.72581659624629,-116.95774643171607,0.03076923076923077,True,Police-beat representative point; not exact collision location
2025,625,33,66,16,1,0,32.71166795495702,-116.92295457345952,0.0625,False,Police-beat representative point; not exact collision location
2025,626,33,63,17,2,1,32.719860513153876,-116.86898081471712,0.11764705882352941,False,Police-beat representative point; not exact collision location
2025,627,196,431,99,1,0,32.7006865484599,-116.81568469167085,0.010101010101010102,True,Police-beat representative point; not exact collision location
2025,628,36,81,21,1,1,32.72528832037109,-117.00586281519546,0.047619047619047616,False,Police-beat representative point; not exact collision location
2025,702,1,2,1,0,0,32.58640729053293,-117.11183119021804,0.0,False,Police-beat representative point; not exact collision location
2025,711,5,8,4,0,0,32.54811512377198,-117.08682754599928,0.0,False,Police-beat representative point; not exact collision location
2025,712,92,203,53,4,2,32.555674316681994,-117.04801204711242,0.07547169811320754,True,Police-beat representative point; not exact collision location
2025,713,64,131,36,4,0,32.564553838907365,-116.98788827590417,0.1111111111111111,True,Police-beat representative point; not exact collision location
2025,714,8,17,1,0,0,32.54451595061849,-117.03039487125258,0.0,False,Police-beat representative point; not exact collision location
2025,721,81,195,64,1,0,32.58281392644402,-117.09825832771111,0.015625,True,Police-beat representative point; not exact collision location
2025,722,65,152,44,2,0,32.66711452591835,-117.00913888789105,0.045454545454545456,True,Police-beat representative point; not exact collision location
2025,723,100,233,75,1,1,32.57840310808878,-117.05675680465119,0.013333333333333334,True,Police-beat representative point; not exact collision location
2025,724,35,83,21,1,0,32.658852893134195,-116.91503007193131,0.047619047619047616,False,Police-beat representative point; not exact collision location
2025,725,47,110,30,2,0,32.579466998319205,-117.01896798018487,0.06666666666666667,True,Police-beat representative point; not exact collision location
2025,811,40,95,26,0,0,33.28874302390258,-116.89331559684965,0.0,False,Police-beat representative point; not exact collision location
2025,812,3,7,1,0,0,33.21204047910238,-117.05224848023076,0.0,False,Police-beat representative point; not exact collision location
2025,813,194,422,99,2,0,33.256640818090105,-117.00146499740242,0.020202020202020204,True,Police-beat representative point; not exact collision location
2025,814,16,39,5,0,0,33.26344978308218,-116.94514831328809,0.0,False,Police-beat representative point; not exact collision location
2025,821,79,177,49,2,1,33.26397631835824,-116.82746789804872,0.04081632653061224,True,Police-beat representative point; not exact collision location
2025,822,81,182,49,5,1,33.31983921529675,-116.64556173889338,0.10204081632653061,True,Police-beat representative point; not exact collision location
2025,823,29,69,13,0,0,33.28929194546852,-116.54504232398082,0.0,False,Police-beat representative point; not exact collision location
2025,824,85,198,60,3,0,33.19173535658806,-116.84455296904608,0.05,True,Police-beat representative point; not exact collision location
2025,825,60,132,40,1,1,33.084010908673356,-116.75174244288297,0.025,True,Police-beat representative point; not exact collision location
2025,826,75,165,41,1,1,33.191680768548515,-116.75401223889719,0.024390243902439025,True,Police-beat representative point; not exact collision location
2025,827,27,64,12,0,0,33.16683113642124,-116.71801267107438,0.0,False,Police-beat representative point; not exact collision location
2025,828,18,45,6,0,0,33.161666874567715,-116.56655399259245,0.0,False,Police-beat representative point; not exact collision location
2025,831,57,131,27,1,0,33.09266461258565,-116.70240144470779,0.037037037037037035,False,Police-beat representative point; not exact collision location
2025,832,56,144,38,2,1,33.07539925544093,-116.6052377489849,0.05263157894736842,True,Police-beat representative point; not exact collision location
2025,833,49,113,23,1,0,32.92600127248982,-116.74717314242025,0.043478260869565216,False,Police-beat representative point; not exact collision location
2025,834,51,124,28,1,0,32.968833167875026,-116.57150084330075,0.03571428571428571,False,Police-beat representative point; not exact collision location
2025,835,24,61,20,1,0,32.97695935736729,-116.54247377392124,0.05,False,Police-beat representative point; not exact collision location
2025,836,25,72,19,1,1,32.973992625535146,-116.51467538268406,0.05263157894736842,False,Police-beat representative point; not exact collision location
2025,837,20,49,20,0,0,32.724376080510794,-117.1086256590632,0.0,False,Police-beat representative point; not exact collision location
2025,838,46,113,20,3,1,32.75206244852271,-117.11659179402932,0.15,False,Police-beat representative point; not exact collision location
2025,839,23,53,5,0,0,32.743506326674634,-117.11462286707754,0.0,False,Police-beat representative point; not exact collision location
2025,841,14,30,8,0,0,33.2656976505115,-116.17118308305773,0.0,False,Police-beat representative point; not exact collision location
2025,931,63,138,61,3,0,32.89512014912518,-117.19382843269258,0.04918032786885246,True,Police-beat representative point; not exact collision location
2025,932,7,20,6,0,0,32.920274611200256,-117.24808516611526,0.0,False,Police-beat representative point; not exact collision location
2025,933,28,70,22,1,0,32.955217133425855,-117.25020174535538,0.045454545454545456,False,Police-beat representative point; not exact collision location
2025,934,113,223,78,2,1,32.937283051376355,-117.20530507023517,0.02564102564102564,True,Police-beat representative point; not exact collision location
2025,935,33,67,27,0,0,32.97265838878731,-117.21436342450443,0.0,False,Police-beat representative point; not exact collision location
2025,936,8,15,5,0,0,32.963308316764014,-117.15873147780599,0.0,False,Police-beat representative point; not exact collision location
2025,937,31,73,36,2,0,32.999781625715784,-117.14550256158267,0.05555555555555555,True,Police-beat representative point; not exact collision location
2025,999,2,6,1,0,0,,,0.0,False,Police-beat representative point; not exact collision location
